670992,I did a special act of ????? ?? ???-Honoring your mother and father. Write your special act.
670999,I did Kapparos (anytime before ??? ?????)
671006,I fasted part of the day
671013,I learned something about the ??? ???''?
671020,I helped prepare for ??? ???
671027,I shook ???? and ?????
671039,"I davened my ?????, ????, & ??? quotas "
671159,I went to ??? and davened my ????? and ???? quotas nicely
861627,I helped prepare for ??? ???
861628,"I reminded all the girls in my family to give ???? and light candles using their own candlesticks, and in their ??? clothing"
861629,I said Tehillim before Maariv
861630,I went to Shul and davened Maariv nicely
861631,"I wished someone ""Leshona Tova Tikoseiv Visaichosaim"""
861632,"I said ""Yehi Ratzon"" and ate an apple dipped in honey"
861633,I tasted a pomegranate
861634,"I ate from the head of a ram, sheep,or fish"
861635,I went to Shul and davened Shacharis nicely
861636,I followed Krias Hatorah inside
861637,I heard 130 Tekiyos
861638,I went under a ???? for Duchening
861639,"I helped prepare, serve, or cleanup by any meal"
861640,I said a ??? ???? during any meal
861641,I sang a niggun during the meal
861642,I said extra Tehillim on Yom Tov
861643,I went to a body of water and said Tashlich
861644,I davened Mincha and Maariv 
861645,I ate a new fruit for the Brocha Shehecheyanu
861646,I went to Shul and davened Shacharis nicely
861647,I followed Krias Hatorah inside
861648,I heard 100 Tekiyos without speaking between them about things that dont have to do with davening + the extra 30
861649,I went under a ???? for Duchening
861650,"I helped setup, serve, or clean up by any meal"
861651,I sang a niggun during the meal
861652,I said a ??? ???? during any meal
861653,I said extra Tehillim on Yom Tov
861654,I went to Shul and davened Mincha and Maariv nicely
861655,I went to a Farbrengen on Shabbos and sang the Rebbaims Niggunim
861656,I fasted part of the day
861657,I gave extra Tzedakah on this day
861658,I followed Krias Hatorah and Haftorah inside
861659,I said my Selichos quota
861660,I davened Mincha with Aneinu (if fasting)
861661,I listened to a ??? ????-? Sicha 
861662,I helped prepare for ??? ???
861663,"I reminded all the girls in my family to give ???? and light candles using their own candlesticks, and in their ??? clothing"
861664,I said Tehillim before Maariv
861665,I went to Shul and davened Maariv nicely
861666,"I wished someone ""Leshona Tova Tikoseiv Visaichosaim"""
861667,"I said ""Yehi Ratzon"" and ate an apple dipped in honey"
861668,I tasted a pomegranate
861669,"I ate from the head of a ram, sheep,or fish"
861670,I went to Shul and davened Shacharis nicely
861671,I followed Krias Hatorah inside
861672,I heard 130 Tekiyos
861673,I went under a ???? for Duchening
861674,"I helped prepare, serve, or cleanup by any meal"
861675,I said a ??? ???? during any meal
861676,I sang a niggun during the meal
861677,I said extra Tehillim on Yom Tov
861678,I went to a body of water and said Tashlich
861679,I davened Mincha and Maariv
861680,I ate a new fruit for the Brocha Shehecheyanu
861681,I went to Shul and davened Shacharis nicely
861682,I followed Krias Hatorah inside
861683,I heard 130 Tekiyos
861684,I went under a ???? for Duchening
861685,"I helped setup, serve, or clean up by any meal"
861686,I sang a niggun during the meal
861687,I said a ??? ???? during any meal
861688,I said extra Tehillim on Yom Tov
861689,I went to Shul and davened Mincha and Maariv nicely
861690,I went to a Farbrengen on Shabbos and sang the Rebbaims Niggunim
861691,I fasted part of the day
861692,I gave extra Tzedakah on this day
861693,I followed Krias Hatorah and Haftorah inside
861694,I said my Selichos quota
861695,I davened Mincha with Aneinu (if fasting)
861696,I listened to a ??? ????-? Sicha 
861697,I listened quietly during Tekiyos
861698,I listened quietly during Tekiyos
861699,I helped prepare for ??? ???
861700,"I reminded all the girls in my family to give ???? and light candles using their own candlesticks, and in their ??? clothing"
861703,"I wished someone ""Leshona Tova Tikoseiv Visaichosaim"""
861704,"I said ""Yehi Ratzon"" and ate an apple dipped in honey"
861705,I tasted a pomegranate
861706,"I ate from the head of a ram, sheep,or fish"
861707,I went to Shul and davened Shacharis nicely
861709,I listened quietly during Tekiyos
861710,I heard 130 Tekiyos
861711,I went under a ???? for Duchening
861712,"I helped prepare, serve, or cleanup by any meal"
861713,I said a ??? ???? during any meal
861714,I sang a niggun during the meal
861716,I went to a body of water and said Tashlich
861718,I ate a new fruit for the Brocha Shehecheyanu
861719,I went to Shul and davened Shacharis nicely
861721,I listened quietly during Tekiyos
861722,I heard 130 Tekiyos
861723,I went under a ???? for Duchening
861724,"I helped setup, serve, or clean up by any meal"
861725,I sang a niggun during the meal
861726,I said a ??? ???? during any meal
861727,I said extra Tehillim on Yom Tov
861729,I went to a Farbrengen on Shabbos and sang the Rebbaims Niggunim
861731,I gave extra Tzedakah on this day
861736,I helped prepare for ??? ???
861737,I gave ???? & lit candles using my own candlesticks and in my ??? clothing
861738,"I wished someone ""Leshona Tova Tikoseiv Visaichosaim"""
861739,"I said ""Yehi Ratzon"" and ate an apple dipped in honey"
861740,I tasted a pomegranate
861741,"I ate from the head of a ram, sheep,or fish"
861742,I went to Shul and davened Shacharis nicely
861743,I listened quietly during Tekiyos
861744,I heard 130 Tekiyos
861745,I listen to Birchas Kohanim
861746,"I helped prepare, serve, or cleanup by any meal"
861747,I said a ??? ???? during any meal
861748,I sang a niggun
861749,I went to a body of water and said Tashlich
861750,I ate a new fruit for the Brocha Shehecheyanu
861751,I went to Shul and davened Shacharis nicely
861752,I listened quietly during Tekiyos
861753,I heard 130 Tekiyos
861754,I listened to ???? ?????
861755,"I helped setup, serve, or clean up by any meal"
861756,I sang a niggun
861757,I said a ??? ???? during any meal
861758,I said extra Tehillim on Yom Tov
861759,I went to a Farbrengen on Shabbos and sang the Rebbaims Niggunim
861760,I gave extra Tzedakah on this day
861761,I davened my Maariv quota nicely
861762,I lit ??? candles using my OWN candlesticks and in my ??? clothing
861763,I helped prepare for ??? ???
861764,I gave ???? & lit candles using my own candlesticks and in my ??? clothing
861765,I said Tehillim before Maariv
861766,I davened Maariv nicely
861767,"I wished someone ""Leshona Tova Tikoseiv Visaichosaim"""
861768,"I said ""Yehi Ratzon"" and ate an apple dipped in honey"
861769,I tasted a pomegranate
861770,"I ate from the head of a ram, sheep,or fish"
861771,I went to Shul and davened Shacharis nicely
861772,I followed Krias Hatorah inside
861773,I listened quietly during Tekiyos
861774,I heard 130 Tekiyos
861775,I listened to ???? ?????
861776,"I helped prepare, serve, or cleanup by any meal"
861777,I said a ??? ???? during any meal
861778,I sang a niggun
861779,I said extra Tehillim on Yom Tov
861780,I went to a body of water and said Tashlich
861781,I davened Mincha and Maariv
861782,I ate a new fruit for the Brocha Shehecheyanu
861783,I went to Shul and davened Shacharis nicely
861784,I followed Krias Hatorah inside
861785,I listened quietly during Tekiyos
861786,I heard 130 Tekiyos
861787,I listened to ???? ?????
861788,"I helped setup, serve, or clean up by any meal"
861789,I sang a niggun
861790,I said a ??? ???? during any meal
861791,I said extra Tehillim on Yom Tov
861794,I fasted part of the day
861795,I gave extra Tzedakah on this day
861797,I said my Selichos quota
861798,I davened Mincha with Aneinu (if fasting)
861799,I listened to a ??? ????-? Sicha 
861800,I lit ??? candles using my OWN candlesticks and in my ??? clothing
861801,I helped prepare for ??? ???
861802,I gave ???? & lit candles using my own candlesticks and in my ??? clothing
861803,I said Tehillim before Maariv
861804,I davened Maariv nicely
861805,"I wished someone ""Leshona Tova Tikoseiv Visaichosaim"""
861806,"I said ""Yehi Ratzon"" and ate an apple dipped in honey"
861807,I tasted a pomegranate
861808,"I ate from the head of a ram, sheep,or fish"
861809,I went to Shul and davened Shacharis nicely
861810,I followed Krias Hatorah inside
861811,I heard 130 Tekiyos
861812,I listened to ???? ?????
861813,"I helped prepare, serve, or cleanup by any meal"
861814,I said a ??? ???? during any meal
861815,I sang a niggun
861816,I said extra Tehillim on Yom Tov
861817,I went to a body of water and said Tashlich
861818,I davened Mincha and Maariv
861819,I ate a new fruit for the Brocha Shehecheyanu
861820,I went to Shul and davened Shacharis nicely
861821,I followed Krias Hatorah inside
861822,I heard 100 Tekiyos without speaking between them about things that dont have to do with davening + the extra 30
861823,I listened to ???? ?????
861824,"I helped setup, serve, or clean up by any meal"
861825,I sang a niggun
861826,I said a ??? ???? during any meal
861827,I said extra Tehillim on Yom Tov
861828,I davened Mincha nicely
861830,I fasted part of the day
861831,I gave extra Tzedakah on this day
861833,I said my Selichos quota
861834,I davened Mincha with Aneinu (if fasting)
861835,I listened to a ??? ????-? Sicha 
861836,I lit ??? candles using my OWN candlesticks and in my ??? clothing
861837,I helped prepare for ??? ???
861838,"I reminded all the girls in my family to give ???? and light candles using their own candlesticks, and in their ??? clothing"
861839,I said Tehillim before Maariv
861840,I went to Shul and davened Maariv nicely
861841,"I wished someone ""Leshona Tova Tikoseiv Visaichosaim"""
861842,"I said ""Yehi Ratzon"" and ate an apple dipped in honey"
861843,I tasted a pomegranate
861844,"I ate from the head of a ram, sheep,or fish"
861845,I went to Shul and davened Shacharis nicely
861846,I followed Krias Hatorah inside
861847,I heard 100 Tekiyos
861848,I went under a ???? for Duchening
861849,"I helped prepare, serve, or cleanup by any meal"
861850,I said a ??? ???? during any meal
861852,I said extra Tehillim on Yom Tov
861853,I went to a body of water and said Tashlich
861854,I davened Mincha and Maariv
861855,I ate a new fruit for the Brocha Shehecheyanu
861856,I went to Shul and davened Shacharis nicely
861857,I followed Krias Hatorah inside
861858,I heard 100 Tekiyos without speaking between them about things that dont have to do with davening + the extra 30
861859,I went under a ???? for Duchening
861860,"I helped setup, serve, or clean up by any meal"
861862,I said a ??? ???? during any meal
861863,I said extra Tehillim on Yom Tov
861864,I went to Shul and davened Mincha and Maariv nicely
861865,I went to a shiur on shabbos
861866,I fasted part of the day
861867,I gave extra Tzedakah on this day
861868,I followed Krias Hatorah and Haftorah inside
861869,I said my Selichos quota
861870,I davened Mincha with Aneinu (if fasting)
861872,I listened quietly during Tekiyos
861873,I listened quietly during Tekiyos
861874,I helped prepare for ??? ???
861875,"I reminded all the girls in my family to give ???? and light candles using their own candlesticks, and in their ??? clothing"
861878,"I wished someone ""Leshona Tova Tikoseiv Visaichosaim"""
861879,"I said ""Yehi Ratzon"" and ate an apple dipped in honey"
861880,I tasted a pomegranate
861881,"I ate from the head of a ram, sheep,or fish"
861882,I went to Shul and davened Shacharis nicely
861884,I listened quietly during Tekiyos
861885,I heard 100 Tekiyos
861886,I went under a ???? for Duchening
861887,"I helped prepare, serve, or cleanup by any meal"
861888,I said a ??? ???? during any meal
861890,I went to a body of water and said Tashlich
861892,I ate a new fruit for the Brocha Shehecheyanu
861893,I went to Shul and davened Shacharis nicely
861895,I listened quietly during Tekiyos
861896,I heard 100 Tekiyos without speaking between them about things that dont have to do with davening + the extra 30
861897,I went under a ???? for Duchening
861898,"I helped setup, serve, or clean up by any meal"
861899,I said a ??? ???? during any meal
861900,I said extra Tehillim on Yom Tov
861902,I went to a shiur on shabbos
861904,I gave extra Tzedakah on this day
861908,I helped prepare for ??? ???
861909,"I reminded all the girls in my family to give ???? and light candles using their own candlesticks, and in their ??? clothing"
861912,"I wished someone ""Leshona Tova Tikoseiv Visaichosaim"""
861913,"I said ""Yehi Ratzon"" and ate an apple dipped in honey"
861914,I tasted a pomegranate
861915,"I ate from the head of a ram, sheep,or fish"
861916,I went to Shul and davened Shacharis nicely
861918,I listened quietly during Tekiyos
861919,I heard 100 Tekiyos
861920,I went under a ???? for Duchening
861921,"I helped prepare, serve, or cleanup by any meal"
861922,I said a ??? ???? during any meal
861924,I went to a body of water and said Tashlich
861926,I ate a new fruit for the Brocha Shehecheyanu
861927,I went to Shul and davened Shacharis nicely
861929,I listened quietly during Tekiyos
861930,I heard 100 Tekiyos without speaking between them about things that dont have to do with davening + the extra 30
861931,I went under a ???? for Duchening
861932,"I helped setup, serve, or clean up by any meal"
861933,I said a ??? ???? during any meal
861934,I said extra Tehillim on Yom Tov
861936,I went to a shiur on shabbos
861938,I gave extra Tzedakah on this day
861942,I helped prepare for ??? ???
861943,I gave ???? & lit candles using my own candlesticks and in my ??? clothing
861944,I said Tehillim before Maariv
861945,I went to Shul and davened Maariv nicely
861946,"I wished someone ""Leshona Tova Tikoseiv Visaichosaim"""
861947,"I said ""Yehi Ratzon"" and ate an apple dipped in honey"
861948,I tasted a pomegranate
861949,"I ate from the head of a ram, sheep,or fish"
861950,I went to Shul and davened Shacharis nicely
861951,I followed Krias Hatorah inside
861952,I heard 100 Tekiyos
861953,I listened to ???? ?????
861954,"I helped prepare, serve, or cleanup by any meal"
861955,I said a ??? ???? during any meal
861957,I said extra Tehillim on Yom Tov
861958,I went to a body of water and said Tashlich
861959,I davened Mincha and Maariv
861960,I lit ??? candles using my OWN candlesticks and in my ??? clothing
861961,I ate a new fruit for the Brocha Shehecheyanu
861962,I went to Shul and davened Shacharis nicely
861963,I followed Krias Hatorah inside
861964,I heard 100 Tekiyos without speaking between them about things that dont have to do with davening + the extra 30
861965,I listened to ???? ?????
861966,"I helped setup, serve, or clean up by any meal"
861968,I said a ??? ???? during any meal
861969,I said extra Tehillim on Yom Tov
861970,I davened Mincha nicely
861971,I fasted part of the day
861972,I gave extra Tzedakah on this day
861973,I said my Selichos quota
861974,I davened Mincha with Aneinu (if fasting)
861976,I helped prepare for ??? ???
861977,I gave ???? & lit candles using my own candlesticks and in my ??? clothing
861979,I davened Maariv nicely
861980,"I wished someone ""Leshona Tova Tikoseiv Visaichosaim"""
861981,"I said ""Yehi Ratzon"" and ate an apple dipped in honey"
861982,I tasted a pomegranate
861983,"I ate from the head of a ram, sheep,or fish"
861984,I went to Shul and davened Shacharis nicely
861986,I heard 100 Tekiyos
861987,I listened to ???? ?????
861988,"I helped prepare, serve, or cleanup by any meal"
861989,I said a ??? ???? during any meal
861992,I went to a body of water and said Tashlich
861994,I lit ??? candles using my OWN candlesticks and in my ??? clothing
861995,I ate a new fruit for the Brocha Shehecheyanu
861996,I went to Shul and davened Shacharis nicely
861998,I heard 100 Tekiyos
861999,I listened to ???? ?????
862000,"I helped setup, serve, or clean up by any meal"
862002,I said a ??? ???? during any meal
862003,I said extra Tehillim on Yom Tov
862004,I went to a shiur on shabbos
862006,I gave extra Tzedakah on this day
862010,I helped prepare for ??? ???
862011,I gave ???? & lit candles using my own candlesticks and in my ??? clothing
862013,I davened Maariv nicely
862014,"I wished someone ""Leshona Tova Tikoseiv Visaichosaim"""
862015,"I said ""Yehi Ratzon"" and ate an apple dipped in honey"
862016,I tasted a pomegranate
862017,"I ate from the head of a ram, sheep,or fish"
862018,I went to Shul and davened Shacharis nicely
862019,I listened quietly during Tekiyos
862020,I heard 100 Tekiyos
862021,I listened to ???? ?????
862022,"I helped prepare, serve, or cleanup by any meal"
862023,I said a ??? ???? during any meal
862026,I went to a body of water and said Tashlich
862028,I lit ??? candles using my OWN candlesticks and in my ??? clothing
862029,I ate a new fruit for the Brocha Shehecheyanu
862030,I went to Shul and davened Shacharis nicely
862031,I listened quietly during Tekiyos
862032,I heard 100 Tekiyos
862033,I listened to ???? ?????
862034,"I helped setup, serve, or clean up by any meal"
862036,I said a ??? ???? during any meal
862037,I said extra Tehillim on Yom Tov
862038,I went to a shiur on shabbos
862040,I gave extra Tzedakah on this day
862044,I listened quietly during Tekiyos
862045,I listened quietly during Tekiyos
862046,I followed Krias Hatorah and Haftorah inside
862047,I listened quietly during Tekiyos
862048,I listened quietly during Tekiyos
862049,I helped prepare for ??? ???
862050,"I reminded all the girls in my family to give ???? and light candles using their own candlesticks, and in their ??? clothing"
862051,I said Tehillim before Maariv
862052,I went to Shul and davened Maariv nicely
862053,"I wished someone ""Leshona Tova Tikoseiv Visaichosaim"""
862054,"I said ""Yehi Ratzon"" and ate an apple dipped in honey"
862055,I tasted a pomegranate
862056,"I ate from the head of a ram, sheep,or fish"
862057,I went to Shul and davened Shacharis nicely
862058,I followed Krias Hatorah inside
862059,I listened quietly during Tekiyos
862060,I heard 130 Tekiyos
862061,I went under a ???? for Duchening
862062,"I helped prepare, serve, or cleanup by any meal"
862063,I said a ??? ???? during any meal
862064,I sang a niggun during the meal
862065,I said extra Tehillim on Yom Tov
862066,I went to a body of water and said Tashlich
862067,I davened Mincha and Maariv
862068,I ate a new fruit for the Brocha Shehecheyanu
862069,I went to Shul and davened Shacharis nicely
862070,I followed Krias Hatorah inside
862071,I listened quietly during Tekiyos
862072,I heard 130 Tekiyos
862073,I went under a ???? for Duchening
862074,"I helped setup, serve, or clean up by any meal"
862075,I sang a niggun during the meal
862076,I said a ??? ???? during any meal
862077,I said extra Tehillim on Yom Tov
862078,I went to Shul and davened Mincha and Maariv nicely
862079,I went to a Farbrengen on Shabbos and sang the Rebbaims Niggunim
862080,I fasted part of the day
862081,I gave extra Tzedakah on this day
862082,I followed Krias Hatorah and Haftorah inside
862083,I said my Selichos quota
862084,I davened Mincha with Aneinu (if fasting)
862085,I listened to a ??? ????-? Sicha 
862086,I helped prepare for ??? ???
862087,"I reminded all the girls in my family to give ???? and light candles using their own candlesticks, and in their ??? clothing"
862088,"I wished someone ""Leshona Tova Tikoseiv Visaichosaim"""
862089,"I said ""Yehi Ratzon"" and ate an apple dipped in honey"
862090,I tasted a pomegranate
862091,"I ate from the head of a ram, sheep,or fish"
862092,I went to Shul and davened Shacharis nicely
862093,I listened quietly during Tekiyos
862094,I heard 130 Tekiyos
862095,I went under a ???? for Duchening
862096,"I helped prepare, serve, or cleanup by any meal"
862097,I said a ??? ???? during any meal
862098,I sang a niggun during the meal
862099,I went to a body of water and said Tashlich
862100,I ate a new fruit for the Brocha Shehecheyanu
862101,I went to Shul and davened Shacharis nicely
862102,I listened quietly during Tekiyos
862103,I heard 130 Tekiyos
862104,I went under a ???? for Duchening
862105,"I helped setup, serve, or clean up by any meal"
862106,I sang a niggun during the meal
862107,I said a ??? ???? during any meal
862108,I said extra Tehillim on Yom Tov
862109,I went to a Farbrengen on Shabbos and sang the Rebbaims Niggunim
862110,I gave extra Tzedakah on this day
862111,I helped prepare for ??? ???
862112,"I reminded all the girls in my family to give ???? and light candles using their own candlesticks, and in their ??? clothing"
862113,"I wished someone ""Leshona Tova Tikoseiv Visaichosaim"""
862114,"I said ""Yehi Ratzon"" and ate an apple dipped in honey"
862115,I tasted a pomegranate
862116,"I ate from the head of a ram, sheep,or fish"
862117,I went to Shul and davened Shacharis nicely
862118,I listened quietly during Tekiyos
862119,I heard 130 Tekiyos
862120,I went under a ???? for Duchening
862121,"I helped prepare, serve, or cleanup by any meal"
862122,I said a ??? ???? during any meal
862123,I sang a niggun during the meal
862124,I went to a body of water and said Tashlich
862125,I ate a new fruit for the Brocha Shehecheyanu
862126,I went to Shul and davened Shacharis nicely
862127,I listened quietly during Tekiyos
862128,I heard 130 Tekiyos
862129,I went under a ???? for Duchening
862130,"I helped setup, serve, or clean up by any meal"
862131,I sang a niggun during the meal
862132,I said a ??? ???? during any meal
862133,I said extra Tehillim on Yom Tov
862134,I went to a Farbrengen on Shabbos and sang the Rebbaims Niggunim
862135,I gave extra Tzedakah on this day
862136,I helped prepare for ??? ???
862137,"I reminded all the girls in my family to give ???? and light candles using their own candlesticks, and in their ??? clothing"
862138,"I wished someone ""Leshona Tova Tikoseiv Visaichosaim"""
862139,"I said ""Yehi Ratzon"" and ate an apple dipped in honey"
862140,I tasted a pomegranate
862141,"I ate from the head of a ram, sheep,or fish"
862142,I went to Shul and davened Shacharis nicely
862143,I listened quietly during Tekiyos
862144,I heard 130 Tekiyos
862145,I went under a ???? for Duchening
862146,"I helped prepare, serve, or cleanup by any meal"
862147,I said a ??? ???? during any meal
862148,I sang a niggun during the meal
862149,I went to a body of water and said Tashlich
862150,I ate a new fruit for the Brocha Shehecheyanu
862151,I went to Shul and davened Shacharis nicely
862152,I listened quietly during Tekiyos
862153,I heard 130 Tekiyos
862154,I went under a ???? for Duchening
862155,"I helped setup, serve, or clean up by any meal"
862156,I sang a niggun during the meal
862157,I said a ??? ???? during any meal
862158,I said extra Tehillim on Yom Tov
862159,I went to a Farbrengen on Shabbos and sang the Rebbaims Niggunim
862160,I gave extra Tzedakah on this day
862161,I helped prepare for ??? ???
862162,"I reminded all the girls in my family to give ???? and light candles using their own candlesticks, and in their ??? clothing"
862163,"I wished someone ""Leshona Tova Tikoseiv Visaichosaim"""
862164,"I said ""Yehi Ratzon"" and ate an apple dipped in honey"
862165,I tasted a pomegranate
862166,"I ate from the head of a ram, sheep,or fish"
862167,I went to Shul and davened Shacharis nicely
862168,I listened quietly during Tekiyos
862169,I heard 130 Tekiyos
862170,I went under a ???? for Duchening
862171,"I helped prepare, serve, or cleanup by any meal"
862172,I said a ??? ???? during any meal
862173,I sang a niggun during the meal
862174,I went to a body of water and said Tashlich
862175,I ate a new fruit for the Brocha Shehecheyanu
862176,I went to Shul and davened Shacharis nicely
862177,I listened quietly during Tekiyos
862178,I heard 130 Tekiyos
862179,I went under a ???? for Duchening
862180,"I helped setup, serve, or clean up by any meal"
862181,I sang a niggun during the meal
862182,I said a ??? ???? during any meal
862183,I said extra Tehillim on Yom Tov
862184,I went to a Farbrengen on Shabbos and sang the Rebbaims Niggunim
862185,I gave extra Tzedakah on this day
862186,I helped prepare for ??? ???
862187,"I reminded all the girls in my family to give ???? and light candles using their own candlesticks, and in their ??? clothing"
862188,"I wished someone ""Leshona Tova Tikoseiv Visaichosaim"""
862189,"I said ""Yehi Ratzon"" and ate an apple dipped in honey"
862190,I tasted a pomegranate
862191,"I ate from the head of a ram, sheep,or fish"
862192,I went to Shul and davened Shacharis nicely
862193,I listened quietly during Tekiyos
862194,I heard 130 Tekiyos
862195,I went under a ???? for Duchening
862196,"I helped prepare, serve, or cleanup by any meal"
862197,I said a ??? ???? during any meal
862198,I sang a niggun during the meal
862199,I went to a body of water and said Tashlich
862200,I ate a new fruit for the Brocha Shehecheyanu
862201,I went to Shul and davened Shacharis nicely
862202,I listened quietly during Tekiyos
862203,I heard 130 Tekiyos
862204,I went under a ???? for Duchening
862205,"I helped setup, serve, or clean up by any meal"
862206,I sang a niggun during the meal
862207,I said a ??? ???? during any meal
862208,I said extra Tehillim on Yom Tov
862209,I went to a Farbrengen on Shabbos and sang the Rebbaims Niggunim
862210,I gave extra Tzedakah on this day
862211,I helped prepare for ??? ???
862212,"I reminded all the girls in my family to give ???? and light candles using their own candlesticks, and in their ??? clothing"
862213,"I wished someone ""Leshona Tova Tikoseiv Visaichosaim"""
862214,"I said ""Yehi Ratzon"" and ate an apple dipped in honey"
862215,I tasted a pomegranate
862216,"I ate from the head of a ram, sheep,or fish"
862217,I went to Shul and davened Shacharis nicely
862218,I listened quietly during Tekiyos
862219,I heard 130 Tekiyos
862220,I went under a ???? for Duchening
862221,"I helped prepare, serve, or cleanup by any meal"
862222,I said a ??? ???? during any meal
862223,I sang a niggun during the meal
862224,I went to a body of water and said Tashlich
862225,I ate a new fruit for the Brocha Shehecheyanu
862226,I went to Shul and davened Shacharis nicely
862227,I listened quietly during Tekiyos
862228,I heard 130 Tekiyos
862229,I went under a ???? for Duchening
862230,"I helped setup, serve, or clean up by any meal"
862231,I sang a niggun during the meal
862232,I said a ??? ???? during any meal
862233,I said extra Tehillim on Yom Tov
862234,I went to a Farbrengen on Shabbos and sang the Rebbaims Niggunim
862235,I gave extra Tzedakah on this day
862236,I helped prepare for ??? ???
862237,"I reminded all the girls in my family to give ???? and light candles using their own candlesticks, and in their ??? clothing"
862238,"I wished someone ""Leshona Tova Tikoseiv Visaichosaim"""
862239,"I said ""Yehi Ratzon"" and ate an apple dipped in honey"
862240,I tasted a pomegranate
862241,"I ate from the head of a ram, sheep,or fish"
862242,I went to Shul and davened Shacharis nicely
862243,I listened quietly during Tekiyos
862244,I heard 130 Tekiyos
862245,I went under a ???? for Duchening
862246,"I helped prepare, serve, or cleanup by any meal"
862247,I said a ??? ???? during any meal
862248,I sang a niggun during the meal
862249,I went to a body of water and said Tashlich
862250,I ate a new fruit for the Brocha Shehecheyanu
862251,I went to Shul and davened Shacharis nicely
862252,I listened quietly during Tekiyos
862253,I heard 130 Tekiyos
862254,I went under a ???? for Duchening
862255,"I helped setup, serve, or clean up by any meal"
862256,I sang a niggun during the meal
862257,I said a ??? ???? during any meal
862258,I said extra Tehillim on Yom Tov
862259,I went to a Farbrengen on Shabbos and sang the Rebbaims Niggunim
862260,I gave extra Tzedakah on this day
862261,I helped prepare for ??? ???
862262,"I reminded all the girls in my family to give ???? and light candles using their own candlesticks, and in their ??? clothing"
862263,"I wished someone ""Leshona Tova Tikoseiv Visaichosaim"""
862264,"I said ""Yehi Ratzon"" and ate an apple dipped in honey"
862265,I tasted a pomegranate
862266,"I ate from the head of a ram, sheep,or fish"
862267,I went to Shul and davened Shacharis nicely
862268,I listened quietly during Tekiyos
862269,I heard 130 Tekiyos
862270,I went under a ???? for Duchening
862271,"I helped prepare, serve, or cleanup by any meal"
862272,I said a ??? ???? during any meal
862273,I sang a niggun during the meal
862274,I went to a body of water and said Tashlich
862275,I ate a new fruit for the Brocha Shehecheyanu
862276,I went to Shul and davened Shacharis nicely
862277,I listened quietly during Tekiyos
862278,I heard 130 Tekiyos
862279,I went under a ???? for Duchening
862280,"I helped setup, serve, or clean up by any meal"
862281,I sang a niggun during the meal
862282,I said a ??? ???? during any meal
862283,I said extra Tehillim on Yom Tov
862284,I went to a Farbrengen on Shabbos and sang the Rebbaims Niggunim
862285,I gave extra Tzedakah on this day
862286,I helped prepare for ??? ???
862287,"I reminded all the girls in my family to give ???? and light candles using their own candlesticks, and in their ??? clothing"
862288,"I wished someone ""Leshona Tova Tikoseiv Visaichosaim"""
862289,"I said ""Yehi Ratzon"" and ate an apple dipped in honey"
862290,I tasted a pomegranate
862291,"I ate from the head of a ram, sheep,or fish"
862292,I went to Shul and davened Shacharis nicely
862293,I listened quietly during Tekiyos
862294,I heard 130 Tekiyos
862295,I went under a ???? for Duchening
862296,"I helped prepare, serve, or cleanup by any meal"
862297,I said a ??? ???? during any meal
862298,I sang a niggun during the meal
862299,I went to a body of water and said Tashlich
862300,I ate a new fruit for the Brocha Shehecheyanu
862301,I went to Shul and davened Shacharis nicely
862302,I listened quietly during Tekiyos
862303,I heard 130 Tekiyos
862304,I went under a ???? for Duchening
862305,"I helped setup, serve, or clean up by any meal"
862306,I sang a niggun during the meal
862307,I said a ??? ???? during any meal
862308,I said extra Tehillim on Yom Tov
862309,I went to a Farbrengen on Shabbos and sang the Rebbaims Niggunim
862310,I gave extra Tzedakah on this day
862311,I helped prepare for ??? ???
862312,"I reminded all the girls in my family to give ???? and light candles using their own candlesticks, and in their ??? clothing"
862313,I said Tehillim before Maariv
862314,I went to Shul and davened Maariv nicely
862315,"I wished someone ""Leshona Tova Tikoseiv Visaichosaim"""
862316,"I said ""Yehi Ratzon"" and ate an apple dipped in honey"
862317,I tasted a pomegranate
862318,"I ate from the head of a ram, sheep,or fish"
862319,I went to Shul and davened Shacharis nicely
862320,I followed Krias Hatorah inside
862321,I listened quietly during Tekiyos
862322,I heard 130 Tekiyos
862323,I went under a ???? for Duchening
862324,"I helped prepare, serve, or cleanup by any meal"
862325,I said a ??? ???? during any meal
862326,I sang a niggun during the meal
862327,I said extra Tehillim on Yom Tov
862328,I went to a body of water and said Tashlich
862329,I davened Mincha and Maariv
862330,I ate a new fruit for the Brocha Shehecheyanu
862331,I went to Shul and davened Shacharis nicely
862332,I followed Krias Hatorah inside
862333,I listened quietly during Tekiyos
862334,I heard 130 Tekiyos
862335,I went under a ???? for Duchening
862336,"I helped setup, serve, or clean up by any meal"
862337,I sang a niggun during the meal
862338,I said a ??? ???? during any meal
862339,I said extra Tehillim on Yom Tov
862340,I went to Shul and davened Mincha and Maariv nicely
862341,I went to a Farbrengen on Shabbos and sang the Rebbaims Niggunim
862342,I fasted part of the day
862343,I gave extra Tzedakah on this day
862344,I followed Krias Hatorah and Haftorah inside
862345,I said my Selichos quota
862346,I davened Mincha with Aneinu (if fasting)
862347,I listened to a ??? ????-? Sicha 
862348,I helped prepare for ??? ???
862349,"I reminded all the girls in my family to give ???? and light candles using their own candlesticks, and in their ??? clothing"
862350,I said Tehillim before Maariv
862351,I went to Shul and davened Maariv nicely
862352,"I wished someone ""Leshona Tova Tikoseiv Visaichosaim"""
862353,"I said ""Yehi Ratzon"" and ate an apple dipped in honey"
862354,I tasted a pomegranate
862355,"I ate from the head of a ram, sheep,or fish"
862356,I went to Shul and davened Shacharis nicely
862357,I followed Krias Hatorah inside
862358,I listened quietly during Tekiyos
862359,I heard 130 Tekiyos
862360,I went under a ???? for Duchening
862361,"I helped prepare, serve, or cleanup by any meal"
862362,I said a ??? ???? during any meal
862363,I sang a niggun during the meal
862364,I said extra Tehillim on Yom Tov
862365,I went to a body of water and said Tashlich
862366,I davened Mincha and Maariv
862367,I ate a new fruit for the Brocha Shehecheyanu
862368,I went to Shul and davened Shacharis nicely
862369,I followed Krias Hatorah inside
862370,I listened quietly during Tekiyos
862371,I heard 130 Tekiyos
862372,I went under a ???? for Duchening
862373,"I helped setup, serve, or clean up by any meal"
862374,I sang a niggun during the meal
862375,I said a ??? ???? during any meal
862376,I said extra Tehillim on Yom Tov
862377,I went to Shul and davened Mincha and Maariv nicely
862378,I went to a Farbrengen on Shabbos and sang the Rebbaims Niggunim
862379,I fasted part of the day
862380,I gave extra Tzedakah on this day
862381,I followed Krias Hatorah and Haftorah inside
862382,I said my Selichos quota
862383,I davened Mincha with Aneinu (if fasting)
862384,I listened to a ??? ????-? Sicha 
862385,I helped prepare for ??? ???
862386,"I reminded all the girls in my family to give ???? and light candles using their own candlesticks, and in their ??? clothing"
862387,I said Tehillim before Maariv
862388,I went to Shul and davened Maariv nicely
862389,"I wished someone ""Leshona Tova Tikoseiv Visaichosaim"""
862390,"I said ""Yehi Ratzon"" and ate an apple dipped in honey"
862391,I tasted a pomegranate
862392,"I ate from the head of a ram, sheep,or fish"
862393,I went to Shul and davened Shacharis nicely
862394,I followed Krias Hatorah inside
862395,I listened quietly during Tekiyos
862396,I heard 130 Tekiyos
862397,I went under a ???? for Duchening
862398,"I helped prepare, serve, or cleanup by any meal"
862399,I said a ??? ???? during any meal
862400,I sang a niggun during the meal
862401,I said extra Tehillim on Yom Tov
862402,I went to a body of water and said Tashlich
862403,I davened Mincha and Maariv
862404,I ate a new fruit for the Brocha Shehecheyanu
862405,I went to Shul and davened Shacharis nicely
862406,I followed Krias Hatorah inside
862407,I listened quietly during Tekiyos
862408,I heard 130 Tekiyos
862409,I went under a ???? for Duchening
862410,"I helped setup, serve, or clean up by any meal"
862411,I sang a niggun during the meal
862412,I said a ??? ???? during any meal
862413,I said extra Tehillim on Yom Tov
862414,I went to Shul and davened Mincha and Maariv nicely
862415,I went to a Farbrengen on Shabbos and sang the Rebbaims Niggunim
862416,I fasted part of the day
862417,I gave extra Tzedakah on this day
862418,I followed Krias Hatorah and Haftorah inside
862419,I said my Selichos quota
862420,I davened Mincha with Aneinu (if fasting)
862421,I listened to a ??? ????-? Sicha 
862422,I helped prepare for ??? ???
862423,"I reminded all the girls in my family to give ???? and light candles using their own candlesticks, and in their ??? clothing"
862424,I said Tehillim before Maariv
862425,I went to Shul and davened Maariv nicely
862426,"I wished someone ""Leshona TOva Tikoseiv Visaichosaim"""
862427,"I said ""Yehi Ratzon"" and ate an apple dipped in honey"
862428,I tasted a pomegranate
862429,"I ate from the head of a ram, sheep,or fish"
862430,I went to Shul and davened Shacharis nicely
862431,I followed Krias Hatorah inside
862432,I listened quietly during Tekiyos
862433,I heard 130 Tekiyos
862434,I went under a ???? for Duchening
862435,"I helped prepare, serve, or cleanup by any meal"
862436,I said a ??? ???? during any meal
862437,I sang a niggun during the meal
862438,I said extra Tehillim on Yom Tov
862439,I went to a body of water and said Tashlich
862440,I davened Mincha and Maariv
862441,I ate a new fruit for the Brocha Shehecheyanu
862442,I went to Shul and davened Shacharis nicely
862443,I followed Krias Hatorah inside
862444,I listened quietly during Tekiyos
862445,I heard 130 Tekiyos
862446,I went under a ???? for Duchening
862447,"I helped setup, serve, or clean up by any meal"
862448,I sang a niggun during the meal
862449,I said a ??? ???? during any meal
862450,I said extra Tehillim on Yom Tov
862451,I went to Shul and davened Mincha and Maariv nicely
862452,I went to a Farbrengen on Shabbos and sang the Rebbaims Niggunim
862453,I fasted part of the day
862454,I gave extra Tzedakah on this day
862455,I followed Krias Hatorah and Haftorah inside
862456,I said my Selichos quota
862457,I davened Mincha with Aneinu (if fasting)
862458,I listened to a ??? ????-? Sicha 
862459,I helped prepare for ??? ???
862460,"I reminded all the girls in my family to give ???? and light candles using their own candlesticks, and in their ??? clothing"
862461,I said Tehillim before Maariv
862462,I went to Shul and davened Maariv nicely
862463,"I wished someone ""Leshona Tova Tikoseiv Visaichosaim"""
862464,"I said ""Yehi Ratzon"" and ate an apple dipped in honey"
862465,I tasted a pomegranate
862466,"I ate from the head of a ram, sheep,or fish"
862467,I went to Shul and davened Shacharis nicely
862468,I followed Krias Hatorah inside
862469,I listened quietly during Tekiyos
862470,I heard 130 Tekiyos
862471,I went under a ???? for Duchening
862472,"I helped prepare, serve, or cleanup by any meal"
862473,I said a ??? ???? during any meal
862474,I sang a niggun during the meal
862475,I said extra Tehillim on Yom Tov
862476,I went to a body of water and said Tashlich
862477,I davened Mincha and Maariv
862478,I ate a new fruit for the Brocha Shehecheyanu
862479,I went to Shul and davened Shacharis nicely
862480,I followed Krias Hatorah inside
862481,I listened quietly during Tekiyos
862482,I heard 130 Tekiyos
862483,I went under a ???? for Duchening
862484,"I helped setup, serve, or clean up by any meal"
862485,I sang a niggun during the meal
862486,I said a ??? ???? during any meal
862487,I said extra Tehillim on Yom Tov
862488,I went to Shul and davened Mincha and Maariv nicely
862489,I went to a Farbrengen on Shabbos and sang the Rebbaims Niggunim
862490,I fasted part of the day
862491,I gave extra Tzedakah on this day
862492,I followed Krias Hatorah and Haftorah inside
862493,I said my Selichos quota
862494,I davened Mincha with Aneinu (if fasting)
862495,I listened to a ??? ????-? Sicha 
862496,I helped prepare for ??? ???
862497,"I reminded all the girls in my family to give ???? and light candles using their own candlesticks, and in their ??? clothing"
862498,I said Tehillim before Maariv
862499,I went to Shul and davened Maariv nicely
862500,"I wished someone ""Leshona Tova Tikoseiv Visaichosaim"""
862501,"I said ""Yehi Ratzon"" and ate an apple dipped in honey"
862502,I tasted a pomegranate
862503,"I ate from the head of a ram, sheep,or fish"
862504,I went to Shul and davened Shacharis nicely
862505,I followed Krias Hatorah inside
862506,I listened quietly during Tekiyos
862507,I heard 130 Tekiyos
862508,I went under a ???? for Duchening
862509,"I helped prepare, serve, or cleanup by any meal"
862510,I said a ??? ???? during any meal
862511,I sang a niggun during the meal
862512,I said extra Tehillim on Yom Tov
862513,I went to a body of water and said Tashlich
862514,I davened Mincha and Maariv
862515,I ate a new fruit for the Brocha Shehecheyanu
862516,I went to Shul and davened Shacharis nicely
862517,I followed Krias Hatorah inside
862518,I listened quietly during Tekiyos
862519,I heard 130 Tekiyos
862520,I went under a ???? for Duchening
862521,"I helped setup, serve, or clean up by any meal"
862522,I sang a niggun during the meal
862523,I said a ??? ???? during any meal
862524,I said extra Tehillim on Yom Tov
862525,I went to Shul and davened Mincha and Maariv nicely
862526,I went to a Farbrengen on Shabbos and sang the Rebbaims Niggunim
862527,I fasted part of the day
862528,I gave extra Tzedakah on this day
862529,I followed Krias Hatorah and Haftorah inside
862530,I said my Selichos quota
862531,I davened Mincha with Aneinu (if fasting)
862532,I listened to a ??? ????-? Sicha 
862533,I helped prepare for ??? ???
862534,"I reminded all the girls in my family to give ???? and light candles using their own candlesticks, and in their ??? clothing"
862535,I said Tehillim before Maariv
862536,I went to Shul and davened Maariv nicely
862537,"I wished someone ""Leshona Tova Tikoseiv Visaichosaim"""
862538,"I said ""Yehi Ratzon"" and ate an apple dipped in honey"
862539,I tasted a pomegranate
862540,"I ate from the head of a ram, sheep,or fish"
862541,I went to Shul and davened Shacharis nicely
862542,I followed Krias Hatorah inside
862543,I listened quietly during Tekiyos
862544,I heard 130 Tekiyos
862545,I went under a ???? for Duchening
862546,"I helped prepare, serve, or cleanup by any meal"
862547,I said a ??? ???? during any meal
862548,I sang a niggun during the meal
862549,I said extra Tehillim on Yom Tov
862550,I went to a body of water and said Tashlich
862551,I davened Mincha and Maariv
862552,I ate a new fruit for the Brocha Shehecheyanu
862553,I went to Shul and davened Shacharis nicely
862554,I followed Krias Hatorah inside
862555,I listened quietly during Tekiyos
862556,I heard 130 Tekiyos
862557,I went under a ???? for Duchening
862558,"I helped setup, serve, or clean up by any meal"
862559,I sang a niggun during the meal
862560,I said a ??? ???? during any meal
862561,I said extra Tehillim on Yom Tov
862562,I went to Shul and davened Mincha and Maariv nicely
862563,I went to a Farbrengen on Shabbos and sang the Rebbaims Niggunim
862564,I fasted part of the day
862565,I gave extra Tzedakah on this day
862566,I followed Krias Hatorah and Haftorah inside
862567,I said my Selichos quota
862568,I davened Mincha with Aneinu (if fasting)
862569,I listened to a ??? ????-? Sicha 
862570,I helped prepare for ??? ???
862571,"I reminded all the girls in my family to give ???? and light candles using their own candlesticks, and in their ??? clothing"
862572,I said Tehillim before Maariv
862573,I went to Shul and davened Maariv nicely
862574,"I wished someone ""Leshona Tova Tikoseiv Visaichosaim"""
862575,"I said ""Yehi Ratzon"" and ate an apple dipped in honey"
862576,I tasted a pomegranate
862577,"I ate from the head of a ram, sheep,or fish"
862578,I went to Shul and davened Shacharis nicely
862579,I followed Krias Hatorah inside
862580,I listened quietly during Tekiyos
862581,I heard 130 Tekiyos
862582,I went under a ???? for Duchening
862583,"I helped prepare, serve, or cleanup by any meal"
862584,I said a ??? ???? during any meal
862585,I sang a niggun during the meal
862586,I said extra Tehillim on Yom Tov
862587,I went to a body of water and said Tashlich
862588,I davened Mincha and Maariv
862589,I ate a new fruit for the Brocha Shehecheyanu
862590,I went to Shul and davened Shacharis nicely
862591,I followed Krias Hatorah inside
862592,I listened quietly during Tekiyos
862593,I heard 130 Tekiyos
862594,I went under a ???? for Duchening
862595,"I helped setup, serve, or clean up by any meal"
862596,I sang a niggun during the meal
862597,I said a ??? ???? during any meal
862598,I said extra Tehillim on Yom Tov
862599,I went to Shul and davened Mincha and Maariv nicely
862600,I went to a Farbrengen on Shabbos and sang the Rebbaims Niggunim
862601,I fasted part of the day
862602,I gave extra Tzedakah on this day
862603,I followed Krias Hatorah and Haftorah inside
862604,I said my Selichos quota
862605,I davened Mincha with Aneinu (if fasting)
862606,I listened to a ??? ????-? Sicha 
862607,I helped prepare for ??? ???
862608,"I reminded all the girls in my family to give ???? and light candles using their own candlesticks, and in their ??? clothing"
862609,I said Tehillim before Maariv
862610,I went to Shul and davened Maariv nicely
862611,"I wished someone ""Leshona Tova Tikoseiv Visaichosaim"""
862612,"I said ""Yehi Ratzon"" and ate an apple dipped in honey"
862613,I tasted a pomegranate
862614,"I ate from the head of a ram, sheep,or fish"
862615,I went to Shul and davened Shacharis nicely
862616,I followed Krias Hatorah inside
862617,I listened quietly during Tekiyos
862618,I heard 130 Tekiyos
862619,I went under a ???? for Duchening
862620,"I helped prepare, serve, or cleanup by any meal"
862621,I said a ??? ???? during any meal
862622,I sang a niggun during the meal
862623,I said extra Tehillim on Yom Tov
862624,I went to a body of water and said Tashlich
862625,I davened Mincha and Maariv
862626,I ate a new fruit for the Brocha Shehecheyanu
862627,I went to Shul and davened Shacharis nicely
862628,I followed Krias Hatorah inside
862629,I listened quietly during Tekiyos
862630,I heard 130 Tekiyos
862631,I went under a ???? for Duchening
862632,"I helped setup, serve, or clean up by any meal"
862633,I sang a niggun during the meal
862634,I said a ??? ???? during any meal
862635,I said extra Tehillim on Yom Tov
862636,I went to Shul and davened Mincha and Maariv nicely
862637,I went to a Farbrengen on Shabbos and sang the Rebbaims Niggunim
862638,I fasted part of the day
862639,I gave extra Tzedakah on this day
862640,I followed Krias Hatorah and Haftorah inside
862641,I said my Selichos quota
862642,I davened Mincha with Aneinu (if fasting)
862643,I listened to a ??? ????-? Sicha 
862644,I helped prepare for ??? ???
862645,"I reminded all the girls in my family to give ???? and light candles using their own candlesticks, and in their ??? clothing"
862646,I said Tehillim before Maariv
862647,I went to Shul and davened Maariv nicely
862648,"I wished someone ""Leshona Tova Tikoseiv Visaichosaim"""
862649,"I said ""Yehi Ratzon"" and ate an apple dipped in honey"
862650,I tasted a pomegranate
862651,"I ate from the head of a ram, sheep,or fish"
862652,I went to Shul and davened Shacharis nicely
862653,I followed Krias Hatorah inside
862654,I heard 130 Tekiyos
862655,I went under a ???? for Duchening
862656,"I helped prepare, serve, or cleanup by any meal"
862657,I said a ??? ???? during any meal
862658,I sang a niggun during the meal
862659,I said extra Tehillim on Yom Tov
862660,I went to a body of water and said Tashlich
862661,I davened Mincha and Maariv
862662,I ate a new fruit for the Brocha Shehecheyanu
862663,I went to Shul and davened Shacharis nicely
862664,I followed Krias Hatorah inside
862665,I heard 100 Tekiyos without speaking between them about things that dont have to do with davening + the extra 30
862666,I went under a ???? for Duchening
862667,"I helped setup, serve, or clean up by any meal"
862668,I sang a niggun during the meal
862669,I said a ??? ???? during any meal
862670,I said extra Tehillim on Yom Tov
862671,I went to Shul and davened Mincha and Maariv nicely
862672,I went to a Farbrengen on Shabbos and sang the Rebbaims Niggunim
862673,I fasted part of the day
862674,I gave extra Tzedakah on this day
862675,I followed Krias Hatorah and Haftorah inside
862676,I said my Selichos quota
862677,I davened Mincha with Aneinu (if fasting)
862678,I listened to a ??? ????-? Sicha 
862679,I helped prepare for ??? ???
862680,"I reminded all the girls in my family to give ???? and light candles using their own candlesticks, and in their ??? clothing"
862681,I said Tehillim before Maariv
862682,I went to Shul and davened Maariv nicely
862683,"I wished someone ""Leshona Tova Tikoseiv Visaichosaim"""
862684,"I said ""Yehi Ratzon"" and ate an apple dipped in honey"
862685,I tasted a pomegranate
862686,"I ate from the head of a ram, sheep,or fish"
862687,I went to Shul and davened Shacharis nicely
862688,I followed Krias Hatorah inside
862689,I heard 130 Tekiyos
862690,I went under a ???? for Duchening
862691,"I helped prepare, serve, or cleanup by any meal"
862692,I said a ??? ???? during any meal
862693,I sang a niggun during the meal
862694,I said extra Tehillim on Yom Tov
862695,I went to a body of water and said Tashlich
862696,I davened Mincha and Maariv
862697,I ate a new fruit for the Brocha Shehecheyanu
862698,I went to Shul and davened Shacharis nicely
862699,I followed Krias Hatorah inside
862700,I heard 100 Tekiyos without speaking between them about things that dont have to do with davening + the extra 30
862701,I went under a ???? for Duchening
862702,"I helped setup, serve, or clean up by any meal"
862703,I sang a niggun during the meal
862704,I said a ??? ???? during any meal
862705,I said extra Tehillim on Yom Tov
862706,I went to Shul and davened Mincha and Maariv nicely
862707,I went to a Farbrengen on Shabbos and sang the Rebbaims Niggunim
862708,I fasted part of the day
862709,I gave extra Tzedakah on this day
862710,I followed Krias Hatorah and Haftorah inside
862711,I said my Selichos quota
862712,I davened Mincha with Aneinu (if fasting)
862713,I listened to a ??? ????-? Sicha 
862714,I helped prepare for ??? ???
862715,"I reminded all the girls in my family to give ???? and light candles using their own candlesticks, and in their ??? clothing"
862716,I said Tehillim before Maariv
862717,I went to Shul and davened Maariv nicely
862718,"I wished someone ""Leshona Tova Tikoseiv Visaichosaim"""
862719,"I said ""Yehi Ratzon"" and ate an apple dipped in honey"
862720,I tasted a pomegranate
862721,"I ate from the head of a ram, sheep,or fish"
862722,I went to Shul and davened Shacharis nicely
862723,I followed Krias Hatorah inside
862724,I heard 130 Tekiyos
862725,I went under a ???? for Duchening
862726,"I helped prepare, serve, or cleanup by any meal"
862727,I said a ??? ???? during any meal
862728,I sang a niggun during the meal
862729,I said extra Tehillim on Yom Tov
862730,I went to a body of water and said Tashlich
862731,I davened Mincha and Maariv
862732,I ate a new fruit for the Brocha Shehecheyanu
862733,I went to Shul and davened Shacharis nicely
862734,I followed Krias Hatorah inside
862735,I heard 100 Tekiyos without speaking between them about things that dont have to do with davening + the extra 30
862736,I went under a ???? for Duchening
862737,"I helped setup, serve, or clean up by any meal"
862738,I sang a niggun during the meal
862739,I said a ??? ???? during any meal
862740,I said extra Tehillim on Yom Tov
862741,I went to Shul and davened Mincha and Maariv nicely
862742,I went to a Farbrengen on Shabbos and sang the Rebbaims Niggunim
862743,I fasted part of the day
862744,I gave extra Tzedakah on this day
862745,I followed Krias Hatorah and Haftorah inside
862746,I said my Selichos quota
862747,I davened Mincha with Aneinu (if fasting)
862748,I listened to a ??? ????-? Sicha 
862749,I helped prepare for ??? ???
862750,"I reminded all the girls in my family to give ???? and light candles using their own candlesticks, and in their ??? clothing"
862751,I said Tehillim before Maariv
862752,I went to Shul and davened Maariv nicely
862753,"I wished someone ""Leshona Tova Tikoseiv Visaichosaim"""
862754,"I said ""Yehi Ratzon"" and ate an apple dipped in honey"
862755,I tasted a pomegranate
862756,"I ate from the head of a ram, sheep,or fish"
862757,I went to Shul and davened Shacharis nicely
862758,I followed Krias Hatorah inside
862759,I heard 130 Tekiyos
862760,I went under a ???? for Duchening
862761,"I helped prepare, serve, or cleanup by any meal"
862762,I said a ??? ???? during any meal
862763,I sang a niggun during the meal
862764,I said extra Tehillim on Yom Tov
862765,I went to a body of water and said Tashlich
862766,I davened Mincha and Maariv
862767,I ate a new fruit for the Brocha Shehecheyanu
862768,I went to Shul and davened Shacharis nicely
862769,I followed Krias Hatorah inside
862770,I heard 100 Tekiyos without speaking between them about things that dont have to do with davening + the extra 30
862771,I went under a ???? for Duchening
862772,"I helped setup, serve, or clean up by any meal"
862773,I sang a niggun during the meal
862774,I said a ??? ???? during any meal
862775,I said extra Tehillim on Yom Tov
862776,I went to Shul and davened Mincha and Maariv nicely
862777,I went to a Farbrengen on Shabbos and sang the Rebbaims Niggunim
862778,I fasted part of the day
862779,I gave extra Tzedakah on this day
862780,I followed Krias Hatorah and Haftorah inside
862781,I said my Selichos quota
862782,I davened Mincha with Aneinu (if fasting)
862783,I listened to a ??? ????-? Sicha 
862784,I helped prepare for ??? ???
862785,"I reminded all the girls in my family to give ???? and light candles using their own candlesticks, and in their ??? clothing"
862786,I said Tehillim before Maariv
862787,I went to Shul and davened Maariv nicely
862788,"I wished someone ""Leshona Tova Tikoseiv Visaichosaim"""
862789,"I said ""Yehi Ratzon"" and ate an apple dipped in honey"
862790,I tasted a pomegranate
862791,"I ate from the head of a ram, sheep,or fish"
862792,I went to Shul and davened Shacharis nicely
862793,I followed Krias Hatorah inside
862794,I heard 130 Tekiyos
862795,I went under a ???? for Duchening
862796,"I helped prepare, serve, or cleanup by any meal"
862797,I said a ??? ???? during any meal
862798,I sang a niggun during the meal
862799,I said extra Tehillim on Yom Tov
862800,I went to a body of water and said Tashlich
862801,I davened Mincha and Maariv
862802,I ate a new fruit for the Brocha Shehecheyanu
862803,I went to Shul and davened Shacharis nicely
862804,I followed Krias Hatorah inside
862805,I heard 100 Tekiyos without speaking between them about things that dont have to do with davening + the extra 30
862806,I went under a ???? for Duchening
862807,"I helped setup, serve, or clean up by any meal"
862808,I sang a niggun during the meal
862809,I said a ??? ???? during any meal
862810,I said extra Tehillim on Yom Tov
862811,I went to Shul and davened Mincha and Maariv nicely
862812,I went to a Farbrengen on Shabbos and sang the Rebbaims Niggunim
862813,I fasted part of the day
862814,I gave extra Tzedakah on this day
862815,I followed Krias Hatorah and Haftorah inside
862816,I said my Selichos quota
862817,I davened Mincha with Aneinu (if fasting)
862818,I listened to a ??? ????-? Sicha 
862819,I helped prepare for ??? ???
862820,"I reminded all the girls in my family to give ???? and light candles using their own candlesticks, and in their ??? clothing"
862821,I said Tehillim before Maariv
862822,I went to Shul and davened Maariv nicely
862823,"I wished someone ""Leshona Tova Tikoseiv Visaichosaim"""
862824,"I said ""Yehi Ratzon"" and ate an apple dipped in honey"
862825,I tasted a pomegranate
862826,"I ate from the head of a ram, sheep,or fish"
862827,I went to Shul and davened Shacharis nicely
862828,I followed Krias Hatorah inside
862829,I heard 130 Tekiyos
862830,I went under a ???? for Duchening
862831,"I helped prepare, serve, or cleanup by any meal"
862832,I said a ??? ???? during any meal
862833,I sang a niggun during the meal
862834,I said extra Tehillim on Yom Tov
862835,I went to a body of water and said Tashlich
862836,I davened Mincha and Maariv
862837,I ate a new fruit for the Brocha Shehecheyanu
862838,I went to Shul and davened Shacharis nicely
862839,I followed Krias Hatorah inside
862840,I heard 100 Tekiyos without speaking between them about things that dont have to do with davening + the extra 30
862841,I went under a ???? for Duchening
862842,"I helped setup, serve, or clean up by any meal"
862843,I sang a niggun during the meal
862844,I said a ??? ???? during any meal
862845,I said extra Tehillim on Yom Tov
862846,I went to Shul and davened Mincha and Maariv nicely
862847,I went to a Farbrengen on Shabbos and sang the Rebbaims Niggunim
862848,I fasted part of the day
862849,I gave extra Tzedakah on this day
862850,I followed Krias Hatorah and Haftorah inside
862851,I said my Selichos quota
862852,I davened Mincha with Aneinu (if fasting)
862853,I listened to a ??? ????-? Sicha 
862854,I helped prepare for ??? ???
862855,"I reminded all the girls in my family to give ???? and light candles using their own candlesticks, and in their ??? clothing"
862856,I said Tehillim before Maariv
862857,I went to Shul and davened Maariv nicely
862858,"I wished someone ""Leshona Tova Tikoseiv Visaichosaim"""
862859,"I said ""Yehi Ratzon"" and ate an apple dipped in honey"
862860,I tasted a pomegranate
862861,"I ate from the head of a ram, sheep,or fish"
862862,I went to Shul and davened Shacharis nicely
862863,I followed Krias Hatorah inside
862864,I heard 130 Tekiyos
862865,I went under a ???? for Duchening
862866,"I helped prepare, serve, or cleanup by any meal"
862867,I said a ??? ???? during any meal
862868,I sang a niggun during the meal
862869,I said extra Tehillim on Yom Tov
862870,I went to a body of water and said Tashlich
862871,I davened Mincha and Maariv
862872,I ate a new fruit for the Brocha Shehecheyanu
862873,I went to Shul and davened Shacharis nicely
862874,I followed Krias Hatorah inside
862875,I heard 100 Tekiyos without speaking between them about things that dont have to do with davening + the extra 30
862876,I went under a ???? for Duchening
862877,"I helped setup, serve, or clean up by any meal"
862878,I sang a niggun during the meal
862879,I said a ??? ???? during any meal
862880,I said extra Tehillim on Yom Tov
862881,I went to Shul and davened Mincha and Maariv nicely
862882,I went to a Farbrengen on Shabbos and sang the Rebbaims Niggunim
862883,I fasted part of the day
862884,I gave extra Tzedakah on this day
862885,I followed Krias Hatorah and Haftorah inside
862886,I said my Selichos quota
862887,I davened Mincha with Aneinu (if fasting)
862888,I listened to a ??? ????-? Sicha 
862889,I helped prepare for ??? ???
862890,"I reminded all the girls in my family to give ???? and light candles using their own candlesticks, and in their ??? clothing"
862891,I said Tehillim before Maariv
862892,I went to Shul and davened Maariv nicely
862893,"I wished someone ""Leshona Tova Tikoseiv Visaichosaim"""
862894,"I said ""Yehi Ratzon"" and ate an apple dipped in honey"
862895,I tasted a pomegranate
862896,"I ate from the head of a ram, sheep,or fish"
862897,I went to Shul and davened Shacharis nicely
862898,I followed Krias Hatorah inside
862899,I heard 130 Tekiyos
862900,I went under a ???? for Duchening
862901,"I helped prepare, serve, or cleanup by any meal"
862902,I said a ??? ???? during any meal
862903,I sang a niggun during the meal
862904,I said extra Tehillim on Yom Tov
862905,I went to a body of water and said Tashlich
862906,I davened Mincha and Maariv
862907,I ate a new fruit for the Brocha Shehecheyanu
862908,I went to Shul and davened Shacharis nicely
862909,I followed Krias Hatorah inside
862910,I heard 100 Tekiyos without speaking between them about things that dont have to do with davening + the extra 30
862911,I went under a ???? for Duchening
862912,"I helped setup, serve, or clean up by any meal"
862913,I sang a niggun during the meal
862914,I said a ??? ???? during any meal
862915,I said extra Tehillim on Yom Tov
862916,I went to Shul and davened Mincha and Maariv nicely
862917,I went to a Farbrengen on Shabbos and sang the Rebbaims Niggunim
862918,I fasted part of the day
862919,I gave extra Tzedakah on this day
862920,I followed Krias Hatorah and Haftorah inside
862921,I said my Selichos quota
862922,I davened Mincha with Aneinu (if fasting)
862923,I listened to a ??? ????-? Sicha 
862924,I helped prepare for ??? ???
862925,"I reminded all the girls in my family to give ???? and light candles using their own candlesticks, and in their ??? clothing"
862926,I said Tehillim before Maariv
862927,I went to Shul and davened Maariv nicely
862928,"I wished someone ""Leshona Tova Tikoseiv Visaichosaim"""
862929,"I said ""Yehi Ratzon"" and ate an apple dipped in honey"
862930,I tasted a pomegranate
862931,"I ate from the head of a ram, sheep,or fish"
862932,I went to Shul and davened Shacharis nicely
862933,I followed Krias Hatorah inside
862934,I heard 130 Tekiyos
862935,I went under a ???? for Duchening
862936,"I helped prepare, serve, or cleanup by any meal"
862937,I said a ??? ???? during any meal
862938,I sang a niggun during the meal
862939,I said extra Tehillim on Yom Tov
862940,I went to a body of water and said Tashlich
862941,I davened Mincha and Maariv
862942,I ate a new fruit for the Brocha Shehecheyanu
862943,I went to Shul and davened Shacharis nicely
862944,I followed Krias Hatorah inside
862945,I heard 100 Tekiyos without speaking between them about things that dont have to do with davening + the extra 30
862946,I went under a ???? for Duchening
862947,"I helped setup, serve, or clean up by any meal"
862948,I sang a niggun during the meal
862949,I said a ??? ???? during any meal
862950,I said extra Tehillim on Yom Tov
862951,I went to Shul and davened Mincha and Maariv nicely
862952,I went to a Farbrengen on Shabbos and sang the Rebbaims Niggunim
862953,I fasted part of the day
862954,I gave extra Tzedakah on this day
862955,I followed Krias Hatorah and Haftorah inside
862956,I said my Selichos quota
862957,I davened Mincha with Aneinu (if fasting)
862958,I listened to a ??? ????-? Sicha 
862959,I helped prepare for ??? ???
862960,I gave ???? & lit candles using my own candlesticks and in my ??? clothing
862961,I davened my Maariv quota nicely
862962,"I wished someone ""Leshona Tova Tikoseiv Visaichosaim"""
862963,"I said ""Yehi Ratzon"" and ate an apple dipped in honey"
862964,I tasted a pomegranate
862965,"I ate from the head of a ram, sheep,or fish"
862966,I went to Shul and davened Shacharis nicely
862967,I listened quietly during Tekiyos
862968,I heard 130 Tekiyos
862969,I listen to Birchas Kohanim
862970,"I helped prepare, serve, or cleanup by any meal"
862971,I said a ??? ???? during any meal
862972,I sang a niggun
862973,I went to a body of water and said Tashlich
862974,I ate a new fruit for the Brocha Shehecheyanu
862975,I lit ??? candles using my OWN candlesticks and in my ??? clothing
862976,I went to Shul and davened Shacharis nicely
862977,I listened quietly during Tekiyos
862978,I heard 130 Tekiyos
862979,I listened to ???? ?????
862980,"I helped setup, serve, or clean up by any meal"
862981,I sang a niggun
862982,I said a ??? ???? during any meal
862983,I said extra Tehillim on Yom Tov
862984,I went to a Farbrengen on Shabbos and sang the Rebbaims Niggunim
862985,I gave extra Tzedakah on this day
862986,I helped prepare for ??? ???
862987,I gave ???? & lit candles using my own candlesticks and in my ??? clothing
862988,I davened my Maariv quota nicely
862989,"I wished someone ""Leshona Tova Tikoseiv Visaichosaim"""
862990,"I said ""Yehi Ratzon"" and ate an apple dipped in honey"
862991,I tasted a pomegranate
862992,"I ate from the head of a ram, sheep,or fish"
862993,I went to Shul and davened Shacharis nicely
862994,I listened quietly during Tekiyos
862995,I heard 130 Tekiyos
862996,I listen to Birchas Kohanim
862997,"I helped prepare, serve, or cleanup by any meal"
862998,I said a ??? ???? during any meal
862999,I sang a niggun
863000,I went to a body of water and said Tashlich
863001,I ate a new fruit for the Brocha Shehecheyanu
863002,I lit ??? candles using my OWN candlesticks and in my ??? clothing
863003,I went to Shul and davened Shacharis nicely
863004,I listened quietly during Tekiyos
863005,I heard 130 Tekiyos
863006,I listened to ???? ?????
863007,"I helped setup, serve, or clean up by any meal"
863008,I sang a niggun
863009,I said a ??? ???? during any meal
863010,I said extra Tehillim on Yom Tov
863011,I went to a Farbrengen on Shabbos and sang the Rebbaims Niggunim
863012,I gave extra Tzedakah on this day
863013,I helped prepare for ??? ???
863014,I gave ???? & lit candles using my own candlesticks and in my ??? clothing
863015,I davened my Maariv quota nicely
863016,"I wished someone ""Leshona Tova Tikoseiv Visaichosaim"""
863017,"I said ""Yehi Ratzon"" and ate an apple dipped in honey"
863018,I tasted a pomegranate
863019,"I ate from the head of a ram, sheep,or fish"
863020,I went to Shul and davened Shacharis nicely
863021,I listened quietly during Tekiyos
863022,I heard 130 Tekiyos
863023,I listen to Birchas Kohanim
863024,"I helped prepare, serve, or cleanup by any meal"
863025,I said a ??? ???? during any meal
863026,I sang a niggun
863027,I went to a body of water and said Tashlich
863028,I ate a new fruit for the Brocha Shehecheyanu
863029,I lit ??? candles using my OWN candlesticks and in my ??? clothing
863030,I went to Shul and davened Shacharis nicely
863031,I listened quietly during Tekiyos
863032,I heard 130 Tekiyos
863033,I listened to ???? ?????
863034,"I helped setup, serve, or clean up by any meal"
863035,I sang a niggun
863036,I said a ??? ???? during any meal
863037,I said extra Tehillim on Yom Tov
863038,I went to a Farbrengen on Shabbos and sang the Rebbaims Niggunim
863039,I gave extra Tzedakah on this day
863040,I helped prepare for ??? ???
863041,I gave ???? & lit candles using my own candlesticks and in my ??? clothing
863042,I davened my Maariv quota nicely
863043,"I wished someone ""Leshona Tova Tikoseiv Visaichosaim"""
863044,"I said ""Yehi Ratzon"" and ate an apple dipped in honey"
863045,I tasted a pomegranate
863046,"I ate from the head of a ram, sheep,or fish"
863047,I went to Shul and davened Shacharis nicely
863048,I listened quietly during Tekiyos
863049,I heard 130 Tekiyos
863050,I listen to Birchas Kohanim
863051,"I helped prepare, serve, or cleanup by any meal"
863052,I said a ??? ???? during any meal
863053,I sang a niggun
863054,I went to a body of water and said Tashlich
863055,I ate a new fruit for the Brocha Shehecheyanu
863056,I lit ??? candles using my OWN candlesticks and in my ??? clothing
863057,I went to Shul and davened Shacharis nicely
863058,I listened quietly during Tekiyos
863059,I heard 130 Tekiyos
863060,I listened to ???? ?????
863061,"I helped setup, serve, or clean up by any meal"
863062,I sang a niggun
863063,I said a ??? ???? during any meal
863064,I said extra Tehillim on Yom Tov
863065,I went to a Farbrengen on Shabbos and sang the Rebbaims Niggunim
863066,I gave extra Tzedakah on this day
863067,I helped prepare for ??? ???
863068,I gave ???? & lit candles using my own candlesticks and in my ??? clothing
863069,I davened my Maariv quota nicely
863070,"I wished someone ""Leshona Tova Tikoseiv Visaichosaim"""
863071,"I said ""Yehi Ratzon"" and ate an apple dipped in honey"
863072,I tasted a pomegranate
863073,"I ate from the head of a ram, sheep,or fish"
863074,I went to Shul and davened Shacharis nicely
863075,I listened quietly during Tekiyos
863076,I heard 130 Tekiyos
863077,I listen to Birchas Kohanim
863078,"I helped prepare, serve, or cleanup by any meal"
863079,I said a ??? ???? during any meal
863080,I sang a niggun
863081,I went to a body of water and said Tashlich
863082,I ate a new fruit for the Brocha Shehecheyanu
863083,I lit ??? candles using my OWN candlesticks and in my ??? clothing
863084,I went to Shul and davened Shacharis nicely
863085,I listened quietly during Tekiyos
863086,I heard 130 Tekiyos
863087,I listened to ???? ?????
863088,"I helped setup, serve, or clean up by any meal"
863089,I sang a niggun
863090,I said a ??? ???? during any meal
863091,I said extra Tehillim on Yom Tov
863092,I went to a Farbrengen on Shabbos and sang the Rebbaims Niggunim
863093,I gave extra Tzedakah on this day
863094,I helped prepare for ??? ???
863095,I gave ???? & lit candles using my own candlesticks and in my ??? clothing
863096,I davened my Maariv quota nicely
863097,"I wished someone ""Leshona Tova Tikoseiv Visaichosaim"""
863098,"I said ""Yehi Ratzon"" and ate an apple dipped in honey"
863099,I tasted a pomegranate
863100,"I ate from the head of a ram, sheep,or fish"
863101,I went to Shul and davened Shacharis nicely
863102,I listened quietly during Tekiyos
863103,I heard 130 Tekiyos
863104,I listen to Birchas Kohanim
863105,"I helped prepare, serve, or cleanup by any meal"
863106,I said a ??? ???? during any meal
863107,I sang a niggun
863108,I went to a body of water and said Tashlich
863109,I ate a new fruit for the Brocha Shehecheyanu
863110,I lit ??? candles using my OWN candlesticks and in my ??? clothing
863111,I went to Shul and davened Shacharis nicely
863112,I listened quietly during Tekiyos
863113,I heard 130 Tekiyos
863114,I listened to ???? ?????
863115,"I helped setup, serve, or clean up by any meal"
863116,I sang a niggun
863117,I said a ??? ???? during any meal
863118,I said extra Tehillim on Yom Tov
863119,I went to a Farbrengen on Shabbos and sang the Rebbaims Niggunim
863120,I gave extra Tzedakah on this day
863121,I helped prepare for ??? ???
863122,I gave ???? & lit candles using my own candlesticks and in my ??? clothing
863123,I davened my Maariv quota nicely
863124,"I wished someone ""Leshona Tova Tikoseiv Visaichosaim"""
863125,"I said ""Yehi Ratzon"" and ate an apple dipped in honey"
863126,I tasted a pomegranate
863127,"I ate from the head of a ram, sheep,or fish"
863128,I went to Shul and davened Shacharis nicely
863129,I listened quietly during Tekiyos
863130,I heard 130 Tekiyos
863131,I listen to Birchas Kohanim
863132,"I helped prepare, serve, or cleanup by any meal"
863133,I said a ??? ???? during any meal
863134,I sang a niggun
863135,I went to a body of water and said Tashlich
863136,I ate a new fruit for the Brocha Shehecheyanu
863137,I lit ??? candles using my OWN candlesticks and in my ??? clothing
863138,I went to Shul and davened Shacharis nicely
863139,I listened quietly during Tekiyos
863140,I heard 130 Tekiyos
863141,I listened to ???? ?????
863142,"I helped setup, serve, or clean up by any meal"
863143,I sang a niggun
863144,I said a ??? ???? during any meal
863145,I said extra Tehillim on Yom Tov
863146,I went to a Farbrengen on Shabbos and sang the Rebbaims Niggunim
863147,I gave extra Tzedakah on this day
863148,I helped prepare for ??? ???
863149,I gave ???? & lit candles using my own candlesticks and in my ??? clothing
863150,I davened my Maariv quota nicely
863151,"I wished someone ""Leshona Tova Tikoseiv Visaichosaim"""
863152,"I said ""Yehi Ratzon"" and ate an apple dipped in honey"
863153,I tasted a pomegranate
863154,"I ate from the head of a ram, sheep,or fish"
863155,I went to Shul and davened Shacharis nicely
863156,I listened quietly during Tekiyos
863157,I heard 130 Tekiyos
863158,I listen to Birchas Kohanim
863159,"I helped prepare, serve, or cleanup by any meal"
863160,I said a ??? ???? during any meal
863161,I sang a niggun
863162,I went to a body of water and said Tashlich
863163,I ate a new fruit for the Brocha Shehecheyanu
863164,I lit ??? candles using my OWN candlesticks and in my ??? clothing
863165,I went to Shul and davened Shacharis nicely
863166,I listened quietly during Tekiyos
863167,I heard 130 Tekiyos
863168,I listened to ???? ?????
863169,"I helped setup, serve, or clean up by any meal"
863170,I sang a niggun
863171,I said a ??? ???? during any meal
863172,I said extra Tehillim on Yom Tov
863173,I went to a Farbrengen on Shabbos and sang the Rebbaims Niggunim
863174,I gave extra Tzedakah on this day
863175,I helped prepare for ??? ???
863176,I gave ???? & lit candles using my own candlesticks and in my ??? clothing
863177,I davened my Maariv quota nicely
863178,"I wished someone ""Leshona Tova Tikoseiv Visaichosaim"""
863179,"I said ""Yehi Ratzon"" and ate an apple dipped in honey"
863180,I tasted a pomegranate
863181,"I ate from the head of a ram, sheep,or fish"
863182,I went to Shul and davened Shacharis nicely
863183,I listened quietly during Tekiyos
863184,I heard 130 Tekiyos
863185,I listen to Birchas Kohanim
863186,"I helped prepare, serve, or cleanup by any meal"
863187,I said a ??? ???? during any meal
863188,I sang a niggun
863189,I went to a body of water and said Tashlich
863190,I ate a new fruit for the Brocha Shehecheyanu
863191,I lit ??? candles using my OWN candlesticks and in my ??? clothing
863192,I went to Shul and davened Shacharis nicely
863193,I listened quietly during Tekiyos
863194,I heard 130 Tekiyos
863195,I listened to ???? ?????
863196,"I helped setup, serve, or clean up by any meal"
863197,I sang a niggun
863198,I said a ??? ???? during any meal
863199,I said extra Tehillim on Yom Tov
863200,I went to a Farbrengen on Shabbos and sang the Rebbaims Niggunim
863201,I gave extra Tzedakah on this day
863202,I helped prepare for ??? ???
863203,I gave ???? & lit candles using my own candlesticks and in my ??? clothing
863204,I said Tehillim before Maariv
863205,I davened Maariv nicely
863206,"I wished someone ""Leshona Tova Tikoseiv Visaichosaim"""
863207,"I said ""Yehi Ratzon"" and ate an apple dipped in honey"
863208,I tasted a pomegranate
863209,"I ate from the head of a ram, sheep,or fish"
863210,I went to Shul and davened Shacharis nicely
863211,I followed Krias Hatorah inside
863212,I listened quietly during Tekiyos
863213,I heard 130 Tekiyos
863214,I listened to ???? ?????
863215,"I helped prepare, serve, or cleanup by any meal"
863216,I said a ??? ???? during any meal
863217,I sang a niggun
863218,I said extra Tehillim on Yom Tov
863219,I went to a body of water and said Tashlich
863220,I davened Mincha and Maariv
863221,I lit ??? candles using my OWN candlesticks and in my ??? clothing
863222,I ate a new fruit for the Brocha Shehecheyanu
863223,I went to Shul and davened Shacharis nicely
863224,I followed Krias Hatorah inside
863225,I listened quietly during Tekiyos
863226,I heard 130 Tekiyos
863227,I listened to ???? ?????
863228,"I helped setup, serve, or clean up by any meal"
863229,I sang a niggun
863230,I said a ??? ???? during any meal
863231,I said extra Tehillim on Yom Tov
863232,I fasted part of the day
863233,I gave extra Tzedakah on this day
863234,I said my Selichos quota
863235,I davened Mincha with Aneinu (if fasting)
863236,I listened to a ??? ????-? Sicha 
863237,I helped prepare for ??? ???
863238,I gave ???? & lit candles using my own candlesticks and in my ??? clothing
863239,I said Tehillim before Maariv
863240,I davened Maariv nicely
863241,"I wished someone ""Leshona Tova Tikoseiv Visaichosaim"""
863242,"I said ""Yehi Ratzon"" and ate an apple dipped in honey"
863243,I tasted a pomegranate
863244,"I ate from the head of a ram, sheep,or fish"
863245,I went to Shul and davened Shacharis nicely
863246,I followed Krias Hatorah inside
863247,I listened quietly during Tekiyos
863248,I heard 130 Tekiyos
863249,I listened to ???? ?????
863250,"I helped prepare, serve, or cleanup by any meal"
863251,I said a ??? ???? during any meal
863252,I sang a niggun
863253,I said extra Tehillim on Yom Tov
863254,I went to a body of water and said Tashlich
863255,I davened Mincha and Maariv
863256,I lit ??? candles using my OWN candlesticks and in my ??? clothing
863257,I ate a new fruit for the Brocha Shehecheyanu
863258,I went to Shul and davened Shacharis nicely
863259,I followed Krias Hatorah inside
863260,I listened quietly during Tekiyos
863261,I heard 130 Tekiyos
863262,I listened to ???? ?????
863263,"I helped setup, serve, or clean up by any meal"
863264,I sang a niggun
863265,I said a ??? ???? during any meal
863266,I said extra Tehillim on Yom Tov
863267,I fasted part of the day
863268,I gave extra Tzedakah on this day
863269,I said my Selichos quota
863270,I davened Mincha with Aneinu (if fasting)
863271,I listened to a ??? ????-? Sicha 
863272,I helped prepare for ??? ???
863273,I gave ???? & lit candles using my own candlesticks and in my ??? clothing
863274,I said Tehillim before Maariv
863275,I davened Maariv nicely
863276,"I wished someone ""Leshona Tova Tikoseiv Visaichosaim"""
863277,"I said ""Yehi Ratzon"" and ate an apple dipped in honey"
863278,I tasted a pomegranate
863279,"I ate from the head of a ram, sheep,or fish"
863280,I went to Shul and davened Shacharis nicely
863281,I followed Krias Hatorah inside
863282,I listened quietly during Tekiyos
863283,I heard 130 Tekiyos
863284,I listened to ???? ?????
863285,"I helped prepare, serve, or cleanup by any meal"
863286,I said a ??? ???? during any meal
863287,I sang a niggun
863288,I said extra Tehillim on Yom Tov
863289,I went to a body of water and said Tashlich
863290,I davened Mincha and Maariv
863291,I lit ??? candles using my OWN candlesticks and in my ??? clothing
863292,I ate a new fruit for the Brocha Shehecheyanu
863293,I went to Shul and davened Shacharis nicely
863294,I followed Krias Hatorah inside
863295,I listened quietly during Tekiyos
863296,I heard 130 Tekiyos
863297,I listened to ???? ?????
863298,"I helped setup, serve, or clean up by any meal"
863299,I sang a niggun
863300,I said a ??? ???? during any meal
863301,I said extra Tehillim on Yom Tov
863302,I fasted part of the day
863303,I gave extra Tzedakah on this day
863304,I said my Selichos quota
863305,I davened Mincha with Aneinu (if fasting)
863306,I listened to a ??? ????-? Sicha 
863307,I helped prepare for ??? ???
863308,I gave ???? & lit candles using my own candlesticks and in my ??? clothing
863309,I said Tehillim before Maariv
863310,I davened Maariv nicely
863311,"I wished someone ""Leshona Tova Tikoseiv Visaichosaim"""
863312,"I said ""Yehi Ratzon"" and ate an apple dipped in honey"
863313,I tasted a pomegranate
863314,"I ate from the head of a ram, sheep,or fish"
863315,I went to Shul and davened Shacharis nicely
863316,I followed Krias Hatorah inside
863317,I listened quietly during Tekiyos
863318,I heard 130 Tekiyos
863319,I listened to ???? ?????
863320,"I helped prepare, serve, or cleanup by any meal"
863321,I said a ??? ???? during any meal
863322,I sang a niggun
863323,I said extra Tehillim on Yom Tov
863324,I went to a body of water and said Tashlich
863325,I davened Mincha and Maariv
863326,I lit ??? candles using my OWN candlesticks and in my ??? clothing
863327,I ate a new fruit for the Brocha Shehecheyanu
863328,I went to Shul and davened Shacharis nicely
863329,I followed Krias Hatorah inside
863330,I listened quietly during Tekiyos
863331,I heard 130 Tekiyos
863332,I listened to ???? ?????
863333,"I helped setup, serve, or clean up by any meal"
863334,I sang a niggun
863335,I said a ??? ???? during any meal
863336,I said extra Tehillim on Yom Tov
863337,I fasted part of the day
863338,I gave extra Tzedakah on this day
863339,I said my Selichos quota
863340,I davened Mincha with Aneinu (if fasting)
863341,I listened to a ??? ????-? Sicha 
863342,I helped prepare for ??? ???
863343,I gave ???? & lit candles using my own candlesticks and in my ??? clothing
863344,I said Tehillim before Maariv
863345,I davened Maariv nicely
863346,"I wished someone ""Leshona Tova Tikoseiv Visaichosaim"""
863347,"I said ""Yehi Ratzon"" and ate an apple dipped in honey"
863348,I tasted a pomegranate
863349,"I ate from the head of a ram, sheep,or fish"
863350,I went to Shul and davened Shacharis nicely
863351,I followed Krias Hatorah inside
863352,I listened quietly during Tekiyos
863353,I heard 130 Tekiyos
863354,I listened to ???? ?????
863355,"I helped prepare, serve, or cleanup by any meal"
863356,I said a ??? ???? during any meal
863357,I sang a niggun
863358,I said extra Tehillim on Yom Tov
863359,I went to a body of water and said Tashlich
863360,I davened Mincha and Maariv
863361,I lit ??? candles using my OWN candlesticks and in my ??? clothing
863362,I ate a new fruit for the Brocha Shehecheyanu
863363,I went to Shul and davened Shacharis nicely
863364,I followed Krias Hatorah inside
863365,I listened quietly during Tekiyos
863366,I heard 130 Tekiyos
863367,I listened to ???? ?????
863368,"I helped setup, serve, or clean up by any meal"
863369,I sang a niggun
863370,I said a ??? ???? during any meal
863371,I said extra Tehillim on Yom Tov
863372,I fasted part of the day
863373,I gave extra Tzedakah on this day
863374,I said my Selichos quota
863375,I davened Mincha with Aneinu (if fasting)
863376,I listened to a ??? ????-? Sicha 
863377,I helped prepare for ??? ???
863378,I gave ???? & lit candles using my own candlesticks and in my ??? clothing
863379,I said Tehillim before Maariv
863380,I davened Maariv nicely
863381,"I wished someone ""Leshona Tova Tikoseiv Visaichosaim"""
863382,"I said ""Yehi Ratzon"" and ate an apple dipped in honey"
863383,I tasted a pomegranate
863384,"I ate from the head of a ram, sheep,or fish"
863385,I went to Shul and davened Shacharis nicely
863386,I followed Krias Hatorah inside
863387,I listened quietly during Tekiyos
863388,I heard 130 Tekiyos
863389,I listened to ???? ?????
863390,"I helped prepare, serve, or cleanup by any meal"
863391,I said a ??? ???? during any meal
863392,I sang a niggun
863393,I said extra Tehillim on Yom Tov
863394,I went to a body of water and said Tashlich
863395,I davened Mincha and Maariv
863396,I lit ??? candles using my OWN candlesticks and in my ??? clothing
863397,I ate a new fruit for the Brocha Shehecheyanu
863398,I went to Shul and davened Shacharis nicely
863399,I followed Krias Hatorah inside
863400,I listened quietly during Tekiyos
863401,I heard 130 Tekiyos
863402,I listened to ???? ?????
863403,"I helped setup, serve, or clean up by any meal"
863404,I sang a niggun
863405,I said a ??? ???? during any meal
863406,I said extra Tehillim on Yom Tov
863407,I fasted part of the day
863408,I gave extra Tzedakah on this day
863409,I said my Selichos quota
863410,I davened Mincha with Aneinu (if fasting)
863411,I listened to a ??? ????-? Sicha 
863412,I helped prepare for ??? ???
863413,I gave ???? & lit candles using my own candlesticks and in my ??? clothing
863414,I said Tehillim before Maariv
863415,I davened Maariv nicely
863416,"I wished someone ""Leshona Tova Tikoseiv Visaichosaim"""
863417,"I said ""Yehi Ratzon"" and ate an apple dipped in honey"
863418,I tasted a pomegranate
863419,"I ate from the head of a ram, sheep,or fish"
863420,I went to Shul and davened Shacharis nicely
863421,I followed Krias Hatorah inside
863422,I listened quietly during Tekiyos
863423,I heard 130 Tekiyos
863424,I listened to ???? ?????
863425,"I helped prepare, serve, or cleanup by any meal"
863426,I said a ??? ???? during any meal
863427,I sang a niggun
863428,I said extra Tehillim on Yom Tov
863429,I went to a body of water and said Tashlich
863430,I davened Mincha and Maariv
863431,I lit ??? candles using my OWN candlesticks and in my ??? clothing
863432,I ate a new fruit for the Brocha Shehecheyanu
863433,I went to Shul and davened Shacharis nicely
863434,I followed Krias Hatorah inside
863435,I listened quietly during Tekiyos
863436,I heard 130 Tekiyos
863437,I listened to ???? ?????
863438,"I helped setup, serve, or clean up by any meal"
863439,I sang a niggun
863440,I said a ??? ???? during any meal
863441,I said extra Tehillim on Yom Tov
863442,I fasted part of the day
863443,I gave extra Tzedakah on this day
863444,I said my Selichos quota
863445,I davened Mincha with Aneinu (if fasting)
863446,I listened to a ??? ????-? Sicha 
863447,I helped prepare for ??? ???
863448,I gave ???? & lit candles using my own candlesticks and in my ??? clothing
863449,I said Tehillim before Maariv
863450,I davened Maariv nicely
863451,"I wished someone ""Leshona Tova Tikoseiv Visaichosaim"""
863452,"I said ""Yehi Ratzon"" and ate an apple dipped in honey"
863453,I tasted a pomegranate
863454,"I ate from the head of a ram, sheep,or fish"
863455,I went to Shul and davened Shacharis nicely
863456,I followed Krias Hatorah inside
863457,I listened quietly during Tekiyos
863458,I heard 130 Tekiyos
863459,I listened to ???? ?????
863460,"I helped prepare, serve, or cleanup by any meal"
863461,I said a ??? ???? during any meal
863462,I sang a niggun
863463,I said extra Tehillim on Yom Tov
863464,I went to a body of water and said Tashlich
863465,I davened Mincha and Maariv
863466,I lit ??? candles using my OWN candlesticks and in my ??? clothing
863467,I ate a new fruit for the Brocha Shehecheyanu
863468,I went to Shul and davened Shacharis nicely
863469,I followed Krias Hatorah inside
863470,I listened quietly during Tekiyos
863471,I heard 130 Tekiyos
863472,I listened to ???? ?????
863473,"I helped setup, serve, or clean up by any meal"
863474,I sang a niggun
863475,I said a ??? ???? during any meal
863476,I said extra Tehillim on Yom Tov
863477,I fasted part of the day
863478,I gave extra Tzedakah on this day
863479,I said my Selichos quota
863480,I davened Mincha with Aneinu (if fasting)
863481,I listened to a ??? ????-? Sicha 
863482,I helped prepare for ??? ???
863483,I gave ???? & lit candles using my own candlesticks and in my ??? clothing
863484,I said Tehillim before Maariv
863485,I davened Maariv nicely
863486,"I wished someone ""Leshona Tova Tikoseiv Visaichosaim"""
863487,"I said ""Yehi Ratzon"" and ate an apple dipped in honey"
863488,I tasted a pomegranate
863489,"I ate from the head of a ram, sheep,or fish"
863490,I went to Shul and davened Shacharis nicely
863491,I followed Krias Hatorah inside
863492,I listened quietly during Tekiyos
863493,I heard 130 Tekiyos
863494,I listened to ???? ?????
863495,"I helped prepare, serve, or cleanup by any meal"
863496,I said a ??? ???? during any meal
863497,I sang a niggun
863498,I said extra Tehillim on Yom Tov
863499,I went to a body of water and said Tashlich
863500,I davened Mincha and Maariv
863501,I lit ??? candles using my OWN candlesticks and in my ??? clothing
863502,I ate a new fruit for the Brocha Shehecheyanu
863503,I went to Shul and davened Shacharis nicely
863504,I followed Krias Hatorah inside
863505,I listened quietly during Tekiyos
863506,I heard 130 Tekiyos
863507,I listened to ???? ?????
863508,"I helped setup, serve, or clean up by any meal"
863509,I sang a niggun
863510,I said a ??? ???? during any meal
863511,I said extra Tehillim on Yom Tov
863512,I fasted part of the day
863513,I gave extra Tzedakah on this day
863514,I said my Selichos quota
863515,I davened Mincha with Aneinu (if fasting)
863516,I listened to a ??? ????-? Sicha 
863517,I helped prepare for ??? ???
863518,I gave ???? & lit candles using my own candlesticks and in my ??? clothing
863519,I said Tehillim before Maariv
863520,I davened Maariv nicely
863521,"I wished someone ""Leshona Tova Tikoseiv Visaichosaim"""
863522,"I said ""Yehi Ratzon"" and ate an apple dipped in honey"
863523,I tasted a pomegranate
863524,"I ate from the head of a ram, sheep,or fish"
863525,I went to Shul and davened Shacharis nicely
863526,I followed Krias Hatorah inside
863527,I heard 130 Tekiyos
863528,I listened to ???? ?????
863529,"I helped prepare, serve, or cleanup by any meal"
863530,I said a ??? ???? during any meal
863531,I sang a niggun
863532,I said extra Tehillim on Yom Tov
863533,I went to a body of water and said Tashlich
863534,I davened Mincha and Maariv
863535,I lit ??? candles using my OWN candlesticks and in my ??? clothing
863536,I ate a new fruit for the Brocha Shehecheyanu
863537,I went to Shul and davened Shacharis nicely
863538,I followed Krias Hatorah inside
863539,I heard 100 Tekiyos without speaking between them about things that dont have to do with davening + the extra 30
863540,I listened to ???? ?????
863541,"I helped setup, serve, or clean up by any meal"
863542,I sang a niggun
863543,I said a ??? ???? during any meal
863544,I said extra Tehillim on Yom Tov
863545,I davened Mincha nicely
863546,I fasted part of the day
863547,I gave extra Tzedakah on this day
863548,I said my Selichos quota
863549,I davened Mincha with Aneinu (if fasting)
863550,I listened to a ??? ????-? Sicha 
863551,I helped prepare for ??? ???
863552,I gave ???? & lit candles using my own candlesticks and in my ??? clothing
863553,I said Tehillim before Maariv
863554,I davened Maariv nicely
863555,"I wished someone ""Leshona Tova Tikoseiv Visaichosaim"""
863556,"I said ""Yehi Ratzon"" and ate an apple dipped in honey"
863557,I tasted a pomegranate
863558,"I ate from the head of a ram, sheep,or fish"
863559,I went to Shul and davened Shacharis nicely
863560,I followed Krias Hatorah inside
863561,I heard 130 Tekiyos
863562,I listened to ???? ?????
863563,"I helped prepare, serve, or cleanup by any meal"
863564,I said a ??? ???? during any meal
863565,I sang a niggun
863566,I said extra Tehillim on Yom Tov
863567,I went to a body of water and said Tashlich
863568,I davened Mincha and Maariv
863569,I lit ??? candles using my OWN candlesticks and in my ??? clothing
863570,I ate a new fruit for the Brocha Shehecheyanu
863571,I went to Shul and davened Shacharis nicely
863572,I followed Krias Hatorah inside
863573,I heard 100 Tekiyos without speaking between them about things that dont have to do with davening + the extra 30
863574,I listened to ???? ?????
863575,"I helped setup, serve, or clean up by any meal"
863576,I sang a niggun
863577,I said a ??? ???? during any meal
863578,I said extra Tehillim on Yom Tov
863579,I davened Mincha nicely
863580,I fasted part of the day
863581,I gave extra Tzedakah on this day
863582,I said my Selichos quota
863583,I davened Mincha with Aneinu (if fasting)
863584,I listened to a ??? ????-? Sicha 
863585,I helped prepare for ??? ???
863586,I gave ???? & lit candles using my own candlesticks and in my ??? clothing
863587,I said Tehillim before Maariv
863588,I davened Maariv nicely
863589,"I wished someone ""Leshona Tova Tikoseiv Visaichosaim"""
863590,"I said ""Yehi Ratzon"" and ate an apple dipped in honey"
863591,I tasted a pomegranate
863592,"I ate from the head of a ram, sheep,or fish"
863593,I went to Shul and davened Shacharis nicely
863594,I followed Krias Hatorah inside
863595,I heard 130 Tekiyos
863596,I listened to ???? ?????
863597,"I helped prepare, serve, or cleanup by any meal"
863598,I said a ??? ???? during any meal
863599,I sang a niggun
863600,I said extra Tehillim on Yom Tov
863601,I went to a body of water and said Tashlich
863602,I davened Mincha and Maariv
863603,I lit ??? candles using my OWN candlesticks and in my ??? clothing
863604,I ate a new fruit for the Brocha Shehecheyanu
863605,I went to Shul and davened Shacharis nicely
863606,I followed Krias Hatorah inside
863607,I heard 100 Tekiyos without speaking between them about things that dont have to do with davening + the extra 30
863608,I listened to ???? ?????
863609,"I helped setup, serve, or clean up by any meal"
863610,I sang a niggun
863611,I said a ??? ???? during any meal
863612,I said extra Tehillim on Yom Tov
863613,I davened Mincha nicely
863614,I fasted part of the day
863615,I gave extra Tzedakah on this day
863616,I said my Selichos quota
863617,I davened Mincha with Aneinu (if fasting)
863618,I listened to a ??? ????-? Sicha 
863619,I helped prepare for ??? ???
863620,I gave ???? & lit candles using my own candlesticks and in my ??? clothing
863621,I said Tehillim before Maariv
863622,I davened Maariv nicely
863623,"I wished someone ""Leshona Tova Tikoseiv Visaichosaim"""
863624,"I said ""Yehi Ratzon"" and ate an apple dipped in honey"
863625,I tasted a pomegranate
863626,"I ate from the head of a ram, sheep,or fish"
863627,I went to Shul and davened Shacharis nicely
863628,I followed Krias Hatorah inside
863629,I heard 130 Tekiyos
863630,I listened to ???? ?????
863631,"I helped prepare, serve, or cleanup by any meal"
863632,I said a ??? ???? during any meal
863633,I sang a niggun
863634,I said extra Tehillim on Yom Tov
863635,I went to a body of water and said Tashlich
863636,I davened Mincha and Maariv
863637,I lit ??? candles using my OWN candlesticks and in my ??? clothing
863638,I ate a new fruit for the Brocha Shehecheyanu
863639,I went to Shul and davened Shacharis nicely
863640,I followed Krias Hatorah inside
863641,I heard 100 Tekiyos without speaking between them about things that dont have to do with davening + the extra 30
863642,I listened to ???? ?????
863643,"I helped setup, serve, or clean up by any meal"
863644,I sang a niggun
863645,I said a ??? ???? during any meal
863646,I said extra Tehillim on Yom Tov
863647,I davened Mincha nicely
863648,I fasted part of the day
863649,I gave extra Tzedakah on this day
863650,I said my Selichos quota
863651,I davened Mincha with Aneinu (if fasting)
863652,I listened to a ??? ????-? Sicha 
863653,I helped prepare for ??? ???
863654,I gave ???? & lit candles using my own candlesticks and in my ??? clothing
863655,I said Tehillim before Maariv
863656,I davened Maariv nicely
863657,"I wished someone ""Leshona Tova Tikoseiv Visaichosaim"""
863658,"I said ""Yehi Ratzon"" and ate an apple dipped in honey"
863659,I tasted a pomegranate
863660,"I ate from the head of a ram, sheep,or fish"
863661,I went to Shul and davened Shacharis nicely
863662,I followed Krias Hatorah inside
863663,I heard 130 Tekiyos
863664,I listened to ???? ?????
863665,"I helped prepare, serve, or cleanup by any meal"
863666,I said a ??? ???? during any meal
863667,I sang a niggun
863668,I said extra Tehillim on Yom Tov
863669,I went to a body of water and said Tashlich
863670,I davened Mincha and Maariv
863671,I lit ??? candles using my OWN candlesticks and in my ??? clothing
863672,I ate a new fruit for the Brocha Shehecheyanu
863673,I went to Shul and davened Shacharis nicely
863674,I followed Krias Hatorah inside
863675,I heard 100 Tekiyos without speaking between them about things that dont have to do with davening + the extra 30
863676,I listened to ???? ?????
863677,"I helped setup, serve, or clean up by any meal"
863678,I sang a niggun
863679,I said a ??? ???? during any meal
863680,I said extra Tehillim on Yom Tov
863681,I davened Mincha nicely
863682,I fasted part of the day
863683,I gave extra Tzedakah on this day
863684,I said my Selichos quota
863685,I davened Mincha with Aneinu (if fasting)
863686,I listened to a ??? ????-? Sicha 
863687,I helped prepare for ??? ???
863688,I gave ???? & lit candles using my own candlesticks and in my ??? clothing
863689,I said Tehillim before Maariv
863690,I davened Maariv nicely
863691,"I wished someone ""Leshona Tova Tikoseiv Visaichosaim"""
863692,"I said ""Yehi Ratzon"" and ate an apple dipped in honey"
863693,I tasted a pomegranate
863694,"I ate from the head of a ram, sheep,or fish"
863695,I went to Shul and davened Shacharis nicely
863696,I followed Krias Hatorah inside
863697,I heard 130 Tekiyos
863698,I listened to ???? ?????
863699,"I helped prepare, serve, or cleanup by any meal"
863700,I said a ??? ???? during any meal
863701,I sang a niggun
863702,I said extra Tehillim on Yom Tov
863703,I went to a body of water and said Tashlich
863704,I davened Mincha and Maariv
863705,I lit ??? candles using my OWN candlesticks and in my ??? clothing
863706,I ate a new fruit for the Brocha Shehecheyanu
863707,I went to Shul and davened Shacharis nicely
863708,I followed Krias Hatorah inside
863709,I heard 100 Tekiyos without speaking between them about things that dont have to do with davening + the extra 30
863710,I listened to ???? ?????
863711,"I helped setup, serve, or clean up by any meal"
863712,I sang a niggun
863713,I said a ??? ???? during any meal
863714,I said extra Tehillim on Yom Tov
863715,I davened Mincha nicely
863716,I fasted part of the day
863717,I gave extra Tzedakah on this day
863718,I said my Selichos quota
863719,I davened Mincha with Aneinu (if fasting)
863720,I listened to a ??? ????-? Sicha 
863721,I helped prepare for ??? ???
863722,I gave ???? & lit candles using my own candlesticks and in my ??? clothing
863723,I said Tehillim before Maariv
863724,I davened Maariv nicely
863725,"I wished someone ""Leshona Tova Tikoseiv Visaichosaim"""
863726,"I said ""Yehi Ratzon"" and ate an apple dipped in honey"
863727,I tasted a pomegranate
863728,"I ate from the head of a ram, sheep,or fish"
863729,I went to Shul and davened Shacharis nicely
863730,I followed Krias Hatorah inside
863731,I heard 130 Tekiyos
863732,I listened to ???? ?????
863733,"I helped prepare, serve, or cleanup by any meal"
863734,I said a ??? ???? during any meal
863735,I sang a niggun
863736,I said extra Tehillim on Yom Tov
863737,I went to a body of water and said Tashlich
863738,I davened Mincha and Maariv
863739,I lit ??? candles using my OWN candlesticks and in my ??? clothing
863740,I ate a new fruit for the Brocha Shehecheyanu
863741,I went to Shul and davened Shacharis nicely
863742,I followed Krias Hatorah inside
863743,I heard 100 Tekiyos without speaking between them about things that dont have to do with davening + the extra 30
863744,I listened to ???? ?????
863745,"I helped setup, serve, or clean up by any meal"
863746,I sang a niggun
863747,I said a ??? ???? during any meal
863748,I said extra Tehillim on Yom Tov
863749,I davened Mincha nicely
863750,I fasted part of the day
863751,I gave extra Tzedakah on this day
863752,I said my Selichos quota
863753,I davened Mincha with Aneinu (if fasting)
863754,I listened to a ??? ????-? Sicha 
863755,I helped prepare for ??? ???
863756,I gave ???? & lit candles using my own candlesticks and in my ??? clothing
863757,I said Tehillim before Maariv
863758,I davened Maariv nicely
863759,"I wished someone ""Leshona Tova Tikoseiv Visaichosaim"""
863760,"I said ""Yehi Ratzon"" and ate an apple dipped in honey"
863761,I tasted a pomegranate
863762,"I ate from the head of a ram, sheep,or fish"
863763,I went to Shul and davened Shacharis nicely
863764,I followed Krias Hatorah inside
863765,I heard 130 Tekiyos
863766,I listened to ???? ?????
863767,"I helped prepare, serve, or cleanup by any meal"
863768,I said a ??? ???? during any meal
863769,I sang a niggun
863770,I said extra Tehillim on Yom Tov
863771,I went to a body of water and said Tashlich
863772,I davened Mincha and Maariv
863773,I lit ??? candles using my OWN candlesticks and in my ??? clothing
863774,I ate a new fruit for the Brocha Shehecheyanu
863775,I went to Shul and davened Shacharis nicely
863776,I followed Krias Hatorah inside
863777,I heard 100 Tekiyos without speaking between them about things that dont have to do with davening + the extra 30
863778,I listened to ???? ?????
863779,"I helped setup, serve, or clean up by any meal"
863780,I sang a niggun
863781,I said a ??? ???? during any meal
863782,I said extra Tehillim on Yom Tov
863783,I davened Mincha nicely
863784,I fasted part of the day
863785,I gave extra Tzedakah on this day
863786,I said my Selichos quota
863787,I davened Mincha with Aneinu (if fasting)
863788,I listened to a ??? ????-? Sicha 
863789,I helped prepare for ??? ???
863790,I gave ???? & lit candles using my own candlesticks and in my ??? clothing
863791,I said Tehillim before Maariv
863792,I davened Maariv nicely
863793,"I wished someone ""Leshona Tova Tikoseiv Visaichosaim"""
863794,"I said ""Yehi Ratzon"" and ate an apple dipped in honey"
863795,I tasted a pomegranate
863796,"I ate from the head of a ram, sheep,or fish"
863797,I went to Shul and davened Shacharis nicely
863798,I followed Krias Hatorah inside
863799,I heard 130 Tekiyos
863800,I listened to ???? ?????
863801,"I helped prepare, serve, or cleanup by any meal"
863802,I said a ??? ???? during any meal
863803,I sang a niggun
863804,I said extra Tehillim on Yom Tov
863805,I went to a body of water and said Tashlich
863806,I davened Mincha and Maariv
863807,I lit ??? candles using my OWN candlesticks and in my ??? clothing
863808,I ate a new fruit for the Brocha Shehecheyanu
863809,I went to Shul and davened Shacharis nicely
863810,I followed Krias Hatorah inside
863811,I heard 100 Tekiyos without speaking between them about things that dont have to do with davening + the extra 30
863812,I listened to ???? ?????
863813,"I helped setup, serve, or clean up by any meal"
863814,I sang a niggun
863815,I said a ??? ???? during any meal
863816,I said extra Tehillim on Yom Tov
863817,I davened Mincha nicely
863818,I fasted part of the day
863819,I gave extra Tzedakah on this day
863820,I said my Selichos quota
863821,I davened Mincha with Aneinu (if fasting)
863822,I listened to a ??? ????-? Sicha 
867957,I helped prepare for ??? ???
867958,"I reminded all the girls in my family to give ???? and light candles using their own candlesticks, and in their ??? clothing"
867959,"I wished someone ""Leshona Tova Tikoseiv Visaichosaim"""
867960,"I said ""Yehi Ratzon"" and ate an apple dipped in honey"
867961,I tasted a pomegranate
867962,"I ate from the head of a ram, sheep,or fish"
867963,I went to Shul and davened Shacharis nicely
867964,I listened quietly during Tekiyos
867965,I heard 100 Tekiyos
867966,I went under a ???? for Duchening
867967,"I helped prepare, serve, or cleanup by any meal"
867968,I said a ??? ???? during any meal
867969,I went to a body of water and said Tashlich
867970,I ate a new fruit for the Brocha Shehecheyanu
867971,I went to Shul and davened Shacharis nicely
867972,I listened quietly during Tekiyos
867973,I heard 100 Tekiyos without speaking between them about things that dont have to do with davening + the extra 30
867974,I went under a ???? for Duchening
867975,"I helped setup, serve, or clean up by any meal"
867976,I said a ??? ???? during any meal
867977,I said extra Tehillim on Yom Tov
867978,I went to a shiur on shabbos
867979,I gave extra Tzedakah on this day
867980,I helped prepare for ??? ???
867981,"I reminded all the girls in my family to give ???? and light candles using their own candlesticks, and in their ??? clothing"
867982,"I wished someone ""Leshona Tova Tikoseiv Visaichosaim"""
867983,"I said ""Yehi Ratzon"" and ate an apple dipped in honey"
867984,I tasted a pomegranate
867985,"I ate from the head of a ram, sheep,or fish"
867986,I went to Shul and davened Shacharis nicely
867987,I listened quietly during Tekiyos
867988,I heard 100 Tekiyos
867989,I went under a ???? for Duchening
867990,"I helped prepare, serve, or cleanup by any meal"
867991,I said a ??? ???? during any meal
867992,I went to a body of water and said Tashlich
867993,I ate a new fruit for the Brocha Shehecheyanu
867994,I went to Shul and davened Shacharis nicely
867995,I listened quietly during Tekiyos
867996,I heard 100 Tekiyos without speaking between them about things that dont have to do with davening + the extra 30
867997,I went under a ???? for Duchening
867998,"I helped setup, serve, or clean up by any meal"
867999,I said a ??? ???? during any meal
868000,I said extra Tehillim on Yom Tov
868001,I went to a shiur on shabbos
868002,I gave extra Tzedakah on this day
868003,I helped prepare for ??? ???
868004,"I reminded all the girls in my family to give ???? and light candles using their own candlesticks, and in their ??? clothing"
868005,"I wished someone ""Leshona Tova Tikoseiv Visaichosaim"""
868006,"I said ""Yehi Ratzon"" and ate an apple dipped in honey"
868007,I tasted a pomegranate
868008,"I ate from the head of a ram, sheep,or fish"
868009,I went to Shul and davened Shacharis nicely
868010,I listened quietly during Tekiyos
868011,I heard 100 Tekiyos
868012,I went under a ???? for Duchening
868013,"I helped prepare, serve, or cleanup by any meal"
868014,I said a ??? ???? during any meal
868015,I went to a body of water and said Tashlich
868016,I ate a new fruit for the Brocha Shehecheyanu
868017,I went to Shul and davened Shacharis nicely
868018,I listened quietly during Tekiyos
868019,I heard 100 Tekiyos without speaking between them about things that dont have to do with davening + the extra 30
868020,I went under a ???? for Duchening
868021,"I helped setup, serve, or clean up by any meal"
868022,I said a ??? ???? during any meal
868023,I said extra Tehillim on Yom Tov
868024,I went to a shiur on shabbos
868025,I gave extra Tzedakah on this day
868026,I helped prepare for ??? ???
868027,"I reminded all the girls in my family to give ???? and light candles using their own candlesticks, and in their ??? clothing"
868028,"I wished someone ""Leshona Tova Tikoseiv Visaichosaim"""
868029,"I said ""Yehi Ratzon"" and ate an apple dipped in honey"
868030,I tasted a pomegranate
868031,"I ate from the head of a ram, sheep,or fish"
868032,I went to Shul and davened Shacharis nicely
868033,I listened quietly during Tekiyos
868034,I heard 100 Tekiyos
868035,I went under a ???? for Duchening
868036,"I helped prepare, serve, or cleanup by any meal"
868037,I said a ??? ???? during any meal
868038,I went to a body of water and said Tashlich
868039,I ate a new fruit for the Brocha Shehecheyanu
868040,I went to Shul and davened Shacharis nicely
868041,I listened quietly during Tekiyos
868042,I heard 100 Tekiyos without speaking between them about things that dont have to do with davening + the extra 30
868043,I went under a ???? for Duchening
868044,"I helped setup, serve, or clean up by any meal"
868045,I said a ??? ???? during any meal
868046,I said extra Tehillim on Yom Tov
868047,I went to a shiur on shabbos
868048,I gave extra Tzedakah on this day
868049,I helped prepare for ??? ???
868050,"I reminded all the girls in my family to give ???? and light candles using their own candlesticks, and in their ??? clothing"
868051,"I wished someone ""Leshona Tova Tikoseiv Visaichosaim"""
868052,"I said ""Yehi Ratzon"" and ate an apple dipped in honey"
868053,I tasted a pomegranate
868054,"I ate from the head of a ram, sheep,or fish"
868055,I went to Shul and davened Shacharis nicely
868056,I listened quietly during Tekiyos
868057,I heard 100 Tekiyos
868058,I went under a ???? for Duchening
868059,"I helped prepare, serve, or cleanup by any meal"
868060,I said a ??? ???? during any meal
868061,I went to a body of water and said Tashlich
868062,I ate a new fruit for the Brocha Shehecheyanu
868063,I went to Shul and davened Shacharis nicely
868064,I listened quietly during Tekiyos
868065,I heard 100 Tekiyos without speaking between them about things that dont have to do with davening + the extra 30
868066,I went under a ???? for Duchening
868067,"I helped setup, serve, or clean up by any meal"
868068,I said a ??? ???? during any meal
868069,I said extra Tehillim on Yom Tov
868070,I went to a shiur on shabbos
868071,I gave extra Tzedakah on this day
868072,I helped prepare for ??? ???
868073,"I reminded all the girls in my family to give ???? and light candles using their own candlesticks, and in their ??? clothing"
868074,"I wished someone ""Leshona Tova Tikoseiv Visaichosaim"""
868075,"I said ""Yehi Ratzon"" and ate an apple dipped in honey"
868076,I tasted a pomegranate
868077,"I ate from the head of a ram, sheep,or fish"
868078,I went to Shul and davened Shacharis nicely
868079,I listened quietly during Tekiyos
868080,I heard 100 Tekiyos
868081,I went under a ???? for Duchening
868082,"I helped prepare, serve, or cleanup by any meal"
868083,I said a ??? ???? during any meal
868084,I went to a body of water and said Tashlich
868085,I ate a new fruit for the Brocha Shehecheyanu
868086,I went to Shul and davened Shacharis nicely
868087,I listened quietly during Tekiyos
868088,I heard 100 Tekiyos without speaking between them about things that dont have to do with davening + the extra 30
868089,I went under a ???? for Duchening
868090,"I helped setup, serve, or clean up by any meal"
868091,I said a ??? ???? during any meal
868092,I said extra Tehillim on Yom Tov
868093,I went to a shiur on shabbos
868094,I gave extra Tzedakah on this day
868095,I helped prepare for ??? ???
868096,"I reminded all the girls in my family to give ???? and light candles using their own candlesticks, and in their ??? clothing"
868097,"I wished someone ""Leshona Tova Tikoseiv Visaichosaim"""
868098,"I said ""Yehi Ratzon"" and ate an apple dipped in honey"
868099,I tasted a pomegranate
868100,"I ate from the head of a ram, sheep,or fish"
868101,I went to Shul and davened Shacharis nicely
868102,I listened quietly during Tekiyos
868103,I heard 100 Tekiyos
868104,I went under a ???? for Duchening
868105,"I helped prepare, serve, or cleanup by any meal"
868106,I said a ??? ???? during any meal
868107,I went to a body of water and said Tashlich
868108,I ate a new fruit for the Brocha Shehecheyanu
868109,I went to Shul and davened Shacharis nicely
868110,I listened quietly during Tekiyos
868111,I heard 100 Tekiyos without speaking between them about things that dont have to do with davening + the extra 30
868112,I went under a ???? for Duchening
868113,"I helped setup, serve, or clean up by any meal"
868114,I said a ??? ???? during any meal
868115,I said extra Tehillim on Yom Tov
868116,I went to a shiur on shabbos
868117,I gave extra Tzedakah on this day
868118,I helped prepare for ??? ???
868119,"I reminded all the girls in my family to give ???? and light candles using their own candlesticks, and in their ??? clothing"
868120,"I wished someone ""Leshona Tova Tikoseiv Visaichosaim"""
868121,"I said ""Yehi Ratzon"" and ate an apple dipped in honey"
868122,I tasted a pomegranate
868123,"I ate from the head of a ram, sheep,or fish"
868124,I went to Shul and davened Shacharis nicely
868125,I listened quietly during Tekiyos
868126,I heard 100 Tekiyos
868127,I went under a ???? for Duchening
868128,"I helped prepare, serve, or cleanup by any meal"
868129,I said a ??? ???? during any meal
868130,I went to a body of water and said Tashlich
868131,I ate a new fruit for the Brocha Shehecheyanu
868132,I went to Shul and davened Shacharis nicely
868133,I listened quietly during Tekiyos
868134,I heard 100 Tekiyos without speaking between them about things that dont have to do with davening + the extra 30
868135,I went under a ???? for Duchening
868136,"I helped setup, serve, or clean up by any meal"
868137,I said a ??? ???? during any meal
868138,I said extra Tehillim on Yom Tov
868139,I went to a shiur on shabbos
868140,I gave extra Tzedakah on this day
868141,I helped prepare for ??? ???
868142,"I reminded all the girls in my family to give ???? and light candles using their own candlesticks, and in their ??? clothing"
868143,"I wished someone ""Leshona Tova Tikoseiv Visaichosaim"""
868144,"I said ""Yehi Ratzon"" and ate an apple dipped in honey"
868145,I tasted a pomegranate
868146,"I ate from the head of a ram, sheep,or fish"
868147,I went to Shul and davened Shacharis nicely
868148,I listened quietly during Tekiyos
868149,I heard 100 Tekiyos
868150,I went under a ???? for Duchening
868151,"I helped prepare, serve, or cleanup by any meal"
868152,I said a ??? ???? during any meal
868153,I went to a body of water and said Tashlich
868154,I ate a new fruit for the Brocha Shehecheyanu
868155,I went to Shul and davened Shacharis nicely
868156,I listened quietly during Tekiyos
868157,I heard 100 Tekiyos without speaking between them about things that dont have to do with davening + the extra 30
868158,I went under a ???? for Duchening
868159,"I helped setup, serve, or clean up by any meal"
868160,I said a ??? ???? during any meal
868161,I said extra Tehillim on Yom Tov
868162,I went to a shiur on shabbos
868163,I gave extra Tzedakah on this day
868284,I helped prepare for ??? ???
868285,"I reminded all the girls in my family to give ???? and light candles using their own candlesticks, and in their ??? clothing"
868286,"I wished someone ""Leshona Tova Tikoseiv Visaichosaim"""
868287,"I said ""Yehi Ratzon"" and ate an apple dipped in honey"
868288,I tasted a pomegranate
868289,"I ate from the head of a ram, sheep,or fish"
868290,I went to Shul and davened Shacharis nicely
868291,I listened quietly during Tekiyos
868292,I heard 100 Tekiyos
868293,I went under a ???? for Duchening
868294,"I helped prepare, serve, or cleanup by any meal"
868295,I said a ??? ???? during any meal
868296,I went to a body of water and said Tashlich
868297,I ate a new fruit for the Brocha Shehecheyanu
868298,I went to Shul and davened Shacharis nicely
868299,I listened quietly during Tekiyos
868300,I heard 100 Tekiyos without speaking between them about things that dont have to do with davening + the extra 30
868301,I helped prepare for ??? ???
868302,I went under a ???? for Duchening
868303,"I reminded all the girls in my family to give ???? and light candles using their own candlesticks, and in their ??? clothing"
868304,"I helped setup, serve, or clean up by any meal"
868305,"I wished someone ""Leshona Tova Tikoseiv Visaichosaim"""
868306,I said a ??? ???? during any meal
868307,"I said ""Yehi Ratzon"" and ate an apple dipped in honey"
868308,I said extra Tehillim on Yom Tov
868309,I tasted a pomegranate
868310,I went to a shiur on shabbos
868311,"I ate from the head of a ram, sheep,or fish"
868312,I went to Shul and davened Shacharis nicely
868313,I listened quietly during Tekiyos
868314,I heard 100 Tekiyos
868315,I went under a ???? for Duchening
868316,"I helped prepare, serve, or cleanup by any meal"
868317,I said a ??? ???? during any meal
868318,I went to a body of water and said Tashlich
868319,I gave extra Tzedakah on this day
868320,I ate a new fruit for the Brocha Shehecheyanu
868321,I went to Shul and davened Shacharis nicely
868322,I listened quietly during Tekiyos
868323,I heard 100 Tekiyos without speaking between them about things that dont have to do with davening + the extra 30
868324,I went under a ???? for Duchening
868325,"I helped setup, serve, or clean up by any meal"
868326,I said a ??? ???? during any meal
868327,I said extra Tehillim on Yom Tov
868328,I went to a shiur on shabbos
868329,I gave extra Tzedakah on this day
868330,I helped prepare for ??? ???
868331,"I reminded all the girls in my family to give ???? and light candles using their own candlesticks, and in their ??? clothing"
868332,"I wished someone ""Leshona Tova Tikoseiv Visaichosaim"""
868333,"I said ""Yehi Ratzon"" and ate an apple dipped in honey"
868334,I tasted a pomegranate
868335,"I ate from the head of a ram, sheep,or fish"
868336,I went to Shul and davened Shacharis nicely
868337,I listened quietly during Tekiyos
868338,I heard 100 Tekiyos
868339,I went under a ???? for Duchening
868340,"I helped prepare, serve, or cleanup by any meal"
868341,I said a ??? ???? during any meal
868342,I went to a body of water and said Tashlich
868343,I ate a new fruit for the Brocha Shehecheyanu
868344,I went to Shul and davened Shacharis nicely
868345,I listened quietly during Tekiyos
868346,I heard 100 Tekiyos without speaking between them about things that dont have to do with davening + the extra 30
868347,I went under a ???? for Duchening
868348,"I helped setup, serve, or clean up by any meal"
868349,I said a ??? ???? during any meal
868350,I said extra Tehillim on Yom Tov
868351,I went to a shiur on shabbos
868352,I gave extra Tzedakah on this day
868353,I helped prepare for ??? ???
868354,"I reminded all the girls in my family to give ???? and light candles using their own candlesticks, and in their ??? clothing"
868355,"I wished someone ""Leshona Tova Tikoseiv Visaichosaim"""
868356,"I said ""Yehi Ratzon"" and ate an apple dipped in honey"
868357,I tasted a pomegranate
868358,"I ate from the head of a ram, sheep,or fish"
868359,I went to Shul and davened Shacharis nicely
868360,I listened quietly during Tekiyos
868361,I heard 100 Tekiyos
868362,I went under a ???? for Duchening
868363,"I helped prepare, serve, or cleanup by any meal"
868364,I said a ??? ???? during any meal
868365,I went to a body of water and said Tashlich
868366,I ate a new fruit for the Brocha Shehecheyanu
868367,I went to Shul and davened Shacharis nicely
868368,I listened quietly during Tekiyos
868369,I heard 100 Tekiyos without speaking between them about things that dont have to do with davening + the extra 30
868370,I went under a ???? for Duchening
868371,"I helped setup, serve, or clean up by any meal"
868372,I said a ??? ???? during any meal
868373,I said extra Tehillim on Yom Tov
868374,I went to a shiur on shabbos
868375,I gave extra Tzedakah on this day
868376,I helped prepare for ??? ???
868377,"I reminded all the girls in my family to give ???? and light candles using their own candlesticks, and in their ??? clothing"
868378,"I wished someone ""Leshona Tova Tikoseiv Visaichosaim"""
868379,"I said ""Yehi Ratzon"" and ate an apple dipped in honey"
868380,I tasted a pomegranate
868381,"I ate from the head of a ram, sheep,or fish"
868382,I went to Shul and davened Shacharis nicely
868383,I listened quietly during Tekiyos
868384,I heard 100 Tekiyos
868385,I went under a ???? for Duchening
868386,"I helped prepare, serve, or cleanup by any meal"
868387,I said a ??? ???? during any meal
868388,I went to a body of water and said Tashlich
868389,I ate a new fruit for the Brocha Shehecheyanu
868390,I went to Shul and davened Shacharis nicely
868391,I listened quietly during Tekiyos
868392,I heard 100 Tekiyos without speaking between them about things that dont have to do with davening + the extra 30
868393,I went under a ???? for Duchening
868394,"I helped setup, serve, or clean up by any meal"
868395,I said a ??? ???? during any meal
868396,I said extra Tehillim on Yom Tov
868397,I went to a shiur on shabbos
868398,I gave extra Tzedakah on this day
868399,I helped prepare for ??? ???
868400,"I reminded all the girls in my family to give ???? and light candles using their own candlesticks, and in their ??? clothing"
868401,"I wished someone ""Leshona Tova Tikoseiv Visaichosaim"""
868402,"I said ""Yehi Ratzon"" and ate an apple dipped in honey"
868403,I tasted a pomegranate
868404,"I ate from the head of a ram, sheep,or fish"
868405,I went to Shul and davened Shacharis nicely
868406,I listened quietly during Tekiyos
868407,I heard 100 Tekiyos
868408,I went under a ???? for Duchening
868409,"I helped prepare, serve, or cleanup by any meal"
868410,I said a ??? ???? during any meal
868411,I went to a body of water and said Tashlich
868412,I ate a new fruit for the Brocha Shehecheyanu
868413,I helped prepare for ??? ???
868414,I went to Shul and davened Shacharis nicely
868415,"I reminded all the girls in my family to give ???? and light candles using their own candlesticks, and in their ??? clothing"
868416,I listened quietly during Tekiyos
868417,"I wished someone ""Leshona Tova Tikoseiv Visaichosaim"""
868418,I heard 100 Tekiyos without speaking between them about things that dont have to do with davening + the extra 30
868419,"I said ""Yehi Ratzon"" and ate an apple dipped in honey"
868420,I went under a ???? for Duchening
868421,I tasted a pomegranate
868422,"I helped setup, serve, or clean up by any meal"
868423,"I ate from the head of a ram, sheep,or fish"
868424,I said a ??? ???? during any meal
868425,I went to Shul and davened Shacharis nicely
868426,I said extra Tehillim on Yom Tov
868427,I listened quietly during Tekiyos
868428,I helped prepare for ??? ???
868429,I went to a shiur on shabbos
868430,I heard 100 Tekiyos
868431,"I reminded all the girls in my family to give ???? and light candles using their own candlesticks, and in their ??? clothing"
868432,I went under a ???? for Duchening
868433,I gave extra Tzedakah on this day
868434,"I wished someone ""Leshona Tova Tikoseiv Visaichosaim"""
868435,"I helped prepare, serve, or cleanup by any meal"
868436,"I said ""Yehi Ratzon"" and ate an apple dipped in honey"
868437,I said a ??? ???? during any meal
868438,I went to a body of water and said Tashlich
868439,I tasted a pomegranate
868440,I ate a new fruit for the Brocha Shehecheyanu
868441,I went to Shul and davened Shacharis nicely
868442,I listened quietly during Tekiyos
868443,"I ate from the head of a ram, sheep,or fish"
868444,I heard 100 Tekiyos without speaking between them about things that dont have to do with davening + the extra 30
868445,I went to Shul and davened Shacharis nicely
868446,I went under a ???? for Duchening
868447,I listened quietly during Tekiyos
868448,"I helped setup, serve, or clean up by any meal"
868449,I heard 100 Tekiyos
868450,I said a ??? ???? during any meal
868451,I went under a ???? for Duchening
868452,I said extra Tehillim on Yom Tov
868453,"I helped prepare, serve, or cleanup by any meal"
868454,I went to a shiur on shabbos
868455,I said a ??? ???? during any meal
868456,I gave extra Tzedakah on this day
868457,I went to a body of water and said Tashlich
868458,I ate a new fruit for the Brocha Shehecheyanu
868459,I went to Shul and davened Shacharis nicely
868460,I listened quietly during Tekiyos
868461,I heard 100 Tekiyos without speaking between them about things that dont have to do with davening + the extra 30
868462,I went under a ???? for Duchening
868463,"I helped setup, serve, or clean up by any meal"
868464,I said a ??? ???? during any meal
868465,I said extra Tehillim on Yom Tov
868466,I went to a shiur on shabbos
868467,I gave extra Tzedakah on this day
868468,I helped prepare for ??? ???
868469,"I reminded all the girls in my family to give ???? and light candles using their own candlesticks, and in their ??? clothing"
868470,"I wished someone ""Leshona Tova Tikoseiv Visaichosaim"""
868471,"I said ""Yehi Ratzon"" and ate an apple dipped in honey"
868472,I tasted a pomegranate
868473,"I ate from the head of a ram, sheep,or fish"
868474,I went to Shul and davened Shacharis nicely
868475,I listened quietly during Tekiyos
868476,I heard 100 Tekiyos
868477,I went under a ???? for Duchening
868478,"I helped prepare, serve, or cleanup by any meal"
868479,I said a ??? ???? during any meal
868480,I went to a body of water and said Tashlich
868481,I ate a new fruit for the Brocha Shehecheyanu
868482,I went to Shul and davened Shacharis nicely
868483,I listened quietly during Tekiyos
868484,I heard 100 Tekiyos without speaking between them about things that dont have to do with davening + the extra 30
868485,I went under a ???? for Duchening
868486,"I helped setup, serve, or clean up by any meal"
868487,I said a ??? ???? during any meal
868488,I said extra Tehillim on Yom Tov
868489,I went to a shiur on shabbos
868490,I gave extra Tzedakah on this day
868491,I learned something special about ?????? ???.
868492,I helped prepare for ??? ???
868493,"I reminded all the girls in my family to give ???? and light candles using their own candlesticks, and in their ??? clothing"
868494,I said Tehillim before Maariv
868495,I went to Shul and davened Maariv nicely
868496,"I wished someone ""Leshona Tova Tikoseiv Visaichosaim"""
868497,"I said ""Yehi Ratzon"" and ate an apple dipped in honey"
868498,I tasted a pomegranate
868499,"I ate from the head of a ram, sheep,or fish"
868500,I went to Shul and davened Shacharis nicely
868501,I followed Krias Hatorah inside
868502,I listened quietly during Tekiyos
868503,I heard 100 Tekiyos
868504,I went under a ???? for Duchening
868505,"I helped prepare, serve, or cleanup by any meal"
868506,I said a ??? ???? during any meal
868507,I said extra Tehillim on Yom Tov
868508,I went to a body of water and said Tashlich
868509,I davened Mincha and Maariv
868510,I ate a new fruit for the Brocha Shehecheyanu
868511,I went to Shul and davened Shacharis nicely
868512,I followed Krias Hatorah inside
868513,I listened quietly during Tekiyos
868514,I heard 100 Tekiyos without speaking between them about things that dont have to do with davening + the extra 30
868515,I went under a ???? for Duchening
868516,"I helped setup, serve, or clean up by any meal"
868517,I said a ??? ???? during any meal
868518,I said extra Tehillim on Yom Tov
868519,I went to Shul and davened Mincha and Maariv nicely
868520,I went to a shiur on shabbos
868521,I fasted part of the day
868522,I gave extra Tzedakah on this day
868523,I followed Krias Hatorah and Haftorah inside
868524,I said my Selichos quota
868525,I davened Mincha with Aneinu (if fasting)
868526,I helped prepare for ??? ???
868527,"I reminded all the girls in my family to give ???? and light candles using their own candlesticks, and in their ??? clothing"
868528,I said Tehillim before Maariv
868529,I went to Shul and davened Maariv nicely
868530,"I wished someone ""Leshona Tova Tikoseiv Visaichosaim"""
868531,"I said ""Yehi Ratzon"" and ate an apple dipped in honey"
868532,I tasted a pomegranate
868533,"I ate from the head of a ram, sheep,or fish"
868534,I went to Shul and davened Shacharis nicely
868535,I followed Krias Hatorah inside
868536,I listened quietly during Tekiyos
868537,I heard 100 Tekiyos
868538,I went under a ???? for Duchening
868539,"I helped prepare, serve, or cleanup by any meal"
868540,I said a ??? ???? during any meal
868541,I said extra Tehillim on Yom Tov
868542,I went to a body of water and said Tashlich
868543,I davened Mincha and Maariv
868544,I helped prepare for ??? ???
868545,I ate a new fruit for the Brocha Shehecheyanu
868546,"I reminded all the girls in my family to give ???? and light candles using their own candlesticks, and in their ??? clothing"
868547,I went to Shul and davened Shacharis nicely
868548,I said Tehillim before Maariv
868549,I followed Krias Hatorah inside
868550,I went to Shul and davened Maariv nicely
868551,I listened quietly during Tekiyos
868552,"I wished someone ""Leshona Tova Tikoseiv Visaichosaim"""
868553,I heard 100 Tekiyos without speaking between them about things that dont have to do with davening + the extra 30
868554,"I said ""Yehi Ratzon"" and ate an apple dipped in honey"
868555,I went under a ???? for Duchening
868556,I tasted a pomegranate
868557,"I helped setup, serve, or clean up by any meal"
868558,"I ate from the head of a ram, sheep,or fish"
868559,I said a ??? ???? during any meal
868560,I went to Shul and davened Shacharis nicely
868561,I said extra Tehillim on Yom Tov
868562,I went to Shul and davened Mincha and Maariv nicely
868563,I helped prepare for ??? ???
868564,I followed Krias Hatorah inside
868565,"I reminded all the girls in my family to give ???? and light candles using their own candlesticks, and in their ??? clothing"
868566,I went to a shiur on shabbos
868567,I listened quietly during Tekiyos
868568,I said Tehillim before Maariv
868569,I heard 100 Tekiyos
868570,I went to Shul and davened Maariv nicely
868571,I went under a ???? for Duchening
868572,I fasted part of the day
868573,"I wished someone ""Leshona Tova Tikoseiv Visaichosaim"""
868574,"I helped prepare, serve, or cleanup by any meal"
868575,I gave extra Tzedakah on this day
868576,"I said ""Yehi Ratzon"" and ate an apple dipped in honey"
868577,I said a ??? ???? during any meal
868578,I followed Krias Hatorah and Haftorah inside
868579,I tasted a pomegranate
868580,I said extra Tehillim on Yom Tov
868581,I said my Selichos quota
868582,"I ate from the head of a ram, sheep,or fish"
868583,I went to a body of water and said Tashlich
868584,I went to Shul and davened Shacharis nicely
868585,I davened Mincha with Aneinu (if fasting)
868586,I followed Krias Hatorah inside
868587,I listened quietly during Tekiyos
868588,I davened Mincha and Maariv
868589,I heard 100 Tekiyos
868590,I ate a new fruit for the Brocha Shehecheyanu
868591,I went under a ???? for Duchening
868592,I went to Shul and davened Shacharis nicely
868593,"I helped prepare, serve, or cleanup by any meal"
868594,I followed Krias Hatorah inside
868595,I said a ??? ???? during any meal
868596,I listened quietly during Tekiyos
868597,I said extra Tehillim on Yom Tov
868598,I heard 100 Tekiyos without speaking between them about things that dont have to do with davening + the extra 30
868599,I went to a body of water and said Tashlich
868600,I went under a ???? for Duchening
868601,"I helped setup, serve, or clean up by any meal"
868602,I davened Mincha and Maariv
868603,I said a ??? ???? during any meal
868604,I ate a new fruit for the Brocha Shehecheyanu
868605,I said extra Tehillim on Yom Tov
868606,I went to Shul and davened Shacharis nicely
868607,I went to Shul and davened Mincha and Maariv nicely
868608,I followed Krias Hatorah inside
868609,I went to a shiur on shabbos
868610,I listened quietly during Tekiyos
868611,I heard 100 Tekiyos without speaking between them about things that dont have to do with davening + the extra 30
868612,I went under a ???? for Duchening
868613,I fasted part of the day
868614,"I helped setup, serve, or clean up by any meal"
868615,I gave extra Tzedakah on this day
868616,I said a ??? ???? during any meal
868617,I followed Krias Hatorah and Haftorah inside
868618,I said extra Tehillim on Yom Tov
868619,I said my Selichos quota
868620,I went to Shul and davened Mincha and Maariv nicely
868621,I davened Mincha with Aneinu (if fasting)
868622,I went to a shiur on shabbos
868623,I fasted part of the day
868624,I gave extra Tzedakah on this day
868625,I followed Krias Hatorah and Haftorah inside
868626,I said my Selichos quota
868627,I davened Mincha with Aneinu (if fasting)
868628,I helped prepare for ??? ???
868629,"I reminded all the girls in my family to give ???? and light candles using their own candlesticks, and in their ??? clothing"
868630,I said Tehillim before Maariv
868631,I went to Shul and davened Maariv nicely
868632,"I wished someone ""Leshona Tova Tikoseiv Visaichosaim"""
868633,"I said ""Yehi Ratzon"" and ate an apple dipped in honey"
868634,I tasted a pomegranate
868635,"I ate from the head of a ram, sheep,or fish"
868636,I went to Shul and davened Shacharis nicely
868637,I followed Krias Hatorah inside
868638,I listened quietly during Tekiyos
868639,I heard 100 Tekiyos
868640,I went under a ???? for Duchening
868641,"I helped prepare, serve, or cleanup by any meal"
868642,I said a ??? ???? during any meal
868643,I said extra Tehillim on Yom Tov
868644,I went to a body of water and said Tashlich
868645,I davened Mincha and Maariv
868646,I ate a new fruit for the Brocha Shehecheyanu
868647,I went to Shul and davened Shacharis nicely
868648,I followed Krias Hatorah inside
868649,I listened quietly during Tekiyos
868650,I heard 100 Tekiyos without speaking between them about things that dont have to do with davening + the extra 30
868651,I went under a ???? for Duchening
868652,"I helped setup, serve, or clean up by any meal"
868653,I said a ??? ???? during any meal
868654,I said extra Tehillim on Yom Tov
868655,I went to Shul and davened Mincha and Maariv nicely
868656,I went to a shiur on shabbos
868657,I fasted part of the day
868658,I gave extra Tzedakah on this day
868659,I followed Krias Hatorah and Haftorah inside
868660,I said my Selichos quota
868661,I davened Mincha with Aneinu (if fasting)
868662,I helped prepare for ??? ???
868663,"I reminded all the girls in my family to give ???? and light candles using their own candlesticks, and in their ??? clothing"
868664,I said Tehillim before Maariv
868665,I went to Shul and davened Maariv nicely
868666,"I wished someone ""Leshona Tova Tikoseiv Visaichosaim"""
868667,"I said ""Yehi Ratzon"" and ate an apple dipped in honey"
868668,I tasted a pomegranate
868669,"I ate from the head of a ram, sheep,or fish"
868670,I went to Shul and davened Shacharis nicely
868671,I followed Krias Hatorah inside
868672,I listened quietly during Tekiyos
868673,I heard 100 Tekiyos
868674,I went under a ???? for Duchening
868675,"I helped prepare, serve, or cleanup by any meal"
868676,I said a ??? ???? during any meal
868677,I said extra Tehillim on Yom Tov
868678,I went to a body of water and said Tashlich
868679,I davened Mincha and Maariv
868680,I ate a new fruit for the Brocha Shehecheyanu
868681,I went to Shul and davened Shacharis nicely
868682,I followed Krias Hatorah inside
868683,I listened quietly during Tekiyos
868684,I heard 100 Tekiyos without speaking between them about things that dont have to do with davening + the extra 30
868685,I went under a ???? for Duchening
868686,"I helped setup, serve, or clean up by any meal"
868687,I said a ??? ???? during any meal
868688,I said extra Tehillim on Yom Tov
868689,I went to Shul and davened Mincha and Maariv nicely
868690,I went to a shiur on shabbos
868691,I fasted part of the day
868692,I gave extra Tzedakah on this day
868693,I followed Krias Hatorah and Haftorah inside
868694,I said my Selichos quota
868695,I davened Mincha with Aneinu (if fasting)
868696,I helped prepare for ??? ???
868697,"I reminded all the girls in my family to give ???? and light candles using their own candlesticks, and in their ??? clothing"
868698,I said Tehillim before Maariv
868699,I went to Shul and davened Maariv nicely
868700,"I wished someone ""Leshona Tova Tikoseiv Visaichosaim"""
868701,"I said ""Yehi Ratzon"" and ate an apple dipped in honey"
868702,I tasted a pomegranate
868703,"I ate from the head of a ram, sheep,or fish"
868704,I went to Shul and davened Shacharis nicely
868705,I followed Krias Hatorah inside
868706,I listened quietly during Tekiyos
868707,I heard 100 Tekiyos
868708,I went under a ???? for Duchening
868709,"I helped prepare, serve, or cleanup by any meal"
868710,I said a ??? ???? during any meal
868711,I helped prepare for ??? ???
868712,I said extra Tehillim on Yom Tov
868713,"I reminded all the girls in my family to give ???? and light candles using their own candlesticks, and in their ??? clothing"
868714,I went to a body of water and said Tashlich
868715,I said Tehillim before Maariv
868716,I went to Shul and davened Maariv nicely
868717,I davened Mincha and Maariv
868718,"I wished someone ""Leshona Tova Tikoseiv Visaichosaim"""
868719,I ate a new fruit for the Brocha Shehecheyanu
868720,"I said ""Yehi Ratzon"" and ate an apple dipped in honey"
868721,I did a special act of ????? ?? ???-Honoring your mother and father. Write your special act.
868722,I went to Shul and davened Shacharis nicely
868723,I tasted a pomegranate
868724,I learned something special about ?????? ???.
868725,I followed Krias Hatorah inside
868726,I helped prepare for ??? ???
868727,"I ate from the head of a ram, sheep,or fish"
868728,I listened quietly during Tekiyos
868729,"I reminded all the girls in my family to give ???? and light candles using their own candlesticks, and in their ??? clothing"
868730,I went to Shul and davened Shacharis nicely
868731,I heard 100 Tekiyos without speaking between them about things that dont have to do with davening + the extra 30
868732,I said Tehillim before Maariv
868733,I followed Krias Hatorah inside
868734,I went under a ???? for Duchening
868735,I went to Shul and davened Maariv nicely
868736,I listened quietly during Tekiyos
868737,"I helped setup, serve, or clean up by any meal"
868738,"I wished someone ""Leshona Tova Tikoseiv Visaichosaim"""
868739,I heard 100 Tekiyos
868740,I said a ??? ???? during any meal
868741,"I said ""Yehi Ratzon"" and ate an apple dipped in honey"
868742,I went under a ???? for Duchening
868743,I said extra Tehillim on Yom Tov
868744,"I helped prepare, serve, or cleanup by any meal"
868745,I tasted a pomegranate
868746,I went to Shul and davened Mincha and Maariv nicely
868747,I said a ??? ???? during any meal
868748,"I ate from the head of a ram, sheep,or fish"
868749,I went to a shiur on shabbos
868750,I said extra Tehillim on Yom Tov
868751,I went to Shul and davened Shacharis nicely
868752,I went to a body of water and said Tashlich
868753,I followed Krias Hatorah inside
868754,I fasted part of the day
868755,I davened Mincha and Maariv
868756,I listened quietly during Tekiyos
868757,I gave extra Tzedakah on this day
868758,I ate a new fruit for the Brocha Shehecheyanu
868759,I heard 100 Tekiyos
868760,I followed Krias Hatorah and Haftorah inside
868761,I went to Shul and davened Shacharis nicely
868762,I went under a ???? for Duchening
868763,I said my Selichos quota
868764,I followed Krias Hatorah inside
868765,"I helped prepare, serve, or cleanup by any meal"
868766,I davened Mincha with Aneinu (if fasting)
868767,I listened quietly during Tekiyos
868768,I said a ??? ???? during any meal
868769,I heard 100 Tekiyos without speaking between them about things that dont have to do with davening + the extra 30
868770,I said extra Tehillim on Yom Tov
868771,I went under a ???? for Duchening
868772,I went to a body of water and said Tashlich
868773,"I helped setup, serve, or clean up by any meal"
868774,I davened Mincha and Maariv
868775,I said a ??? ???? during any meal
868776,I ate a new fruit for the Brocha Shehecheyanu
868777,I said extra Tehillim on Yom Tov
868778,I went to Shul and davened Shacharis nicely
868779,I went to Shul and davened Mincha and Maariv nicely
868780,I followed Krias Hatorah inside
868781,I went to a shiur on shabbos
868782,I listened quietly during Tekiyos
868783,I fasted part of the day
868784,I heard 100 Tekiyos without speaking between them about things that dont have to do with davening + the extra 30
868785,I gave extra Tzedakah on this day
868786,I went under a ???? for Duchening
868787,I followed Krias Hatorah and Haftorah inside
868788,"I helped setup, serve, or clean up by any meal"
868789,I said my Selichos quota
868790,I said a ??? ???? during any meal
868791,I davened Mincha with Aneinu (if fasting)
868792,I said extra Tehillim on Yom Tov
868793,I went to Shul and davened Mincha and Maariv nicely
868794,I went to a shiur on shabbos
868795,I fasted part of the day
868796,I gave extra Tzedakah on this day
868797,I followed Krias Hatorah and Haftorah inside
868798,I said my Selichos quota
868799,I davened Mincha with Aneinu (if fasting)
868884,I did a special act of ????? ?? ???-Honoring your mother and father. Write your special act.
868885,I learned something special about ?????? ???.
868886,I did a special act of ????? ?? ???-Honoring your mother and father. Write your special act.
868887,I learned something special about ?????? ???.
868888,I did a special act of ????? ?? ???-Honoring your mother and father. Write your special act.
868889,I learned something special about ?????? ???.
868890,I did a special act of ????? ?? ???-Honoring your mother and father. Write your special act.
868891,I learned something special about ?????? ???.
868892,I did a special act of ????? ?? ???-Honoring your mother and father. Write your special act.
868893,I learned something special about ?????? ???.
868894,I did a special act of ????? ?? ???-Honoring your mother and father. Write your special act.
868895,I learned something special about ?????? ???.
869052,I helped prepare for ??? ???
869053,I gave ???? & lit candles using my own candlesticks and in my ??? clothing
869054,I davened Maariv nicely
869055,"I wished someone ""Leshona Tova Tikoseiv Visaichosaim"""
869056,"I said ""Yehi Ratzon"" and ate an apple dipped in honey"
869057,I tasted a pomegranate
869058,"I ate from the head of a ram, sheep,or fish"
869059,I went to Shul and davened Shacharis nicely
869060,I listened quietly during Tekiyos
869061,I heard 100 Tekiyos
869062,I listened to ???? ?????
869063,"I helped prepare, serve, or cleanup by any meal"
869064,I said a ??? ???? during any meal
869065,I went to a body of water and said Tashlich
869066,I lit ??? candles using my OWN candlesticks and in my ??? clothing
869067,I ate a new fruit for the Brocha Shehecheyanu
869068,I went to Shul and davened Shacharis nicely
869069,I listened quietly during Tekiyos
869070,I heard 100 Tekiyos
869071,I listened to ???? ?????
869072,"I helped setup, serve, or clean up by any meal"
869073,I said a ??? ???? during any meal
869074,I said extra Tehillim on Yom Tov
869075,I went to a shiur on shabbos
869076,I gave extra Tzedakah on this day
869077,I helped prepare for ??? ???
869078,I gave ???? & lit candles using my own candlesticks and in my ??? clothing
869079,I davened Maariv nicely
869080,"I wished someone ""Leshona Tova Tikoseiv Visaichosaim"""
869081,"I said ""Yehi Ratzon"" and ate an apple dipped in honey"
869082,I tasted a pomegranate
869083,"I ate from the head of a ram, sheep,or fish"
869084,I went to Shul and davened Shacharis nicely
869085,I listened quietly during Tekiyos
869086,I heard 100 Tekiyos
869087,I listened to ???? ?????
869088,"I helped prepare, serve, or cleanup by any meal"
869089,I said a ??? ???? during any meal
869090,I went to a body of water and said Tashlich
869091,I lit ??? candles using my OWN candlesticks and in my ??? clothing
869092,I ate a new fruit for the Brocha Shehecheyanu
869093,I went to Shul and davened Shacharis nicely
869094,I listened quietly during Tekiyos
869095,I heard 100 Tekiyos
869096,I listened to ???? ?????
869097,"I helped setup, serve, or clean up by any meal"
869098,I said a ??? ???? during any meal
869099,I said extra Tehillim on Yom Tov
869100,I went to a shiur on shabbos
869101,I gave extra Tzedakah on this day
869102,I helped prepare for ??? ???
869103,I gave ???? & lit candles using my own candlesticks and in my ??? clothing
869104,I davened Maariv nicely
869105,"I wished someone ""Leshona Tova Tikoseiv Visaichosaim"""
869106,"I said ""Yehi Ratzon"" and ate an apple dipped in honey"
869107,I tasted a pomegranate
869108,"I ate from the head of a ram, sheep,or fish"
869109,I went to Shul and davened Shacharis nicely
869110,I listened quietly during Tekiyos
869111,I heard 100 Tekiyos
869112,I listened to ???? ?????
869113,"I helped prepare, serve, or cleanup by any meal"
869114,I said a ??? ???? during any meal
869115,I went to a body of water and said Tashlich
869116,I lit ??? candles using my OWN candlesticks and in my ??? clothing
869117,I ate a new fruit for the Brocha Shehecheyanu
869118,I went to Shul and davened Shacharis nicely
869119,I listened quietly during Tekiyos
869120,I heard 100 Tekiyos
869121,I listened to ???? ?????
869122,"I helped setup, serve, or clean up by any meal"
869123,I said a ??? ???? during any meal
869124,I said extra Tehillim on Yom Tov
869125,I went to a shiur on shabbos
869126,I gave extra Tzedakah on this day
869127,I helped prepare for ??? ???
869128,I gave ???? & lit candles using my own candlesticks and in my ??? clothing
869129,I davened Maariv nicely
869130,"I wished someone ""Leshona Tova Tikoseiv Visaichosaim"""
869131,"I said ""Yehi Ratzon"" and ate an apple dipped in honey"
869132,I tasted a pomegranate
869133,"I ate from the head of a ram, sheep,or fish"
869134,I went to Shul and davened Shacharis nicely
869135,I listened quietly during Tekiyos
869136,I heard 100 Tekiyos
869137,I listened to ???? ?????
869138,"I helped prepare, serve, or cleanup by any meal"
869139,I said a ??? ???? during any meal
869140,I went to a body of water and said Tashlich
869141,I lit ??? candles using my OWN candlesticks and in my ??? clothing
869142,I ate a new fruit for the Brocha Shehecheyanu
869143,I went to Shul and davened Shacharis nicely
869144,I listened quietly during Tekiyos
869145,I heard 100 Tekiyos
869146,I listened to ???? ?????
869147,"I helped setup, serve, or clean up by any meal"
869148,I said a ??? ???? during any meal
869149,I said extra Tehillim on Yom Tov
869150,I went to a shiur on shabbos
869151,I gave extra Tzedakah on this day
869152,I helped prepare for ??? ???
869153,I gave ???? & lit candles using my own candlesticks and in my ??? clothing
869154,I davened Maariv nicely
869155,"I wished someone ""Leshona Tova Tikoseiv Visaichosaim"""
869156,"I said ""Yehi Ratzon"" and ate an apple dipped in honey"
869157,I tasted a pomegranate
869158,"I ate from the head of a ram, sheep,or fish"
869159,I went to Shul and davened Shacharis nicely
869160,I listened quietly during Tekiyos
869161,I heard 100 Tekiyos
869162,I listened to ???? ?????
869163,"I helped prepare, serve, or cleanup by any meal"
869164,I said a ??? ???? during any meal
869165,I went to a body of water and said Tashlich
869166,I lit ??? candles using my OWN candlesticks and in my ??? clothing
869167,I ate a new fruit for the Brocha Shehecheyanu
869168,I went to Shul and davened Shacharis nicely
869169,I listened quietly during Tekiyos
869170,I heard 100 Tekiyos
869171,I listened to ???? ?????
869172,"I helped setup, serve, or clean up by any meal"
869173,I said a ??? ???? during any meal
869174,I said extra Tehillim on Yom Tov
869175,I went to a shiur on shabbos
869176,I gave extra Tzedakah on this day
869177,I did a special act of ????? ?? ???-Honoring your mother and father. Write your special act.
869178,I learned something special about ?????? ???.
869179,I helped prepare for ??? ???
869180,I gave ???? & lit candles using my own candlesticks and in my ??? clothing
869181,I davened Maariv nicely
869182,"I wished someone ""Leshona Tova Tikoseiv Visaichosaim"""
869183,"I said ""Yehi Ratzon"" and ate an apple dipped in honey"
869184,I tasted a pomegranate
869185,"I ate from the head of a ram, sheep,or fish"
869186,I went to Shul and davened Shacharis nicely
869187,I listened quietly during Tekiyos
869188,I heard 100 Tekiyos
869189,I listened to ???? ?????
869190,"I helped prepare, serve, or cleanup by any meal"
869191,I said a ??? ???? during any meal
869192,I went to a body of water and said Tashlich
869193,I lit ??? candles using my OWN candlesticks and in my ??? clothing
869194,I ate a new fruit for the Brocha Shehecheyanu
869195,I went to Shul and davened Shacharis nicely
869196,I listened quietly during Tekiyos
869197,I heard 100 Tekiyos
869198,I listened to ???? ?????
869199,"I helped setup, serve, or clean up by any meal"
869200,I said a ??? ???? during any meal
869201,I said extra Tehillim on Yom Tov
869202,I went to a shiur on shabbos
869203,I gave extra Tzedakah on this day
869204,I helped prepare for ??? ???
869205,I gave ???? & lit candles using my own candlesticks and in my ??? clothing
869206,I davened Maariv nicely
869207,"I wished someone ""Leshona Tova Tikoseiv Visaichosaim"""
869208,"I said ""Yehi Ratzon"" and ate an apple dipped in honey"
869209,I tasted a pomegranate
869210,"I ate from the head of a ram, sheep,or fish"
869211,I went to Shul and davened Shacharis nicely
869212,I listened quietly during Tekiyos
869213,I heard 100 Tekiyos
869214,I listened to ???? ?????
869215,"I helped prepare, serve, or cleanup by any meal"
869216,I said a ??? ???? during any meal
869217,I went to a body of water and said Tashlich
869218,I lit ??? candles using my OWN candlesticks and in my ??? clothing
869219,I ate a new fruit for the Brocha Shehecheyanu
869220,I went to Shul and davened Shacharis nicely
869221,I listened quietly during Tekiyos
869222,I heard 100 Tekiyos
869223,I listened to ???? ?????
869224,"I helped setup, serve, or clean up by any meal"
869225,I said a ??? ???? during any meal
869226,I said extra Tehillim on Yom Tov
869227,I went to a shiur on shabbos
869228,I gave extra Tzedakah on this day
869229,I helped prepare for ??? ???
869230,I gave ???? & lit candles using my own candlesticks and in my ??? clothing
869231,I davened Maariv nicely
869232,"I wished someone ""Leshona Tova Tikoseiv Visaichosaim"""
869233,"I said ""Yehi Ratzon"" and ate an apple dipped in honey"
869234,I tasted a pomegranate
869235,"I ate from the head of a ram, sheep,or fish"
869236,I went to Shul and davened Shacharis nicely
869237,I listened quietly during Tekiyos
869238,I heard 100 Tekiyos
869239,I listened to ???? ?????
869240,"I helped prepare, serve, or cleanup by any meal"
869241,I said a ??? ???? during any meal
869242,I went to a body of water and said Tashlich
869243,I lit ??? candles using my OWN candlesticks and in my ??? clothing
869244,I ate a new fruit for the Brocha Shehecheyanu
869245,I went to Shul and davened Shacharis nicely
869246,I listened quietly during Tekiyos
869247,I heard 100 Tekiyos
869248,I listened to ???? ?????
869249,"I helped setup, serve, or clean up by any meal"
869250,I said a ??? ???? during any meal
869251,I said extra Tehillim on Yom Tov
869252,I went to a shiur on shabbos
869253,I gave extra Tzedakah on this day
869254,I helped prepare for ??? ???
869255,I gave ???? & lit candles using my own candlesticks and in my ??? clothing
869256,I davened Maariv nicely
869257,"I wished someone ""Leshona Tova Tikoseiv Visaichosaim"""
869258,"I said ""Yehi Ratzon"" and ate an apple dipped in honey"
869259,I tasted a pomegranate
869260,"I ate from the head of a ram, sheep,or fish"
869261,I went to Shul and davened Shacharis nicely
869262,I listened quietly during Tekiyos
869263,I heard 100 Tekiyos
869264,I listened to ???? ?????
869265,"I helped prepare, serve, or cleanup by any meal"
869266,I said a ??? ???? during any meal
869267,I went to a body of water and said Tashlich
869268,I lit ??? candles using my OWN candlesticks and in my ??? clothing
869269,I ate a new fruit for the Brocha Shehecheyanu
869270,I went to Shul and davened Shacharis nicely
869271,I listened quietly during Tekiyos
869272,I heard 100 Tekiyos
869273,I listened to ???? ?????
869274,"I helped setup, serve, or clean up by any meal"
869275,I said a ??? ???? during any meal
869276,I said extra Tehillim on Yom Tov
869277,I went to a shiur on shabbos
869278,I gave extra Tzedakah on this day
869279,I helped prepare for ??? ???
869280,I gave ???? & lit candles using my own candlesticks and in my ??? clothing
869281,I davened Maariv nicely
869282,"I wished someone ""Leshona Tova Tikoseiv Visaichosaim"""
869283,"I said ""Yehi Ratzon"" and ate an apple dipped in honey"
869284,I tasted a pomegranate
869285,"I ate from the head of a ram, sheep,or fish"
869286,I went to Shul and davened Shacharis nicely
869287,I listened quietly during Tekiyos
869288,I heard 100 Tekiyos
869289,I listened to ???? ?????
869290,"I helped prepare, serve, or cleanup by any meal"
869291,I said a ??? ???? during any meal
869292,I went to a body of water and said Tashlich
869293,I lit ??? candles using my OWN candlesticks and in my ??? clothing
869294,I ate a new fruit for the Brocha Shehecheyanu
869295,I went to Shul and davened Shacharis nicely
869296,I listened quietly during Tekiyos
869297,I heard 100 Tekiyos
869298,I listened to ???? ?????
869299,"I helped setup, serve, or clean up by any meal"
869300,I said a ??? ???? during any meal
869301,I said extra Tehillim on Yom Tov
869302,I went to a shiur on shabbos
869303,I gave extra Tzedakah on this day
869304,I helped prepare for ??? ???
869305,I gave ???? & lit candles using my own candlesticks and in my ??? clothing
869306,I davened Maariv nicely
869307,"I wished someone ""Leshona Tova Tikoseiv Visaichosaim"""
869308,"I said ""Yehi Ratzon"" and ate an apple dipped in honey"
869309,I tasted a pomegranate
869310,"I ate from the head of a ram, sheep,or fish"
869311,I went to Shul and davened Shacharis nicely
869312,I listened quietly during Tekiyos
869313,I heard 100 Tekiyos
869314,I listened to ???? ?????
869315,"I helped prepare, serve, or cleanup by any meal"
869316,I said a ??? ???? during any meal
869317,I went to a body of water and said Tashlich
869318,I lit ??? candles using my OWN candlesticks and in my ??? clothing
869319,I ate a new fruit for the Brocha Shehecheyanu
869320,I went to Shul and davened Shacharis nicely
869321,I listened quietly during Tekiyos
869322,I heard 100 Tekiyos
869323,I listened to ???? ?????
869324,"I helped setup, serve, or clean up by any meal"
869325,I said a ??? ???? during any meal
869326,I said extra Tehillim on Yom Tov
869327,I went to a shiur on shabbos
869328,I gave extra Tzedakah on this day
869329,I did a special act of ????? ?? ???-Honoring your mother and father. Write your special act.
869330,I learned something special about ?????? ???.
869331,I helped prepare for ??? ???
869332,I gave ???? & lit candles using my own candlesticks and in my ??? clothing
869333,I davened Maariv nicely
869334,"I wished someone ""Leshona Tova Tikoseiv Visaichosaim"""
869335,"I said ""Yehi Ratzon"" and ate an apple dipped in honey"
869336,I tasted a pomegranate
869337,"I ate from the head of a ram, sheep,or fish"
869338,I went to Shul and davened Shacharis nicely
869339,I listened quietly during Tekiyos
869340,I heard 100 Tekiyos
869341,I listened to ???? ?????
869342,"I helped prepare, serve, or cleanup by any meal"
869343,I said a ??? ???? during any meal
869344,I went to a body of water and said Tashlich
869345,I lit ??? candles using my OWN candlesticks and in my ??? clothing
869346,I ate a new fruit for the Brocha Shehecheyanu
869347,I went to Shul and davened Shacharis nicely
869348,I listened quietly during Tekiyos
869349,I heard 100 Tekiyos
869350,I listened to ???? ?????
869351,"I helped setup, serve, or clean up by any meal"
869352,I said a ??? ???? during any meal
869353,I said extra Tehillim on Yom Tov
869354,I went to a shiur on shabbos
869355,I gave extra Tzedakah on this day
869356,I helped prepare for ??? ???
869357,I gave ???? & lit candles using my own candlesticks and in my ??? clothing
869358,I davened Maariv nicely
869359,"I wished someone ""Leshona Tova Tikoseiv Visaichosaim"""
869360,"I said ""Yehi Ratzon"" and ate an apple dipped in honey"
869361,I tasted a pomegranate
869362,"I ate from the head of a ram, sheep,or fish"
869363,I went to Shul and davened Shacharis nicely
869364,I listened quietly during Tekiyos
869365,I heard 100 Tekiyos
869366,I listened to ???? ?????
869367,"I helped prepare, serve, or cleanup by any meal"
869368,I said a ??? ???? during any meal
869369,I went to a body of water and said Tashlich
869370,I lit ??? candles using my OWN candlesticks and in my ??? clothing
869371,I ate a new fruit for the Brocha Shehecheyanu
869372,I went to Shul and davened Shacharis nicely
869373,I listened quietly during Tekiyos
869374,I heard 100 Tekiyos
869375,I listened to ???? ?????
869376,"I helped setup, serve, or clean up by any meal"
869377,I said a ??? ???? during any meal
869378,I said extra Tehillim on Yom Tov
869379,I went to a shiur on shabbos
869380,I gave extra Tzedakah on this day
869381,I helped prepare for ??? ???
869382,I gave ???? & lit candles using my own candlesticks and in my ??? clothing
869383,I davened Maariv nicely
869384,"I wished someone ""Leshona Tova Tikoseiv Visaichosaim"""
869385,"I said ""Yehi Ratzon"" and ate an apple dipped in honey"
869386,I tasted a pomegranate
869387,"I ate from the head of a ram, sheep,or fish"
869388,I went to Shul and davened Shacharis nicely
869389,I listened quietly during Tekiyos
869390,I heard 100 Tekiyos
869391,I listened to ???? ?????
869392,"I helped prepare, serve, or cleanup by any meal"
869393,I said a ??? ???? during any meal
869394,I went to a body of water and said Tashlich
869395,I lit ??? candles using my OWN candlesticks and in my ??? clothing
869396,I ate a new fruit for the Brocha Shehecheyanu
869397,I went to Shul and davened Shacharis nicely
869398,I listened quietly during Tekiyos
869399,I heard 100 Tekiyos
869400,I listened to ???? ?????
869401,"I helped setup, serve, or clean up by any meal"
869402,I said a ??? ???? during any meal
869403,I said extra Tehillim on Yom Tov
869404,I went to a shiur on shabbos
869405,I gave extra Tzedakah on this day
869406,I helped prepare for ??? ???
869407,I gave ???? & lit candles using my own candlesticks and in my ??? clothing
869408,I davened Maariv nicely
869409,"I wished someone ""Leshona Tova Tikoseiv Visaichosaim"""
869410,"I said ""Yehi Ratzon"" and ate an apple dipped in honey"
869411,I tasted a pomegranate
869412,"I ate from the head of a ram, sheep,or fish"
869413,I went to Shul and davened Shacharis nicely
869414,I listened quietly during Tekiyos
869415,I heard 100 Tekiyos
869416,I listened to ???? ?????
869417,"I helped prepare, serve, or cleanup by any meal"
869418,I said a ??? ???? during any meal
869419,I went to a body of water and said Tashlich
869420,I lit ??? candles using my OWN candlesticks and in my ??? clothing
869421,I ate a new fruit for the Brocha Shehecheyanu
869422,I went to Shul and davened Shacharis nicely
869423,I listened quietly during Tekiyos
869424,I heard 100 Tekiyos
869425,I listened to ???? ?????
869426,"I helped setup, serve, or clean up by any meal"
869427,I said a ??? ???? during any meal
869428,I said extra Tehillim on Yom Tov
869429,I went to a shiur on shabbos
869430,I gave extra Tzedakah on this day
869431,I helped prepare for ??? ???
869432,I gave ???? & lit candles using my own candlesticks and in my ??? clothing
869433,I davened Maariv nicely
869434,"I wished someone ""Leshona Tova Tikoseiv Visaichosaim"""
869435,"I said ""Yehi Ratzon"" and ate an apple dipped in honey"
869436,I tasted a pomegranate
869437,"I ate from the head of a ram, sheep,or fish"
869438,I went to Shul and davened Shacharis nicely
869439,I listened quietly during Tekiyos
869440,I heard 100 Tekiyos
869441,I listened to ???? ?????
869442,"I helped prepare, serve, or cleanup by any meal"
869443,I said a ??? ???? during any meal
869444,I went to a body of water and said Tashlich
869445,I lit ??? candles using my OWN candlesticks and in my ??? clothing
869446,I ate a new fruit for the Brocha Shehecheyanu
869447,I went to Shul and davened Shacharis nicely
869448,I listened quietly during Tekiyos
869449,I heard 100 Tekiyos
869450,I listened to ???? ?????
869451,"I helped setup, serve, or clean up by any meal"
869452,I said a ??? ???? during any meal
869453,I said extra Tehillim on Yom Tov
869454,I went to a shiur on shabbos
869455,I gave extra Tzedakah on this day
869456,I helped prepare for ??? ???
869457,I gave ???? & lit candles using my own candlesticks and in my ??? clothing
869458,I davened Maariv nicely
869459,"I wished someone ""Leshona Tova Tikoseiv Visaichosaim"""
869460,"I said ""Yehi Ratzon"" and ate an apple dipped in honey"
869461,I tasted a pomegranate
869462,"I ate from the head of a ram, sheep,or fish"
869463,I went to Shul and davened Shacharis nicely
869464,I listened quietly during Tekiyos
869465,I heard 100 Tekiyos
869466,I listened to ???? ?????
869467,"I helped prepare, serve, or cleanup by any meal"
869468,I said a ??? ???? during any meal
869469,I went to a body of water and said Tashlich
869470,I lit ??? candles using my OWN candlesticks and in my ??? clothing
869471,I ate a new fruit for the Brocha Shehecheyanu
869472,I went to Shul and davened Shacharis nicely
869473,I listened quietly during Tekiyos
869474,I heard 100 Tekiyos
869475,I listened to ???? ?????
869476,"I helped setup, serve, or clean up by any meal"
869477,I said a ??? ???? during any meal
869478,I said extra Tehillim on Yom Tov
869479,I went to a shiur on shabbos
869480,I gave extra Tzedakah on this day
869481,I helped prepare for ??? ???
869482,I gave ???? & lit candles using my own candlesticks and in my ??? clothing
869483,I davened Maariv nicely
869484,"I wished someone ""Leshona Tova Tikoseiv Visaichosaim"""
869485,"I said ""Yehi Ratzon"" and ate an apple dipped in honey"
869486,I tasted a pomegranate
869487,"I ate from the head of a ram, sheep,or fish"
869488,I went to Shul and davened Shacharis nicely
869489,I listened quietly during Tekiyos
869490,I heard 100 Tekiyos
869491,I listened to ???? ?????
869492,"I helped prepare, serve, or cleanup by any meal"
869493,I said a ??? ???? during any meal
869494,I went to a body of water and said Tashlich
869495,I lit ??? candles using my OWN candlesticks and in my ??? clothing
869496,I ate a new fruit for the Brocha Shehecheyanu
869497,I went to Shul and davened Shacharis nicely
869498,I listened quietly during Tekiyos
869499,I heard 100 Tekiyos
869500,I listened to ???? ?????
869501,"I helped setup, serve, or clean up by any meal"
869502,I said a ??? ???? during any meal
869503,I said extra Tehillim on Yom Tov
869504,I went to a shiur on shabbos
869505,I gave extra Tzedakah on this day
869506,I did a special act of ????? ?? ???-Honoring your mother and father. Write your special act.
869507,I learned something special about ?????? ???.
869508,I listened to ???? ?????
869509,I lit candles and gave tzedokah using my OWN candlesticks and pushkas in my Shabbos clothing
869510,I davened my ????? quota nicely
869511,I listened to ???? ?????
869512,I davened my ???? quota nicely
869513,I listened to ???? ?????
869514,"I davened my ?????, ????, & ??? quotas"
869515,I davened my ???? quota nicely
869516,"I davened my ?????, ????, & ??? quotas"
869517,I davened my ???? quota nicely
869518,"I davened my ?????, ????, & ??? quotas"
869519,I davened my ???? quota nicely
869520,"I davened my ?????, ????, & ??? quotas"
869521,I lit candles and gave tzedokah using my OWN candlesticks and pushkas in my Shabbos clothing
869522,I davened my ???? and ????? quotas nicely
869523,I listened to ???? ?????
869524,I davened my ???? & ????? quotas nicely
869525,I davened my ????? and ???? quotas nicely
869526,I listened to ???? ?????
869527,I ate a new fruit for the Brocha Shehecheyanu
869528,I went to Shul and davened Shacharis nicely
869529,I followed Krias Hatorah inside
869530,I listened quietly during Tekiyos
869531,I heard 100 Tekiyos without speaking between them about things that dont have to do with davening + the extra 30
869532,I listened to ???? ?????
869533,"I helped setup, serve, or clean up by any meal"
869534,I said a ??? ???? during any meal
869535,I said extra Tehillim on Yom Tov
869536,I davened Mincha nicely
869537,I fasted part of the day
869538,I gave extra Tzedakah on this day
869539,I followed Krias Hatorah and Haftorah inside
869540,I said my Selichos quota
869541,I davened Mincha with Aneinu (if fasting)
869542,I helped prepare for ??? ???
869543,I gave ???? & lit candles using my own candlesticks and in my ??? clothing
869544,I said Tehillim before Maariv
869545,I went to Shul and davened Maariv nicely
869546,"I wished someone ""Leshona Tova Tikoseiv Visaichosaim"""
869547,"I said ""Yehi Ratzon"" and ate an apple dipped in honey"
869548,I tasted a pomegranate
869549,"I ate from the head of a ram, sheep,or fish"
869550,I went to Shul and davened Shacharis nicely
869551,I followed Krias Hatorah inside
869552,I listened quietly during Tekiyos
869553,I heard 100 Tekiyos
869554,I listened to ???? ?????
869555,"I helped prepare, serve, or cleanup by any meal"
869556,I said a ??? ???? during any meal
869557,I said extra Tehillim on Yom Tov
869558,I went to a body of water and said Tashlich
869559,I davened Mincha and Maariv
869560,I lit ??? candles using my OWN candlesticks and in my ??? clothing
869561,I ate a new fruit for the Brocha Shehecheyanu
869562,I went to Shul and davened Shacharis nicely
869563,I followed Krias Hatorah inside
869564,I listened quietly during Tekiyos
869565,I heard 100 Tekiyos without speaking between them about things that dont have to do with davening + the extra 30
869566,I listened to ???? ?????
869567,"I helped setup, serve, or clean up by any meal"
869568,I said a ??? ???? during any meal
869569,I said extra Tehillim on Yom Tov
869570,I davened Mincha nicely
869571,I fasted part of the day
869572,I gave extra Tzedakah on this day
869573,I followed Krias Hatorah and Haftorah inside
869574,I said my Selichos quota
869575,I davened Mincha with Aneinu (if fasting)
869576,I helped prepare for ??? ???
869577,I gave ???? & lit candles using my own candlesticks and in my ??? clothing
869578,I said Tehillim before Maariv
869579,I went to Shul and davened Maariv nicely
869580,"I wished someone ""Leshona Tova Tikoseiv Visaichosaim"""
869581,"I said ""Yehi Ratzon"" and ate an apple dipped in honey"
869582,I tasted a pomegranate
869583,"I ate from the head of a ram, sheep,or fish"
869584,I went to Shul and davened Shacharis nicely
869585,I followed Krias Hatorah inside
869586,I listened quietly during Tekiyos
869587,I heard 100 Tekiyos
869588,I listened to ???? ?????
869589,"I helped prepare, serve, or cleanup by any meal"
869590,I said a ??? ???? during any meal
869591,I said extra Tehillim on Yom Tov
869592,I went to a body of water and said Tashlich
869593,I davened Mincha and Maariv
869594,I lit ??? candles using my OWN candlesticks and in my ??? clothing
869595,I ate a new fruit for the Brocha Shehecheyanu
869596,I went to Shul and davened Shacharis nicely
869597,I followed Krias Hatorah inside
869598,I listened quietly during Tekiyos
869599,I heard 100 Tekiyos without speaking between them about things that dont have to do with davening + the extra 30
869600,I listened to ???? ?????
869601,"I helped setup, serve, or clean up by any meal"
869602,I said a ??? ???? during any meal
869603,I said extra Tehillim on Yom Tov
869604,I davened Mincha nicely
869605,I fasted part of the day
869606,I gave extra Tzedakah on this day
869607,I followed Krias Hatorah and Haftorah inside
869608,I said my Selichos quota
869609,I davened Mincha with Aneinu (if fasting)
869610,I helped prepare for ??? ???
869611,I gave ???? & lit candles using my own candlesticks and in my ??? clothing
869612,I said Tehillim before Maariv
869613,I went to Shul and davened Maariv nicely
869614,"I wished someone ""Leshona Tova Tikoseiv Visaichosaim"""
869615,"I said ""Yehi Ratzon"" and ate an apple dipped in honey"
869616,I tasted a pomegranate
869617,"I ate from the head of a ram, sheep,or fish"
869618,I went to Shul and davened Shacharis nicely
869619,I followed Krias Hatorah inside
869620,I listened quietly during Tekiyos
869621,I heard 100 Tekiyos
869622,I listened to ???? ?????
869623,"I helped prepare, serve, or cleanup by any meal"
869624,I said a ??? ???? during any meal
869625,I said extra Tehillim on Yom Tov
869626,I went to a body of water and said Tashlich
869627,I davened Mincha and Maariv
869628,I lit ??? candles using my OWN candlesticks and in my ??? clothing
869629,I ate a new fruit for the Brocha Shehecheyanu
869630,I went to Shul and davened Shacharis nicely
869631,I followed Krias Hatorah inside
869632,I listened quietly during Tekiyos
869633,I heard 100 Tekiyos without speaking between them about things that dont have to do with davening + the extra 30
869634,I listened to ???? ?????
869635,"I helped setup, serve, or clean up by any meal"
869636,I said a ??? ???? during any meal
869637,I said extra Tehillim on Yom Tov
869638,I davened Mincha nicely
869639,I fasted part of the day
869640,I gave extra Tzedakah on this day
869641,I followed Krias Hatorah and Haftorah inside
869642,I said my Selichos quota
869643,I davened Mincha with Aneinu (if fasting)
869644,I helped prepare for ??? ???
869645,I gave ???? & lit candles using my own candlesticks and in my ??? clothing
869646,I said Tehillim before Maariv
869647,I went to Shul and davened Maariv nicely
869648,"I wished someone ""Leshona Tova Tikoseiv Visaichosaim"""
869649,"I said ""Yehi Ratzon"" and ate an apple dipped in honey"
869650,I tasted a pomegranate
869651,"I ate from the head of a ram, sheep,or fish"
869652,I went to Shul and davened Shacharis nicely
869653,I followed Krias Hatorah inside
869654,I listened quietly during Tekiyos
869655,I heard 100 Tekiyos
869656,I listened to ???? ?????
869657,"I helped prepare, serve, or cleanup by any meal"
869658,I said a ??? ???? during any meal
869659,I said extra Tehillim on Yom Tov
869660,I went to a body of water and said Tashlich
869661,I davened Mincha and Maariv
869662,I lit ??? candles using my OWN candlesticks and in my ??? clothing
869663,I ate a new fruit for the Brocha Shehecheyanu
869664,I went to Shul and davened Shacharis nicely
869665,I followed Krias Hatorah inside
869666,I listened quietly during Tekiyos
869667,I heard 100 Tekiyos without speaking between them about things that dont have to do with davening + the extra 30
869668,I listened to ???? ?????
869669,"I helped setup, serve, or clean up by any meal"
869670,I said a ??? ???? during any meal
869671,I said extra Tehillim on Yom Tov
869672,I davened Mincha nicely
869673,I fasted part of the day
869674,I gave extra Tzedakah on this day
869675,I followed Krias Hatorah and Haftorah inside
869676,I said my Selichos quota
869677,I davened Mincha with Aneinu (if fasting)
869678,I helped prepare for ??? ???
869679,I gave ???? & lit candles using my own candlesticks and in my ??? clothing
869680,I said Tehillim before Maariv
869681,I went to Shul and davened Maariv nicely
869682,"I wished someone ""Leshona Tova Tikoseiv Visaichosaim"""
869683,"I said ""Yehi Ratzon"" and ate an apple dipped in honey"
869684,I tasted a pomegranate
869685,"I ate from the head of a ram, sheep,or fish"
869686,I went to Shul and davened Shacharis nicely
869687,I followed Krias Hatorah inside
869688,I listened quietly during Tekiyos
869689,I heard 100 Tekiyos
869690,I listened to ???? ?????
869691,"I helped prepare, serve, or cleanup by any meal"
869692,I said a ??? ???? during any meal
869693,I said extra Tehillim on Yom Tov
869694,I went to a body of water and said Tashlich
869695,I davened Mincha and Maariv
869696,I lit ??? candles using my OWN candlesticks and in my ??? clothing
869697,I ate a new fruit for the Brocha Shehecheyanu
869698,I went to Shul and davened Shacharis nicely
869699,I followed Krias Hatorah inside
869700,I listened quietly during Tekiyos
869701,I heard 100 Tekiyos without speaking between them about things that dont have to do with davening + the extra 30
869702,I listened to ???? ?????
869703,"I helped setup, serve, or clean up by any meal"
869704,I said a ??? ???? during any meal
869705,I said extra Tehillim on Yom Tov
869706,I davened Mincha nicely
869707,I fasted part of the day
869708,I gave extra Tzedakah on this day
869709,I followed Krias Hatorah and Haftorah inside
869710,I said my Selichos quota
869711,I davened Mincha with Aneinu (if fasting)
869712,I helped prepare for ??? ???
869713,I gave ???? & lit candles using my own candlesticks and in my ??? clothing
869714,I said Tehillim before Maariv
869715,I went to Shul and davened Maariv nicely
869716,"I wished someone ""Leshona Tova Tikoseiv Visaichosaim"""
869717,"I said ""Yehi Ratzon"" and ate an apple dipped in honey"
869718,I tasted a pomegranate
869719,"I ate from the head of a ram, sheep,or fish"
869720,I went to Shul and davened Shacharis nicely
869721,I followed Krias Hatorah inside
869722,I listened quietly during Tekiyos
869723,I heard 100 Tekiyos
869724,I listened to ???? ?????
869725,"I helped prepare, serve, or cleanup by any meal"
869726,I said a ??? ???? during any meal
869727,I said extra Tehillim on Yom Tov
869728,I went to a body of water and said Tashlich
869729,I davened Mincha and Maariv
869730,I lit ??? candles using my OWN candlesticks and in my ??? clothing
869731,I ate a new fruit for the Brocha Shehecheyanu
869732,I went to Shul and davened Shacharis nicely
869733,I followed Krias Hatorah inside
869734,I listened quietly during Tekiyos
869735,I heard 100 Tekiyos without speaking between them about things that dont have to do with davening + the extra 30
869736,I listened to ???? ?????
869737,"I helped setup, serve, or clean up by any meal"
869738,I said a ??? ???? during any meal
869739,I said extra Tehillim on Yom Tov
869740,I davened Mincha nicely
869741,I fasted part of the day
869742,I gave extra Tzedakah on this day
869743,I followed Krias Hatorah and Haftorah inside
869744,I said my Selichos quota
869745,I davened Mincha with Aneinu (if fasting)
869746,I helped prepare for ??? ???
869747,I gave ???? & lit candles using my own candlesticks and in my ??? clothing
869748,I said Tehillim before Maariv
869749,I went to Shul and davened Maariv nicely
869750,"I wished someone ""Leshona Tova Tikoseiv Visaichosaim"""
869751,"I said ""Yehi Ratzon"" and ate an apple dipped in honey"
869752,I tasted a pomegranate
869753,"I ate from the head of a ram, sheep,or fish"
869754,I went to Shul and davened Shacharis nicely
869755,I followed Krias Hatorah inside
869756,I listened quietly during Tekiyos
869757,I heard 100 Tekiyos
869758,I listened to ???? ?????
869759,"I helped prepare, serve, or cleanup by any meal"
869760,I said a ??? ???? during any meal
869761,I said extra Tehillim on Yom Tov
869762,I went to a body of water and said Tashlich
869763,I davened Mincha and Maariv
869764,I lit ??? candles using my OWN candlesticks and in my ??? clothing
869765,I ate a new fruit for the Brocha Shehecheyanu
869766,I went to Shul and davened Shacharis nicely
869767,I followed Krias Hatorah inside
869768,I listened quietly during Tekiyos
869769,I heard 100 Tekiyos without speaking between them about things that dont have to do with davening + the extra 30
869770,I listened to ???? ?????
869771,"I helped setup, serve, or clean up by any meal"
869772,I said a ??? ???? during any meal
869773,I said extra Tehillim on Yom Tov
869774,I davened Mincha nicely
869775,I fasted part of the day
869776,I gave extra Tzedakah on this day
869777,I followed Krias Hatorah and Haftorah inside
869778,I said my Selichos quota
869779,I davened Mincha with Aneinu (if fasting)
869780,I helped prepare for ??? ???
869781,I gave ???? & lit candles using my own candlesticks and in my ??? clothing
869782,I said Tehillim before Maariv
869783,I went to Shul and davened Maariv nicely
869784,"I wished someone ""Leshona Tova Tikoseiv Visaichosaim"""
869785,"I said ""Yehi Ratzon"" and ate an apple dipped in honey"
869786,I tasted a pomegranate
869787,"I ate from the head of a ram, sheep,or fish"
869788,I went to Shul and davened Shacharis nicely
869789,I followed Krias Hatorah inside
869790,I listened quietly during Tekiyos
869791,I heard 100 Tekiyos
869792,I listened to ???? ?????
869793,"I helped prepare, serve, or cleanup by any meal"
869794,I said a ??? ???? during any meal
869795,I said extra Tehillim on Yom Tov
869796,I went to a body of water and said Tashlich
869797,I davened Mincha and Maariv
869798,I lit ??? candles using my OWN candlesticks and in my ??? clothing
869799,I ate a new fruit for the Brocha Shehecheyanu
869800,I went to Shul and davened Shacharis nicely
869801,I followed Krias Hatorah inside
869802,I listened quietly during Tekiyos
869803,I heard 100 Tekiyos without speaking between them about things that dont have to do with davening + the extra 30
869804,I listened to ???? ?????
869805,"I helped setup, serve, or clean up by any meal"
869806,I said a ??? ???? during any meal
869807,I said extra Tehillim on Yom Tov
869808,I davened Mincha nicely
869809,I fasted part of the day
869810,I gave extra Tzedakah on this day
869811,I followed Krias Hatorah and Haftorah inside
869812,I said my Selichos quota
869813,I davened Mincha with Aneinu (if fasting)
869814,I did a special act of ????? ?? ???-Honoring your mother and father. Write your special act.
869815,I learned something special about ?????? ???.
869816,I did a special act of ????? ?? ???-Honoring your mother and father. Write your special act.
869817,I learned something special about ?????? ???.
869818,I did a special act of ????? ?? ???-Honoring your mother and father. Write your special act.
869819,I learned something special about ?????? ???.
869820,I did a special act of ????? ?? ???-Honoring your mother and father. Write your special act.
869821,I learned something special about ?????? ???.
869948,I did a special act of ????? ?? ???-Honoring your mother and father. Write your special act.
869949,I learned something special about ?????? ???.
869950,I did a special act of ????? ?? ???-Honoring your mother and father. Write your special act.
869951,I learned something special about ?????? ???.
869952,I did a special act of ????? ?? ???-Honoring your mother and father. Write your special act.
869953,I learned something special about ?????? ???.
870074,I did a special act of ????? ?? ???-Honoring your mother and father. Write your special act.
870075,I learned something special about ?????? ???.
870196,I did a special act of ????? ?? ???-Honoring your mother and father. Write your special act.
870197,I learned something special about ?????? ???.
870198,I did a special act of ????? ?? ???-Honoring your mother and father. Write your special act.
870199,I learned something special about ?????? ???.
870200,I did a special act of ????? ?? ???-Honoring your mother and father. Write your special act.
870201,I learned something special about ?????? ???.
870202,I did a special act of ????? ?? ???-Honoring your mother and father. Write your special act.
870203,I learned something special about ?????? ???.
870204,I did a special act of ????? ?? ???-Honoring your mother and father. Write your special act.
870205,I learned something special about ?????? ???.
870206,I did a special act of ????? ?? ???-Honoring your mother and father. Write your special act.
870207,I learned something special about ?????? ???.
870208,I did a special act of ????? ?? ???-Honoring your mother and father. Write your special act.
870209,I learned something special about ?????? ???.
870210,I did a special act of ????? ?? ???-Honoring your mother and father. Write your special act.
870211,I learned something special about ?????? ???.
870212,I did a special act of ????? ?? ???-Honoring your mother and father. Write your special act.
870213,I learned something special about ?????? ???.
870214,I did a special act of ????? ?? ???-Honoring your mother and father. Write your special act.
870215,I learned something special about ?????? ???.
870336,I did a special act of ????? ?? ???-Honoring your mother and father. Write your special act.
870337,I learned something special about ?????? ???.
870338,I did a special act of ????? ?? ???-Honoring your mother and father. Write your special act.
870339,I learned something special about ?????? ???.
870460,I did a special act of ????? ?? ???-Honoring your mother and father. Write your special act.
870461,I learned something special about ?????? ???.
870462,I did a special act of ????? ?? ???-Honoring your mother and father. Write your special act.
870463,I learned something special about ?????? ???.
870584,I did a special act of ????? ?? ???-Honoring your mother and father. Write your special act.
870585,I learned something special about ?????? ???.
870586,I did a special act of ????? ?? ???-Honoring your mother and father. Write your special act.
870587,I learned something special about ?????? ???.
870708,I did a special act of ????? ?? ???-Honoring your mother and father. Write your special act.
870709,I learned something special about ?????? ???.
871244,I asked my friends for forgiveness
871245,I asked for Lekach- honey cake
871246,I gave extra ????
871247,I ate the first ????? (with kreplach)
871248,I ate the ????? ??????
871249,I received a ???? ?????
871250,"I reminded all the girls in my family to give ???? and light candles using their own candlesticks, and in their ??? clothing"
871251,I went to ??? for ?? ???? and davened my quota nicely
871252,I said extra ?????? after ?????
871487,I behaved extra well because my parents were fasting
871488,I went to ??? and davened my ????? quota nicely
871489,I went under the ???? for duchening
871490,"I said "" ...???, ???? ??, ?' ???"" out loud"
871491,I sang Napolean's March before ???? blowing
871612,"I heard the ???? and said ""???? ??? ????????"""
871613,I spoke about or helped build the ???? on ????? ??? ?????
872454,"I sang a niggun connected to the ??? ???''?- ""Lechatchilla Arriber"""
872455,I took part of a Farbrengen
872456,"I reminded alll the girls in my family to give ???? and light candles using their own candlesticks, and in their ??? clothing"
872457,"I ate & drank in the ???? and said ""???? ?????"""
872458,I shook ???? and ?????
872459,I went to ??? and davened my ????? and ???? quotas nicely
872460,I went under the ???? for Duchening
872461,I went to ??? and davened my ????? and ???? quotas
872462,I went under a ???? for Duchening
872463,"I ate & drank in the ???? and said ""???? ?????"""
872464,"I helped set up, serve, or clean up by any meal"
872465,I said or heard a ??? ???? during any meal
872466,I had a Rev'iis of grape juice
872467,"I ate & drank in the ???? and said ""???? ?????"""
872468,I learned ???? for at least 10 minutes
872469,I participated in ???? ??? ??????
873190,I shook the ???? and ?????
873191,"I davened my ?????, ????, & ??? quotas "
873192,I had a Rev'iis of grape juice
873193,"I ate & drank in the ???? and said ""???? ?????"""
873194,I learned ???? for at least 10 minutes
873195,I participated in ???? ??? ??????
873196,I shook the ???? and ?????
873197,"I davened my ?????, ????, & ??? quotas "
873198,I had a Rev'iis of grape juice
873199,"I ate & drank in the ???? and said ""???? ?????"""
873200,I learned ???? for at least 10 minutes
873201,I participated in ???? ??? ??????
873202,I shook the ???? and ?????
873203,"I davened my ?????, ????, & ??? quotas "
873204,I had a Rev'iis of grape juice
873205,"I ate & drank in the ???? and said ""???? ?????"""
873206,I learned ???? for at least 10 minutes
873207,I participated in ???? ??? ??????
873286,I shook the ???? and ?????
873287,"I davened my ?????, ????, & ??? quotas "
873288,I had a Rev'iis of grape juice
873289,"I ate & drank in the ???? and said ""???? ?????"""
873290,I learned ???? for at least 10 minutes
873291,"I ate ?????? and ""klapped Hoshanas"""
873292,I helped prepare for ??? ???
873293,"I reminded all the girls in my family to give ???? and light candles using their own candlesticks, and in their ??? clothing"
873294,I went to ???
873295,I participated in ?????
873296,I went under the ???? for Duchening
873297,"I started saying ""???? ???? ?????? ????"""
873298,I ate and drank in the ????
873299,"I helped set up, serve, or clean up by any meal"
873300,I said or heard a ??? ???? during any meal
873301,I went to ???
873302,I participated in ?????
873303,I went to ??? and davened my ????? and ???? quotas nicely
873304,I went under the ???? for Duchening
873305,I had an ???-? with all the kinderlach
873306,I participated in ?????
873307,"I said ""??? ??? ??????"" after we finished reading the whole ????"
873308,"I helped set up, serve, or clean up by any meal"
873309,I said or heard a ??? ???? during any meal
873310,"I went to a Farbrengen on ??? ?????? and extended Yom Tov into the week, and sang the Rebbaims niggunim."
873311,I did something special on ??? ?????? because this ??? will affect my whole year.
873312,I did Kapparos (anytime before ??? ?????)
873313,I asked my friends for forgiveness
873314,I asked for Lekach- honey cake
873315,I gave extra ????
873316,I ate the first ????? (with kreplach)
873317,I ate the ????? ??????
873318,I received a ???? ?????
873319,"I reminded all the girls in my family to give ???? and light candles using their own candlesticks, and in their ??? clothing"
873320,I went to ??? for ?? ???? and davened my quota nicely
873321,I said extra ?????? after ?????
873322,I fasted part of the day
873323,I behaved extra well because my parents were fasting
873324,I went to ??? and davened my ????? quota nicely
873325,I went under the ???? for duchening
873326,"I said "" ...???, ???? ??, ?' ???"" out loud"
873327,I sang Napolean's March before ???? blowing
873328,"I heard the ???? and said ""???? ??? ????????"""
873329,I spoke about or helped build the ???? on ????? ??? ?????
873330,I learned something about the ??? ???''?
873331,"I sang a niggun connected to the ??? ???''?- ""Lechatchilla Arriber"""
873332,I took part of a Farbrengen
873333,I helped prepare for ??? ???
873334,"I reminded alll the girls in my family to give ???? and light candles using their own candlesticks, and in their ??? clothing"
873335,"I ate & drank in the ???? and said ""???? ?????"""
873336,I shook ???? and ?????
873337,I went to ??? and davened my ????? and ???? quotas nicely
873338,I went under the ???? for Duchening
873339,I shook ???? and ?????
873340,I went to ??? and davened my ????? and ???? quotas
873341,I went under a ???? for Duchening
873342,"I ate & drank in the ???? and said ""???? ?????"""
873343,"I helped set up, serve, or clean up by any meal"
873344,I said or heard a ??? ???? during any meal
873345,"I davened my ?????, ????, & ??? quotas "
873346,I had a Rev'iis of grape juice
873347,"I ate & drank in the ???? and said ""???? ?????"""
873348,I learned ???? for at least 10 minutes
873349,I participated in ???? ??? ??????
873350,I shook the ???? and ?????
873351,"I davened my ?????, ????, & ??? quotas "
873352,I had a Rev'iis of grape juice
873353,"I ate & drank in the ???? and said ""???? ?????"""
873354,I learned ???? for at least 10 minutes
873355,I participated in ???? ??? ??????
873356,I shook the ???? and ?????
873357,"I davened my ?????, ????, & ??? quotas "
873358,I had a Rev'iis of grape juice
873359,"I ate & drank in the ???? and said ""???? ?????"""
873360,I learned ???? for at least 10 minutes
873361,I participated in ???? ??? ??????
873362,I shook the ???? and ?????
873363,"I davened my ?????, ????, & ??? quotas "
873364,I had a Rev'iis of grape juice
873365,"I ate & drank in the ???? and said ""???? ?????"""
873366,I learned ???? for at least 10 minutes
873367,I participated in ???? ??? ??????
873368,I shook the ???? and ?????
873369,"I davened my ?????, ????, & ??? quotas "
873370,I had a Rev'iis of grape juice
873371,"I ate & drank in the ???? and said ""???? ?????"""
873372,I learned ???? for at least 10 minutes
873373,"I ate ?????? and ""klapped Hoshanas"""
873374,I helped prepare for ??? ???
873375,"I reminded all the girls in my family to give ???? and light candles using their own candlesticks, and in their ??? clothing"
873376,I went to ???
873377,I participated in ?????
873378,I went to ??? and davened my ????? and ???? quotas nicely
873379,I went under the ???? for Duchening
873380,"I started saying ""???? ???? ?????? ????"""
873381,I ate and drank in the ????
873382,"I helped set up, serve, or clean up by any meal"
873383,I said or heard a ??? ???? during any meal
873384,I went to ???
873385,I participated in ?????
873386,I went to ??? and davened my ????? and ???? quotas nicely
873387,I went under the ???? for Duchening
873388,I had an ???-? with all the kinderlach
873389,I participated in ?????
873390,"I said ""??? ??? ??????"" after we finished reading the whole ????"
873391,"I helped set up, serve, or clean up by any meal"
873392,I said or heard a ??? ???? during any meal
873393,"I went to a Farbrengen on ??? ?????? and extended Yom Tov into the week, and sang the Rebbaims niggunim."
873394,I did something special on ??? ?????? because this ??? will affect my whole year.
873395,I did Kapparos (anytime before ??? ?????)
873396,I asked my friends for forgiveness
873397,I asked for Lekach- honey cake
873398,I gave extra ????
873399,I ate the first ????? (with kreplach)
873400,I ate the ????? ??????
873401,I received a ???? ?????
873402,"I reminded all the girls in my family to give ???? and light candles using their own candlesticks, and in their ??? clothing"
873403,I went to ??? for ?? ???? and davened my quota nicely
873404,I said extra ?????? after ?????
873405,I fasted part of the day
873406,I behaved extra well because my parents were fasting
873407,I went to ??? and davened my ????? quota nicely
873408,I went under the ???? for duchening
873409,"I said "" ...???, ???? ??, ?' ???"" out loud"
873410,I sang Napolean's March before ???? blowing
873411,"I heard the ???? and said ""???? ??? ????????"""
873412,I spoke about or helped build the ???? on ????? ??? ?????
873413,I learned something about the ??? ???''?
873414,"I sang a niggun connected to the ??? ???''?- ""Lechatchilla Arriber"""
873415,I took part of a Farbrengen
873416,I helped prepare for ??? ???
873417,"I reminded alll the girls in my family to give ???? and light candles using their own candlesticks, and in their ??? clothing"
873418,"I ate & drank in the ???? and said ""???? ?????"""
873419,I shook ???? and ?????
873420,I went to ??? and davened my ????? and ???? quotas nicely
873421,I went under the ???? for Duchening
873422,I shook ???? and ?????
873423,I went to ??? and davened my ????? and ???? quotas
873424,I went under a ???? for Duchening
873425,"I ate & drank in the ???? and said ""???? ?????"""
873426,"I helped set up, serve, or clean up by any meal"
873427,I said or heard a ??? ???? during any meal
873428,"I davened my ?????, ????, & ??? quotas "
873429,I had a Rev'iis of grape juice
873430,"I ate & drank in the ???? and said ""???? ?????"""
873431,I learned ???? for at least 10 minutes
873432,I participated in ???? ??? ??????
873433,I shook the ???? and ?????
873434,"I davened my ?????, ????, & ??? quotas "
873435,I had a Rev'iis of grape juice
873436,"I ate & drank in the ???? and said ""???? ?????"""
873437,I learned ???? for at least 10 minutes
873438,I participated in ???? ??? ??????
873439,I shook the ???? and ?????
873440,"I davened my ?????, ????, & ??? quotas "
873441,I had a Rev'iis of grape juice
873442,"I ate & drank in the ???? and said ""???? ?????"""
873443,I learned ???? for at least 10 minutes
873444,I participated in ???? ??? ??????
873445,I shook the ???? and ?????
873446,"I davened my ?????, ????, & ??? quotas "
873447,I had a Rev'iis of grape juice
873448,"I ate & drank in the ???? and said ""???? ?????"""
873449,I learned ???? for at least 10 minutes
873450,I participated in ???? ??? ??????
873451,I shook the ???? and ?????
873452,"I davened my ?????, ????, & ??? quotas "
873453,I had a Rev'iis of grape juice
873454,"I ate & drank in the ???? and said ""???? ?????"""
873455,I learned ???? for at least 10 minutes
873456,"I ate ?????? and ""klapped Hoshanas"""
873457,I helped prepare for ??? ???
873458,"I reminded all the girls in my family to give ???? and light candles using their own candlesticks, and in their ??? clothing"
873459,I went to ???
873460,I participated in ?????
873461,I went to ??? and davened my ????? and ???? quotas nicely
873462,I went under the ???? for Duchening
873463,"I started saying ""???? ???? ?????? ????"""
873464,I ate and drank in the ????
873465,"I helped set up, serve, or clean up by any meal"
873466,I said or heard a ??? ???? during any meal
873467,I went to ???
873468,I participated in ?????
873469,I went to ??? and davened my ????? and ???? quotas nicely
873470,I went under the ???? for Duchening
873471,I had an ???-? with all the kinderlach
873472,I participated in ?????
873473,"I said ""??? ??? ??????"" after we finished reading the whole ????"
873474,"I helped set up, serve, or clean up by any meal"
873475,I said or heard a ??? ???? during any meal
873476,"I went to a Farbrengen on ??? ?????? and extended Yom Tov into the week, and sang the Rebbaims niggunim."
873477,I did something special on ??? ?????? because this ??? will affect my whole year.
873478,I did Kapparos (anytime before ??? ?????)
873479,I asked my friends for forgiveness
873480,I asked for Lekach- honey cake
873481,I gave extra ????
873482,I ate the first ????? (with kreplach)
873483,I ate the ????? ??????
873484,I received a ???? ?????
873485,"I reminded all the girls in my family to give ???? and light candles using their own candlesticks, and in their ??? clothing"
873486,I went to ??? for ?? ???? and davened my quota nicely
873487,I said extra ?????? after ?????
873488,I fasted part of the day
873489,I behaved extra well because my parents were fasting
873490,I went to ??? and davened my ????? quota nicely
873491,I went under the ???? for duchening
873492,"I said "" ...???, ???? ??, ?' ???"" out loud"
873493,I sang Napolean's March before ???? blowing
873494,"I heard the ???? and said ""???? ??? ????????"""
873495,I spoke about or helped build the ???? on ????? ??? ?????
873496,I learned something about the ??? ???''?
873497,"I sang a niggun connected to the ??? ???''?- ""Lechatchilla Arriber"""
873498,I took part of a Farbrengen
873499,I helped prepare for ??? ???
873500,"I reminded alll the girls in my family to give ???? and light candles using their own candlesticks, and in their ??? clothing"
873501,"I ate & drank in the ???? and said ""???? ?????"""
873502,I shook ???? and ?????
873503,I went to ??? and davened my ????? and ???? quotas nicely
873504,I went under the ???? for Duchening
873505,I shook ???? and ?????
873506,I went to ??? and davened my ????? and ???? quotas
873507,I went under a ???? for Duchening
873508,"I ate & drank in the ???? and said ""???? ?????"""
873509,"I helped set up, serve, or clean up by any meal"
873510,I said or heard a ??? ???? during any meal
873511,"I davened my ?????, ????, & ??? quotas "
873512,I had a Rev'iis of grape juice
873513,"I ate & drank in the ???? and said ""???? ?????"""
873514,I learned ???? for at least 10 minutes
873515,I participated in ???? ??? ??????
873516,I shook the ???? and ?????
873517,"I davened my ?????, ????, & ??? quotas "
873518,I had a Rev'iis of grape juice
873519,"I ate & drank in the ???? and said ""???? ?????"""
873520,I learned ???? for at least 10 minutes
873521,I participated in ???? ??? ??????
873522,I shook the ???? and ?????
873523,"I davened my ?????, ????, & ??? quotas "
873524,I had a Rev'iis of grape juice
873525,"I ate & drank in the ???? and said ""???? ?????"""
873526,I learned ???? for at least 10 minutes
873527,I participated in ???? ??? ??????
873528,I shook the ???? and ?????
873529,"I davened my ?????, ????, & ??? quotas "
873530,I had a Rev'iis of grape juice
873531,"I ate & drank in the ???? and said ""???? ?????"""
873532,I learned ???? for at least 10 minutes
873533,I participated in ???? ??? ??????
873534,I shook the ???? and ?????
873535,"I davened my ?????, ????, & ??? quotas "
873536,I had a Rev'iis of grape juice
873537,"I ate & drank in the ???? and said ""???? ?????"""
873538,I learned ???? for at least 10 minutes
873539,"I ate ?????? and ""klapped Hoshanas"""
873540,I helped prepare for ??? ???
873541,"I reminded all the girls in my family to give ???? and light candles using their own candlesticks, and in their ??? clothing"
873542,I went to ???
873543,I participated in ?????
873544,I went to ??? and davened my ????? and ???? quotas nicely
873545,I went under the ???? for Duchening
873546,"I started saying ""???? ???? ?????? ????"""
873547,I ate and drank in the ????
873548,"I helped set up, serve, or clean up by any meal"
873549,I said or heard a ??? ???? during any meal
873550,I went to ???
873551,I participated in ?????
873552,I went to ??? and davened my ????? and ???? quotas nicely
873553,I went under the ???? for Duchening
873554,I had an ???-? with all the kinderlach
873555,I participated in ?????
873556,"I said ""??? ??? ??????"" after we finished reading the whole ????"
873557,"I helped set up, serve, or clean up by any meal"
873558,I said or heard a ??? ???? during any meal
873559,"I went to a Farbrengen on ??? ?????? and extended Yom Tov into the week, and sang the Rebbaims niggunim."
873560,I did something special on ??? ?????? because this ??? will affect my whole year.
873561,I did Kapparos (anytime before ??? ?????)
873562,I asked my friends for forgiveness
873563,I asked for Lekach- honey cake
873564,I gave extra ????
873565,I ate the first ????? (with kreplach)
873566,I ate the ????? ??????
873567,I received a ???? ?????
873568,"I reminded all the girls in my family to give ???? and light candles using their own candlesticks, and in their ??? clothing"
873569,I went to ??? for ?? ???? and davened my quota nicely
873570,I said extra ?????? after ?????
873571,I fasted part of the day
873572,I behaved extra well because my parents were fasting
873573,I went to ??? and davened my ????? quota nicely
873574,I went under the ???? for duchening
873575,"I said "" ...???, ???? ??, ?' ???"" out loud"
873576,I sang Napolean's March before ???? blowing
873577,"I heard the ???? and said ""???? ??? ????????"""
873578,I spoke about or helped build the ???? on ????? ??? ?????
873579,I learned something about the ??? ???''?
873580,"I sang a niggun connected to the ??? ???''?- ""Lechatchilla Arriber"""
873581,I took part of a Farbrengen
873582,I helped prepare for ??? ???
873583,"I reminded alll the girls in my family to give ???? and light candles using their own candlesticks, and in their ??? clothing"
873584,"I ate & drank in the ???? and said ""???? ?????"""
873585,I shook ???? and ?????
873586,I went to ??? and davened my ????? and ???? quotas nicely
873587,I went under the ???? for Duchening
873588,I shook ???? and ?????
873589,I went to ??? and davened my ????? and ???? quotas
873590,I went under a ???? for Duchening
873591,"I ate & drank in the ???? and said ""???? ?????"""
873592,"I helped set up, serve, or clean up by any meal"
873593,I said or heard a ??? ???? during any meal
873594,"I davened my ?????, ????, & ??? quotas "
873595,I had a Rev'iis of grape juice
873596,"I ate & drank in the ???? and said ""???? ?????"""
873597,I learned ???? for at least 10 minutes
873598,I participated in ???? ??? ??????
873599,I shook the ???? and ?????
873600,"I davened my ?????, ????, & ??? quotas "
873601,I had a Rev'iis of grape juice
873602,"I ate & drank in the ???? and said ""???? ?????"""
873603,I learned ???? for at least 10 minutes
873604,I participated in ???? ??? ??????
873605,I shook the ???? and ?????
873606,"I davened my ?????, ????, & ??? quotas "
873607,I had a Rev'iis of grape juice
873608,"I ate & drank in the ???? and said ""???? ?????"""
873609,I learned ???? for at least 10 minutes
873610,I participated in ???? ??? ??????
873611,I shook the ???? and ?????
873612,"I davened my ?????, ????, & ??? quotas "
873613,I had a Rev'iis of grape juice
873614,"I ate & drank in the ???? and said ""???? ?????"""
873615,I learned ???? for at least 10 minutes
873616,I participated in ???? ??? ??????
873617,I shook the ???? and ?????
873618,"I davened my ?????, ????, & ??? quotas "
873619,I had a Rev'iis of grape juice
873620,"I ate & drank in the ???? and said ""???? ?????"""
873621,I learned ???? for at least 10 minutes
873622,"I ate ?????? and ""klapped Hoshanas"""
873623,I helped prepare for ??? ???
873624,"I reminded all the girls in my family to give ???? and light candles using their own candlesticks, and in their ??? clothing"
873625,I went to ???
873626,I participated in ?????
873627,I went to ??? and davened my ????? and ???? quotas nicely
873628,I went under the ???? for Duchening
873629,"I started saying ""???? ???? ?????? ????"""
873630,I ate and drank in the ????
873631,"I helped set up, serve, or clean up by any meal"
873632,I said or heard a ??? ???? during any meal
873633,I went to ???
873634,I participated in ?????
873635,I went to ??? and davened my ????? and ???? quotas nicely
873636,I went under the ???? for Duchening
873637,I had an ???-? with all the kinderlach
873638,I participated in ?????
873639,"I said ""??? ??? ??????"" after we finished reading the whole ????"
873640,"I helped set up, serve, or clean up by any meal"
873641,I said or heard a ??? ???? during any meal
873642,"I went to a Farbrengen on ??? ?????? and extended Yom Tov into the week, and sang the Rebbaims niggunim."
873643,I did something special on ??? ?????? because this ??? will affect my whole year.
873644,I did Kapparos (anytime before ??? ?????)
873645,I asked my friends for forgiveness
873646,I asked for Lekach- honey cake
873647,I gave extra ????
873648,I ate the first ????? (with kreplach)
873649,I ate the ????? ??????
873650,I received a ???? ?????
873651,"I reminded all the girls in my family to give ???? and light candles using their own candlesticks, and in their ??? clothing"
873652,I went to ??? for ?? ???? and davened my quota nicely
873653,I said extra ?????? after ?????
873654,I fasted part of the day
873655,I behaved extra well because my parents were fasting
873656,I went to ??? and davened my ????? quota nicely
873657,I went under the ???? for duchening
873658,"I said "" ...???, ???? ??, ?' ???"" out loud"
873659,I sang Napolean's March before ???? blowing
873660,"I heard the ???? and said ""???? ??? ????????"""
873661,I spoke about or helped build the ???? on ????? ??? ?????
873662,I learned something about the ??? ???''?
873663,"I sang a niggun connected to the ??? ???''?- ""Lechatchilla Arriber"""
873664,I took part of a Farbrengen
873665,I helped prepare for ??? ???
873666,"I reminded alll the girls in my family to give ???? and light candles using their own candlesticks, and in their ??? clothing"
873667,"I ate & drank in the ???? and said ""???? ?????"""
873668,I shook ???? and ?????
873669,I went to ??? and davened my ????? and ???? quotas nicely
873670,I went under the ???? for Duchening
873671,I shook ???? and ?????
873672,I went to ??? and davened my ????? and ???? quotas
873673,I went under a ???? for Duchening
873674,"I ate & drank in the ???? and said ""???? ?????"""
873675,"I helped set up, serve, or clean up by any meal"
873676,I said or heard a ??? ???? during any meal
873677,"I davened my ?????, ????, & ??? quotas "
873678,I had a Rev'iis of grape juice
873679,"I ate & drank in the ???? and said ""???? ?????"""
873680,I learned ???? for at least 10 minutes
873681,I participated in ???? ??? ??????
873682,I shook the ???? and ?????
873683,"I davened my ?????, ????, & ??? quotas "
873684,I had a Rev'iis of grape juice
873685,"I ate & drank in the ???? and said ""???? ?????"""
873686,I learned ???? for at least 10 minutes
873687,I participated in ???? ??? ??????
873688,I shook the ???? and ?????
873689,"I davened my ?????, ????, & ??? quotas "
873690,I had a Rev'iis of grape juice
873691,"I ate & drank in the ???? and said ""???? ?????"""
873692,I learned ???? for at least 10 minutes
873693,I participated in ???? ??? ??????
873694,I shook the ???? and ?????
873695,"I davened my ?????, ????, & ??? quotas "
873696,I had a Rev'iis of grape juice
873697,"I ate & drank in the ???? and said ""???? ?????"""
873698,I learned ???? for at least 10 minutes
873699,I participated in ???? ??? ??????
873700,I shook the ???? and ?????
873701,"I davened my ?????, ????, & ??? quotas "
873702,I had a Rev'iis of grape juice
873703,"I ate & drank in the ???? and said ""???? ?????"""
873704,I learned ???? for at least 10 minutes
873705,"I ate ?????? and ""klapped Hoshanas"""
873706,I helped prepare for ??? ???
873707,"I reminded all the girls in my family to give ???? and light candles using their own candlesticks, and in their ??? clothing"
873708,I went to ???
873709,I participated in ?????
873710,I went to ??? and davened my ????? and ???? quotas nicely
873711,I went under the ???? for Duchening
873712,"I started saying ""???? ???? ?????? ????"""
873713,I ate and drank in the ????
873714,"I helped set up, serve, or clean up by any meal"
873715,I said or heard a ??? ???? during any meal
873716,I went to ???
873717,I participated in ?????
873718,I went to ??? and davened my ????? and ???? quotas nicely
873719,I went under the ???? for Duchening
873720,I had an ???-? with all the kinderlach
873721,I participated in ?????
873722,"I said ""??? ??? ??????"" after we finished reading the whole ????"
873723,"I helped set up, serve, or clean up by any meal"
873724,I said or heard a ??? ???? during any meal
873725,"I went to a Farbrengen on ??? ?????? and extended Yom Tov into the week, and sang the Rebbaims niggunim."
873726,I did something special on ??? ?????? because this ??? will affect my whole year.
873727,I did Kapparos (anytime before ??? ?????)
873728,I asked my friends for forgiveness
873729,I asked for Lekach- honey cake
873730,I gave extra ????
873731,I ate the first ????? (with kreplach)
873732,I ate the ????? ??????
873733,I received a ???? ?????
873734,"I reminded all the girls in my family to give ???? and light candles using their own candlesticks, and in their ??? clothing"
873735,I went to ??? for ?? ???? and davened my quota nicely
873736,I said extra ?????? after ?????
873737,I fasted part of the day
873738,I behaved extra well because my parents were fasting
873739,I went to ??? and davened my ????? quota nicely
873740,I went under the ???? for duchening
873741,"I said "" ...???, ???? ??, ?' ???"" out loud"
873742,I sang Napolean's March before ???? blowing
873743,"I heard the ???? and said ""???? ??? ????????"""
873744,I spoke about or helped build the ???? on ????? ??? ?????
873745,I learned something about the ??? ???''?
873746,"I sang a niggun connected to the ??? ???''?- ""Lechatchilla Arriber"""
873747,I took part of a Farbrengen
873748,I helped prepare for ??? ???
873749,"I reminded alll the girls in my family to give ???? and light candles using their own candlesticks, and in their ??? clothing"
873750,"I ate & drank in the ???? and said ""???? ?????"""
873751,I shook ???? and ?????
873752,I went to ??? and davened my ????? and ???? quotas nicely
873753,I went under the ???? for Duchening
873754,I shook ???? and ?????
873755,I went to ??? and davened my ????? and ???? quotas
873756,I went under a ???? for Duchening
873757,"I ate & drank in the ???? and said ""???? ?????"""
873758,"I helped set up, serve, or clean up by any meal"
873759,I said or heard a ??? ???? during any meal
873760,"I davened my ?????, ????, & ??? quotas "
873761,I had a Rev'iis of grape juice
873762,"I ate & drank in the ???? and said ""???? ?????"""
873763,I learned ???? for at least 10 minutes
873764,I participated in ???? ??? ??????
873765,I shook the ???? and ?????
873766,"I davened my ?????, ????, & ??? quotas "
873767,I had a Rev'iis of grape juice
873768,"I ate & drank in the ???? and said ""???? ?????"""
873769,I learned ???? for at least 10 minutes
873770,I participated in ???? ??? ??????
873771,I shook the ???? and ?????
873772,"I davened my ?????, ????, & ??? quotas "
873773,I had a Rev'iis of grape juice
873774,"I ate & drank in the ???? and said ""???? ?????"""
873775,I learned ???? for at least 10 minutes
873776,I participated in ???? ??? ??????
873777,I shook the ???? and ?????
873778,"I davened my ?????, ????, & ??? quotas "
873779,I had a Rev'iis of grape juice
873780,"I ate & drank in the ???? and said ""???? ?????"""
873781,I learned ???? for at least 10 minutes
873782,I participated in ???? ??? ??????
873783,I shook the ???? and ?????
873784,"I davened my ?????, ????, & ??? quotas "
873785,I had a Rev'iis of grape juice
873786,"I ate & drank in the ???? and said ""???? ?????"""
873787,I learned ???? for at least 10 minutes
873788,"I ate ?????? and ""klapped Hoshanas"""
873789,I helped prepare for ??? ???
873790,"I reminded all the girls in my family to give ???? and light candles using their own candlesticks, and in their ??? clothing"
873791,I went to ???
873792,I participated in ?????
873793,I went to ??? and davened my ????? and ???? quotas nicely
873794,I went under the ???? for Duchening
873795,"I started saying ""???? ???? ?????? ????"""
873796,I ate and drank in the ????
873797,"I helped set up, serve, or clean up by any meal"
873798,I said or heard a ??? ???? during any meal
873799,I went to ???
873800,I participated in ?????
873801,I went to ??? and davened my ????? and ???? quotas nicely
873802,I went under the ???? for Duchening
873803,I had an ???-? with all the kinderlach
873804,I participated in ?????
873805,"I said ""??? ??? ??????"" after we finished reading the whole ????"
873806,"I helped set up, serve, or clean up by any meal"
873807,I said or heard a ??? ???? during any meal
873808,"I went to a Farbrengen on ??? ?????? and extended Yom Tov into the week, and sang the Rebbaims niggunim."
873809,I did something special on ??? ?????? because this ??? will affect my whole year.
873810,I did Kapparos (anytime before ??? ?????)
873811,I asked my friends for forgiveness
873812,I asked for Lekach- honey cake
873813,I gave extra ????
873814,I ate the first ????? (with kreplach)
873815,I ate the ????? ??????
873816,I received a ???? ?????
873817,"I reminded all the girls in my family to give ???? and light candles using their own candlesticks, and in their ??? clothing"
873818,I went to ??? for ?? ???? and davened my quota nicely
873819,I said extra ?????? after ?????
873820,I fasted part of the day
873821,I behaved extra well because my parents were fasting
873822,I went to ??? and davened my ????? quota nicely
873823,I went under the ???? for duchening
873824,"I said "" ...???, ???? ??, ?' ???"" out loud"
873825,I sang Napolean's March before ???? blowing
873826,"I heard the ???? and said ""???? ??? ????????"""
873827,I spoke about or helped build the ???? on ????? ??? ?????
873828,I learned something about the ??? ???''?
873829,"I sang a niggun connected to the ??? ???''?- ""Lechatchilla Arriber"""
873830,I took part of a Farbrengen
873831,I helped prepare for ??? ???
873832,"I reminded alll the girls in my family to give ???? and light candles using their own candlesticks, and in their ??? clothing"
873833,"I ate & drank in the ???? and said ""???? ?????"""
873834,I shook ???? and ?????
873835,I went to ??? and davened my ????? and ???? quotas nicely
873836,I went under the ???? for Duchening
873837,I shook ???? and ?????
873838,I went to ??? and davened my ????? and ???? quotas
873839,I went under a ???? for Duchening
873840,"I ate & drank in the ???? and said ""???? ?????"""
873841,"I helped set up, serve, or clean up by any meal"
873842,I said or heard a ??? ???? during any meal
873843,"I davened my ?????, ????, & ??? quotas "
873844,I had a Rev'iis of grape juice
873845,"I ate & drank in the ???? and said ""???? ?????"""
873846,I learned ???? for at least 10 minutes
873847,I participated in ???? ??? ??????
873848,I shook the ???? and ?????
873849,"I davened my ?????, ????, & ??? quotas "
873850,I had a Rev'iis of grape juice
873851,"I ate & drank in the ???? and said ""???? ?????"""
873852,I learned ???? for at least 10 minutes
873853,I participated in ???? ??? ??????
873854,I shook the ???? and ?????
873855,"I davened my ?????, ????, & ??? quotas "
873856,I had a Rev'iis of grape juice
873857,"I ate & drank in the ???? and said ""???? ?????"""
873858,I learned ???? for at least 10 minutes
873859,I participated in ???? ??? ??????
873860,I shook the ???? and ?????
873861,"I davened my ?????, ????, & ??? quotas "
873862,I had a Rev'iis of grape juice
873863,"I ate & drank in the ???? and said ""???? ?????"""
873864,I learned ???? for at least 10 minutes
873865,I participated in ???? ??? ??????
873866,I shook the ???? and ?????
873867,"I davened my ?????, ????, & ??? quotas "
873868,I had a Rev'iis of grape juice
873869,"I ate & drank in the ???? and said ""???? ?????"""
873870,I learned ???? for at least 10 minutes
873871,"I ate ?????? and ""klapped Hoshanas"""
873872,I helped prepare for ??? ???
873873,"I reminded all the girls in my family to give ???? and light candles using their own candlesticks, and in their ??? clothing"
873874,I went to ???
873875,I participated in ?????
873876,I went to ??? and davened my ????? and ???? quotas nicely
873877,I went under the ???? for Duchening
873878,"I started saying ""???? ???? ?????? ????"""
873879,I ate and drank in the ????
873880,"I helped set up, serve, or clean up by any meal"
873881,I said or heard a ??? ???? during any meal
873882,I went to ???
873883,I participated in ?????
873884,I went to ??? and davened my ????? and ???? quotas nicely
873885,I went under the ???? for Duchening
873886,I had an ???-? with all the kinderlach
873887,I participated in ?????
873888,"I said ""??? ??? ??????"" after we finished reading the whole ????"
873889,"I helped set up, serve, or clean up by any meal"
873890,I said or heard a ??? ???? during any meal
873891,"I went to a Farbrengen on ??? ?????? and extended Yom Tov into the week, and sang the Rebbaims niggunim."
873892,I did something special on ??? ?????? because this ??? will affect my whole year.
873893,I did Kapparos (anytime before ??? ?????)
873894,I asked my friends for forgiveness
873895,I asked for Lekach- honey cake
873896,I gave extra ????
873897,I ate the first ????? (with kreplach)
873898,I ate the ????? ??????
873899,I received a ???? ?????
873900,"I reminded all the girls in my family to give ???? and light candles using their own candlesticks, and in their ??? clothing"
873901,I went to ??? for ?? ???? and davened my quota nicely
873902,I said extra ?????? after ?????
873903,I fasted part of the day
873904,I behaved extra well because my parents were fasting
873905,I went to ??? and davened my ????? quota nicely
873906,I went under the ???? for duchening
873907,"I said "" ...???, ???? ??, ?' ???"" out loud"
873908,I sang Napolean's March before ???? blowing
873909,"I heard the ???? and said ""???? ??? ????????"""
873910,I spoke about or helped build the ???? on ????? ??? ?????
873911,I learned something about the ??? ???''?
873912,"I sang a niggun connected to the ??? ???''?- ""Lechatchilla Arriber"""
873913,I took part of a Farbrengen
873914,I helped prepare for ??? ???
873915,"I reminded alll the girls in my family to give ???? and light candles using their own candlesticks, and in their ??? clothing"
873916,"I ate & drank in the ???? and said ""???? ?????"""
873917,I shook ???? and ?????
873918,I went to ??? and davened my ????? and ???? quotas nicely
873919,I went under the ???? for Duchening
873920,I shook ???? and ?????
873921,I went to ??? and davened my ????? and ???? quotas
873922,I went under a ???? for Duchening
873923,"I ate & drank in the ???? and said ""???? ?????"""
873924,"I helped set up, serve, or clean up by any meal"
873925,I said or heard a ??? ???? during any meal
873926,"I davened my ?????, ????, & ??? quotas "
873927,I had a Rev'iis of grape juice
873928,"I ate & drank in the ???? and said ""???? ?????"""
873929,I learned ???? for at least 10 minutes
873930,I participated in ???? ??? ??????
873931,I shook the ???? and ?????
873932,"I davened my ?????, ????, & ??? quotas "
873933,I had a Rev'iis of grape juice
873934,"I ate & drank in the ???? and said ""???? ?????"""
873935,I learned ???? for at least 10 minutes
873936,I participated in ???? ??? ??????
873937,I shook the ???? and ?????
873938,"I davened my ?????, ????, & ??? quotas "
873939,I had a Rev'iis of grape juice
873940,"I ate & drank in the ???? and said ""???? ?????"""
873941,I learned ???? for at least 10 minutes
873942,I participated in ???? ??? ??????
873943,I shook the ???? and ?????
873944,"I davened my ?????, ????, & ??? quotas "
873945,I had a Rev'iis of grape juice
873946,"I ate & drank in the ???? and said ""???? ?????"""
873947,I learned ???? for at least 10 minutes
873948,I participated in ???? ??? ??????
873949,I shook the ???? and ?????
873950,"I davened my ?????, ????, & ??? quotas "
873951,I had a Rev'iis of grape juice
873952,"I ate & drank in the ???? and said ""???? ?????"""
873953,I learned ???? for at least 10 minutes
873954,"I ate ?????? and ""klapped Hoshanas"""
873955,I helped prepare for ??? ???
873956,"I reminded all the girls in my family to give ???? and light candles using their own candlesticks, and in their ??? clothing"
873957,I went to ???
873958,I participated in ?????
873959,I went to ??? and davened my ????? and ???? quotas nicely
873960,I went under the ???? for Duchening
873961,"I started saying ""???? ???? ?????? ????"""
873962,I ate and drank in the ????
873963,"I helped set up, serve, or clean up by any meal"
873964,I said or heard a ??? ???? during any meal
873965,I went to ???
873966,I participated in ?????
873967,I went to ??? and davened my ????? and ???? quotas nicely
873968,I went under the ???? for Duchening
873969,I had an ???-? with all the kinderlach
873970,I participated in ?????
873971,"I said ""??? ??? ??????"" after we finished reading the whole ????"
873972,"I helped set up, serve, or clean up by any meal"
873973,I said or heard a ??? ???? during any meal
873974,"I went to a Farbrengen on ??? ?????? and extended Yom Tov into the week, and sang the Rebbaims niggunim."
873975,I did something special on ??? ?????? because this ??? will affect my whole year.
873976,I did Kapparos (anytime before ??? ?????)
873977,I asked my friends for forgiveness
873978,I asked for Lekach- honey cake
873979,I gave extra ????
873980,I ate the first ????? (with kreplach)
873981,I ate the ????? ??????
873982,I received a ???? ?????
873983,"I reminded all the girls in my family to give ???? and light candles using their own candlesticks, and in their ??? clothing"
873984,I went to ??? for ?? ???? and davened my quota nicely
873985,I said extra ?????? after ?????
873986,I fasted part of the day
873987,I behaved extra well because my parents were fasting
873988,I went to ??? and davened my ????? quota nicely
873989,I listened to ???? ?????
873990,"I said "" ...???, ???? ??, ?' ???"" out loud"
873991,I sang Napolean's March before ???? blowing
873992,"I heard the ???? and said ""???? ??? ????????"""
873993,I spoke about or helped build the ???? on ????? ??? ?????
873994,I learned something about the ??? ???''?
873995,"I sang a niggun connected to the ??? ???''?- ""Lechatchilla Arriber"""
873996,I took part of a Farbrengen
873997,I helped prepare for ??? ???
873998,"I gave ???? and lit candles using my own candlesticks, and in my ??? clothing"
873999,"I ate & drank in the ???? and said ""???? ?????"""
874000,I shook ???? and ?????
874001,I went to ??? and davened my ????? and ???? quotas nicely
874002,I listened to ???? ?????
874003,I shook ???? and ?????
874004,I went to ??? and davened my ????? and ???? quotas
874005,I listened to ???? ?????
874006,"I ate & drank in the ???? and said ""???? ?????"""
874007,"I helped set up, serve, or clean up by any meal"
874008,I said or heard a ??? ???? during any meal
874009,"I davened my ?????, ????, & ??? quotas "
874011,"I made ""???? ?????"" in the ????"
874012,I learned ???? for at least 10 minutes
874013,I participated in ???? ??? ??????
874014,I shook the ???? and ?????
874015,"I davened my ?????, ????, & ??? quotas "
874017,"I made ""???? ?????"" in the ????"
874018,I learned ???? for at least 10 minutes
874019,I participated in ???? ??? ??????
874020,I shook the ???? and ?????
874021,"I davened my ?????, ????, & ??? quotas "
874023,"I made ""???? ?????"" in the ????"
874024,I learned ???? for at least 10 minutes
874025,I participated in ???? ??? ??????
874026,I shook the ???? and ?????
874027,"I davened my ?????, ????, & ??? quotas "
874029,"I made ""???? ?????"" in the ????"
874030,I learned ???? for at least 10 minutes
874031,I participated in ???? ??? ??????
874032,I shook the ???? and ?????
874033,"I davened my ?????, ????, & ??? quotas "
874035,"I made ""???? ?????"" in the ????"
874036,I learned ???? for at least 10 minutes
874037,"I ate ?????? and ""klapped Hoshanas"""
874038,I helped prepare for ??? ???
874039,"I gave ???? & lit candles using my own candlesticks, and in my ??? clothing"
874040,I went to ??? & davened my ????? quota
874042,I went to ??? and davened my ????? and ???? quotas nicely
874043,I listened to ???? ?????
874044,"I started saying ""???? ???? ?????? ????"""
874045,I ate and drank in the ????
874046,"I helped set up, serve, or clean up by any meal"
874047,I said or heard a ??? ???? during any meal
874048,I lit ??? candles using my own candlesticks and in my ??? clothing
874049,I went to ????? and said ??? ????
874050,I went to ??? and davened my ????? and ???? quotas nicely
874051,I listened to ???? ?????
874053,I went to ?????
874054,"I said ""??? ??? ??????"" after we finished reading the whole ????"
874055,"I helped set up, serve, or clean up by any meal"
874056,I said or heard a ??? ???? during any meal
874057,"I went to a Farbrengen on ??? ?????? and extended Yom Tov into the week, and sang the Rebbaims niggunim."
874058,I did something special on ??? ?????? because this ??? will affect my whole year.
874059,I said or heard a ??? ????? by any meal
874060,I lit ??? candles using my own candlesticks and in my ??? clothing
874061,"I lit ??? candles before the ??? using my own candlesticks, and in my ??? clothing"
876864,I did Kapparos (anytime before ??? ?????)
876865,I asked my friends for forgiveness
876866,I asked for Lekach- honey cake
876867,I gave extra ????
876868,I ate the first ????? (with kreplach)
876869,I ate the ????? ??????
876870,I received a ???? ?????
876871,"I reminded all the girls in my family to give ???? and light candles using their own candlesticks, and in their ??? clothing"
876872,I went to ??? for ?? ???? and davened my quota nicely
876873,I said extra ?????? after ?????
876874,I fasted part of the day
876875,I behaved extra well because my parents were fasting
876876,I went to ??? and davened my ????? quota nicely
876877,I listened to ???? ?????
876878,"I said "" ...???, ???? ??, ?' ???"" out loud"
876879,I sang Napolean's March before ???? blowing
876880,"I heard the ???? and said ""???? ??? ????????"""
876881,I spoke about or helped build the ???? on ????? ??? ?????
876889,I learned something about the ??? ???''?
876890,"I sang a niggun connected to the ??? ???''?- ""Lechatchilla Arriber"""
876891,I took part of a Farbrengen
876892,I helped prepare for ??? ???
876893,"I gave ???? and lit candles using my own candlesticks, and in my ??? clothing"
876894,"I ate & drank in the ???? and said ""???? ?????"""
876895,I said or heard a ??? ????? by any meal
876896,I shook ???? and ?????
876897,I went to ??? and davened my ????? and ???? quotas nicely
876898,I listened to ???? ?????
876899,I lit ??? candles using my own candlesticks and in my ??? clothing
876900,I shook ???? and ?????
876901,I went to ??? and davened my ????? and ???? quotas
876902,I listened to ???? ?????
876903,"I ate & drank in the ???? and said ""???? ?????"""
876904,"I helped set up, serve, or clean up by any meal"
876905,I said or heard a ??? ???? during any meal
876906,"I davened my ?????, ????, & ??? quotas "
876907,"I made ""???? ?????"" in the ????"
876908,I learned ???? for at least 10 minutes
876909,I participated in ???? ??? ??????
876910,I shook the ???? and ?????
876911,"I davened my ?????, ????, & ??? quotas "
876912,"I made ""???? ?????"" in the ????"
876913,I learned ???? for at least 10 minutes
876914,I participated in ???? ??? ??????
876915,I shook the ???? and ?????
876916,"I davened my ?????, ????, & ??? quotas "
876917,"I made ""???? ?????"" in the ????"
876918,I learned ???? for at least 10 minutes
876919,I participated in ???? ??? ??????
876920,I shook the ???? and ?????
876921,"I davened my ?????, ????, & ??? quotas "
876922,"I made ""???? ?????"" in the ????"
876923,I learned ???? for at least 10 minutes
876924,I participated in ???? ??? ??????
876925,I shook the ???? and ?????
876926,"I davened my ?????, ????, & ??? quotas "
876927,"I made ""???? ?????"" in the ????"
876928,I learned ???? for at least 10 minutes
876929,"I ate ?????? and ""klapped Hoshanas"""
876930,I helped prepare for ??? ???
876931,"I gave ???? & lit candles using my own candlesticks, and in my ??? clothing"
876932,I went to ??? & davened my ????? quota
876933,I went to ??? and davened my ????? and ???? quotas nicely
876934,I listened to ???? ?????
876935,"I started saying ""???? ???? ?????? ????"""
876936,I ate and drank in the ????
876937,"I helped set up, serve, or clean up by any meal"
876938,I said or heard a ??? ???? during any meal
876939,I lit ??? candles using my own candlesticks and in my ??? clothing
876940,I went to ????? and said ??? ????
876941,I went to ??? and davened my ????? and ???? quotas nicely
876942,I listened to ???? ?????
876943,I went to ?????
876944,"I said ""??? ??? ??????"" after we finished reading the whole ????"
876945,"I helped set up, serve, or clean up by any meal"
876946,I said or heard a ??? ???? during any meal
876947,"I lit ??? candles before the ??? using my own candlesticks, and in my ??? clothing"
876948,"I went to a Farbrengen on ??? ?????? and extended Yom Tov into the week, and sang the Rebbaims niggunim."
876949,I did something special on ??? ?????? because this ??? will affect my whole year.
877070,I did Kapparos (anytime before ??? ?????)
877071,I asked my friends for forgiveness
877072,I asked for Lekach- honey cake
877073,I gave extra ????
877074,I ate the first ????? (with kreplach)
877075,I ate the ????? ??????
877076,I received a ???? ?????
877077,"I reminded all the girls in my family to give ???? and light candles using their own candlesticks, and in their ??? clothing"
877078,I went to ??? for ?? ???? and davened my quota nicely
877079,I said extra ?????? after ?????
877080,I fasted part of the day
877081,I behaved extra well because my parents were fasting
877082,I went to ??? and davened my ????? quota nicely
877083,I listened to ???? ?????
877084,"I said "" ...???, ???? ??, ?' ???"" out loud"
877085,I sang Napolean's March before ???? blowing
877086,"I heard the ???? and said ""???? ??? ????????"""
877087,I spoke about or helped build the ???? on ????? ??? ?????
877088,I learned something about the ??? ???''?
877089,"I sang a niggun connected to the ??? ???''?- ""Lechatchilla Arriber"""
877090,I took part of a Farbrengen
877091,I helped prepare for ??? ???
877092,"I gave ???? and lit candles using my own candlesticks, and in my ??? clothing"
877093,"I ate & drank in the ???? and said ""???? ?????"""
877094,I said or heard a ??? ????? by any meal
877095,I shook ???? and ?????
877096,I went to ??? and davened my ????? and ???? quotas nicely
877097,I listened to ???? ?????
877098,I lit ??? candles using my own candlesticks and in my ??? clothing
877099,I shook ???? and ?????
877100,I went to ??? and davened my ????? and ???? quotas
877101,I listened to ???? ?????
877102,"I ate & drank in the ???? and said ""???? ?????"""
877103,"I helped set up, serve, or clean up by any meal"
877104,I said or heard a ??? ???? during any meal
877105,"I davened my ?????, ????, & ??? quotas "
877106,"I made ""???? ?????"" in the ????"
877107,I learned ???? for at least 10 minutes
877108,I participated in ???? ??? ??????
877109,I shook the ???? and ?????
877110,"I davened my ?????, ????, & ??? quotas "
877111,"I made ""???? ?????"" in the ????"
877112,I learned ???? for at least 10 minutes
877113,I participated in ???? ??? ??????
877114,I shook the ???? and ?????
877115,"I davened my ?????, ????, & ??? quotas "
877116,"I made ""???? ?????"" in the ????"
877117,I learned ???? for at least 10 minutes
877118,I participated in ???? ??? ??????
877119,I shook the ???? and ?????
877120,"I davened my ?????, ????, & ??? quotas "
877121,"I made ""???? ?????"" in the ????"
877122,I learned ???? for at least 10 minutes
877123,I participated in ???? ??? ??????
877124,I shook the ???? and ?????
877125,"I davened my ?????, ????, & ??? quotas "
877126,"I made ""???? ?????"" in the ????"
877127,I learned ???? for at least 10 minutes
877128,"I ate ?????? and ""klapped Hoshanas"""
877129,I helped prepare for ??? ???
877130,"I gave ???? & lit candles using my own candlesticks, and in my ??? clothing"
877131,I went to ??? & davened my ????? quota
877132,I went to ??? and davened my ????? and ???? quotas nicely
877133,I listened to ???? ?????
877134,"I started saying ""???? ???? ?????? ????"""
877135,I ate and drank in the ????
877136,"I helped set up, serve, or clean up by any meal"
877137,I said or heard a ??? ???? during any meal
877138,I lit ??? candles using my own candlesticks and in my ??? clothing
877139,I went to ????? and said ??? ????
877140,I went to ??? and davened my ????? and ???? quotas nicely
877141,I listened to ???? ?????
877142,I went to ?????
877143,"I said ""??? ??? ??????"" after we finished reading the whole ????"
877144,"I helped set up, serve, or clean up by any meal"
877145,I said or heard a ??? ???? during any meal
877146,"I lit ??? candles before the ??? using my own candlesticks, and in my ??? clothing"
877147,"I went to a Farbrengen on ??? ?????? and extended Yom Tov into the week, and sang the Rebbaims niggunim."
877148,I did something special on ??? ?????? because this ??? will affect my whole year.
877149,I did Kapparos (anytime before ??? ?????)
877150,I asked my friends for forgiveness
877151,I asked for Lekach- honey cake
877152,I gave extra ????
877153,I ate the first ????? (with kreplach)
877154,I ate the ????? ??????
877155,I received a ???? ?????
877156,"I reminded all the girls in my family to give ???? and light candles using their own candlesticks, and in their ??? clothing"
877157,I went to ??? for ?? ???? and davened my quota nicely
877158,I said extra ?????? after ?????
877159,I fasted part of the day
877160,I behaved extra well because my parents were fasting
877161,I went to ??? and davened my ????? quota nicely
877162,I listened to ???? ?????
877163,"I said "" ...???, ???? ??, ?' ???"" out loud"
877164,I sang Napolean's March before ???? blowing
877165,"I heard the ???? and said ""???? ??? ????????"""
877166,I spoke about or helped build the ???? on ????? ??? ?????
877167,I learned something about the ??? ???''?
877168,"I sang a niggun connected to the ??? ???''?- ""Lechatchilla Arriber"""
877169,I took part of a Farbrengen
877170,I helped prepare for ??? ???
877171,"I gave ???? and lit candles using my own candlesticks, and in my ??? clothing"
877172,"I ate & drank in the ???? and said ""???? ?????"""
877173,I said or heard a ??? ????? by any meal
877174,I shook ???? and ?????
877175,I went to ??? and davened my ????? and ???? quotas nicely
877176,I listened to ???? ?????
877177,I lit ??? candles using my own candlesticks and in my ??? clothing
877178,I shook ???? and ?????
877179,I went to ??? and davened my ????? and ???? quotas
877180,I listened to ???? ?????
877181,"I ate & drank in the ???? and said ""???? ?????"""
877182,"I helped set up, serve, or clean up by any meal"
877183,I said or heard a ??? ???? during any meal
877184,"I davened my ?????, ????, & ??? quotas "
877185,"I made ""???? ?????"" in the ????"
877186,I learned ???? for at least 10 minutes
877187,I participated in ???? ??? ??????
877188,I shook the ???? and ?????
877189,"I davened my ?????, ????, & ??? quotas "
877190,"I made ""???? ?????"" in the ????"
877191,I learned ???? for at least 10 minutes
877192,I participated in ???? ??? ??????
877193,I shook the ???? and ?????
877194,"I davened my ?????, ????, & ??? quotas "
877195,"I made ""???? ?????"" in the ????"
877196,I learned ???? for at least 10 minutes
877197,I participated in ???? ??? ??????
877198,I shook the ???? and ?????
877199,"I davened my ?????, ????, & ??? quotas "
877200,"I made ""???? ?????"" in the ????"
877201,I learned ???? for at least 10 minutes
877202,I participated in ???? ??? ??????
877203,I shook the ???? and ?????
877204,"I davened my ?????, ????, & ??? quotas "
877205,"I made ""???? ?????"" in the ????"
877206,I learned ???? for at least 10 minutes
877207,"I ate ?????? and ""klapped Hoshanas"""
877208,I helped prepare for ??? ???
877209,"I gave ???? & lit candles using my own candlesticks, and in my ??? clothing"
877210,I went to ??? & davened my ????? quota
877211,I went to ??? and davened my ????? and ???? quotas nicely
877212,I listened to ???? ?????
877213,"I started saying ""???? ???? ?????? ????"""
877214,I ate and drank in the ????
877215,"I helped set up, serve, or clean up by any meal"
877216,I said or heard a ??? ???? during any meal
877217,I lit ??? candles using my own candlesticks and in my ??? clothing
877218,I went to ????? and said ??? ????
877219,I went to ??? and davened my ????? and ???? quotas nicely
877220,I listened to ???? ?????
877221,I went to ?????
877222,"I said ""??? ??? ??????"" after we finished reading the whole ????"
877223,"I helped set up, serve, or clean up by any meal"
877224,I said or heard a ??? ???? during any meal
877225,"I lit ??? candles before the ??? using my own candlesticks, and in my ??? clothing"
877226,"I went to a Farbrengen on ??? ?????? and extended Yom Tov into the week, and sang the Rebbaims niggunim."
877227,I did something special on ??? ?????? because this ??? will affect my whole year.
877228,I did Kapparos (anytime before ??? ?????)
877229,I asked my friends for forgiveness
877230,I asked for Lekach- honey cake
877231,I gave extra ????
877232,I ate the first ????? (with kreplach)
877233,I ate the ????? ??????
877234,I received a ???? ?????
877235,"I reminded all the girls in my family to give ???? and light candles using their own candlesticks, and in their ??? clothing"
877236,I went to ??? for ?? ???? and davened my quota nicely
877237,I said extra ?????? after ?????
877238,I fasted part of the day
877239,I behaved extra well because my parents were fasting
877240,I went to ??? and davened my ????? quota nicely
877241,I listened to ???? ?????
877242,"I said "" ...???, ???? ??, ?' ???"" out loud"
877243,I sang Napolean's March before ???? blowing
877244,"I heard the ???? and said ""???? ??? ????????"""
877245,I spoke about or helped build the ???? on ????? ??? ?????
877246,I learned something about the ??? ???''?
877247,"I sang a niggun connected to the ??? ???''?- ""Lechatchilla Arriber"""
877248,I took part of a Farbrengen
877249,I helped prepare for ??? ???
877250,"I gave ???? and lit candles using my own candlesticks, and in my ??? clothing"
877251,"I ate & drank in the ???? and said ""???? ?????"""
877252,I said or heard a ??? ????? by any meal
877253,I shook ???? and ?????
877254,I went to ??? and davened my ????? and ???? quotas nicely
877255,I listened to ???? ?????
877256,I lit ??? candles using my own candlesticks and in my ??? clothing
877257,I shook ???? and ?????
877258,I went to ??? and davened my ????? and ???? quotas
877259,I listened to ???? ?????
877260,"I ate & drank in the ???? and said ""???? ?????"""
877261,"I helped set up, serve, or clean up by any meal"
877262,I said or heard a ??? ???? during any meal
877263,"I davened my ?????, ????, & ??? quotas "
877264,"I made ""???? ?????"" in the ????"
877265,I learned ???? for at least 10 minutes
877266,I participated in ???? ??? ??????
877267,I shook the ???? and ?????
877268,"I davened my ?????, ????, & ??? quotas "
877269,"I made ""???? ?????"" in the ????"
877270,I learned ???? for at least 10 minutes
877271,I participated in ???? ??? ??????
877272,I shook the ???? and ?????
877273,"I davened my ?????, ????, & ??? quotas "
877274,"I made ""???? ?????"" in the ????"
877275,I learned ???? for at least 10 minutes
877276,I participated in ???? ??? ??????
877277,I shook the ???? and ?????
877278,"I davened my ?????, ????, & ??? quotas "
877279,"I made ""???? ?????"" in the ????"
877280,I learned ???? for at least 10 minutes
877281,I participated in ???? ??? ??????
877282,I shook the ???? and ?????
877283,"I davened my ?????, ????, & ??? quotas "
877284,"I made ""???? ?????"" in the ????"
877285,I learned ???? for at least 10 minutes
877286,"I ate ?????? and ""klapped Hoshanas"""
877287,I helped prepare for ??? ???
877288,"I gave ???? & lit candles using my own candlesticks, and in my ??? clothing"
877289,I went to ??? & davened my ????? quota
877290,I went to ??? and davened my ????? and ???? quotas nicely
877291,I listened to ???? ?????
877292,"I started saying ""???? ???? ?????? ????"""
877293,I ate and drank in the ????
877294,"I helped set up, serve, or clean up by any meal"
877295,I said or heard a ??? ???? during any meal
877296,I lit ??? candles using my own candlesticks and in my ??? clothing
877297,I went to ????? and said ??? ????
877298,I went to ??? and davened my ????? and ???? quotas nicely
877299,I listened to ???? ?????
877300,I went to ?????
877301,"I said ""??? ??? ??????"" after we finished reading the whole ????"
877302,"I helped set up, serve, or clean up by any meal"
877303,I said or heard a ??? ???? during any meal
877304,"I lit ??? candles before the ??? using my own candlesticks, and in my ??? clothing"
877305,"I went to a Farbrengen on ??? ?????? and extended Yom Tov into the week, and sang the Rebbaims niggunim."
877306,I did something special on ??? ?????? because this ??? will affect my whole year.
877307,I did Kapparos (anytime before ??? ?????)
877308,I asked my friends for forgiveness
877309,I asked for Lekach- honey cake
877310,I gave extra ????
877311,I ate the first ????? (with kreplach)
877312,I ate the ????? ??????
877313,I received a ???? ?????
877314,"I reminded all the girls in my family to give ???? and light candles using their own candlesticks, and in their ??? clothing"
877315,I went to ??? for ?? ???? and davened my quota nicely
877316,I said extra ?????? after ?????
877317,I fasted part of the day
877318,I behaved extra well because my parents were fasting
877319,I went to ??? and davened my ????? quota nicely
877320,I listened to ???? ?????
877321,"I said "" ...???, ???? ??, ?' ???"" out loud"
877322,I sang Napolean's March before ???? blowing
877323,"I heard the ???? and said ""???? ??? ????????"""
877324,I spoke about or helped build the ???? on ????? ??? ?????
877325,I learned something about the ??? ???''?
877326,"I sang a niggun connected to the ??? ???''?- ""Lechatchilla Arriber"""
877327,I took part of a Farbrengen
877328,I helped prepare for ??? ???
877329,"I gave ???? and lit candles using my own candlesticks, and in my ??? clothing"
877330,"I ate & drank in the ???? and said ""???? ?????"""
877331,I said or heard a ??? ????? by any meal
877332,I shook ???? and ?????
877333,I went to ??? and davened my ????? and ???? quotas nicely
877334,I listened to ???? ?????
877335,I lit ??? candles using my own candlesticks and in my ??? clothing
877336,I shook ???? and ?????
877337,I went to ??? and davened my ????? and ???? quotas
877338,I listened to ???? ?????
877339,"I ate & drank in the ???? and said ""???? ?????"""
877340,"I helped set up, serve, or clean up by any meal"
877341,I said or heard a ??? ???? during any meal
877342,"I davened my ?????, ????, & ??? quotas "
877343,"I made ""???? ?????"" in the ????"
877344,I learned ???? for at least 10 minutes
877345,I participated in ???? ??? ??????
877346,I shook the ???? and ?????
877347,"I davened my ?????, ????, & ??? quotas "
877348,"I made ""???? ?????"" in the ????"
877349,I learned ???? for at least 10 minutes
877350,I participated in ???? ??? ??????
877351,I shook the ???? and ?????
877352,"I davened my ?????, ????, & ??? quotas "
877353,"I made ""???? ?????"" in the ????"
877354,I learned ???? for at least 10 minutes
877355,I participated in ???? ??? ??????
877356,I shook the ???? and ?????
877357,"I davened my ?????, ????, & ??? quotas "
877358,"I made ""???? ?????"" in the ????"
877359,I learned ???? for at least 10 minutes
877360,I participated in ???? ??? ??????
877361,I shook the ???? and ?????
877362,"I davened my ?????, ????, & ??? quotas "
877363,"I made ""???? ?????"" in the ????"
877364,I learned ???? for at least 10 minutes
877365,"I ate ?????? and ""klapped Hoshanas"""
877366,I helped prepare for ??? ???
877367,"I gave ???? & lit candles using my own candlesticks, and in my ??? clothing"
877368,I went to ??? & davened my ????? quota
877369,I went to ??? and davened my ????? and ???? quotas nicely
877370,I listened to ???? ?????
877371,"I started saying ""???? ???? ?????? ????"""
877372,I ate and drank in the ????
877373,"I helped set up, serve, or clean up by any meal"
877374,I said or heard a ??? ???? during any meal
877375,I lit ??? candles using my own candlesticks and in my ??? clothing
877376,I went to ????? and said ??? ????
877377,I went to ??? and davened my ????? and ???? quotas nicely
877378,I listened to ???? ?????
877379,I went to ?????
877380,"I said ""??? ??? ??????"" after we finished reading the whole ????"
877381,"I helped set up, serve, or clean up by any meal"
877382,I said or heard a ??? ???? during any meal
877383,"I lit ??? candles before the ??? using my own candlesticks, and in my ??? clothing"
877384,"I went to a Farbrengen on ??? ?????? and extended Yom Tov into the week, and sang the Rebbaims niggunim."
877385,I did something special on ??? ?????? because this ??? will affect my whole year.
877386,I did Kapparos (anytime before ??? ?????)
877387,I asked my friends for forgiveness
877388,I asked for Lekach- honey cake
877389,I gave extra ????
877390,I ate the first ????? (with kreplach)
877391,I ate the ????? ??????
877392,I received a ???? ?????
877393,"I reminded all the girls in my family to give ???? and light candles using their own candlesticks, and in their ??? clothing"
877394,I went to ??? for ?? ???? and davened my quota nicely
877395,I said extra ?????? after ?????
877396,I fasted part of the day
877397,I behaved extra well because my parents were fasting
877398,I went to ??? and davened my ????? quota nicely
877399,I listened to ???? ?????
877400,"I said "" ...???, ???? ??, ?' ???"" out loud"
877401,I sang Napolean's March before ???? blowing
877402,"I heard the ???? and said ""???? ??? ????????"""
877403,I spoke about or helped build the ???? on ????? ??? ?????
877404,I learned something about the ??? ???''?
877405,"I sang a niggun connected to the ??? ???''?- ""Lechatchilla Arriber"""
877406,I took part of a Farbrengen
877407,I helped prepare for ??? ???
877408,"I gave ???? and lit candles using my own candlesticks, and in my ??? clothing"
877409,"I ate & drank in the ???? and said ""???? ?????"""
877410,I said or heard a ??? ????? by any meal
877411,I shook ???? and ?????
877412,I went to ??? and davened my ????? and ???? quotas nicely
877413,I listened to ???? ?????
877414,I lit ??? candles using my own candlesticks and in my ??? clothing
877415,I shook ???? and ?????
877416,I went to ??? and davened my ????? and ???? quotas
877417,I listened to ???? ?????
877418,"I ate & drank in the ???? and said ""???? ?????"""
877419,"I helped set up, serve, or clean up by any meal"
877420,I said or heard a ??? ???? during any meal
877421,"I davened my ?????, ????, & ??? quotas "
877422,"I made ""???? ?????"" in the ????"
877423,I learned ???? for at least 10 minutes
877424,I participated in ???? ??? ??????
877425,I shook the ???? and ?????
877426,"I davened my ?????, ????, & ??? quotas "
877427,"I made ""???? ?????"" in the ????"
877428,I learned ???? for at least 10 minutes
877429,I participated in ???? ??? ??????
877430,I shook the ???? and ?????
877431,"I davened my ?????, ????, & ??? quotas "
877432,"I made ""???? ?????"" in the ????"
877433,I learned ???? for at least 10 minutes
877434,I participated in ???? ??? ??????
877435,I shook the ???? and ?????
877436,"I davened my ?????, ????, & ??? quotas "
877437,"I made ""???? ?????"" in the ????"
877438,I learned ???? for at least 10 minutes
877439,I participated in ???? ??? ??????
877440,I shook the ???? and ?????
877441,"I davened my ?????, ????, & ??? quotas "
877442,"I made ""???? ?????"" in the ????"
877443,I learned ???? for at least 10 minutes
877444,"I ate ?????? and ""klapped Hoshanas"""
877445,I helped prepare for ??? ???
877446,"I gave ???? & lit candles using my own candlesticks, and in my ??? clothing"
877447,I went to ??? & davened my ????? quota
877448,I went to ??? and davened my ????? and ???? quotas nicely
877449,I listened to ???? ?????
877450,"I started saying ""???? ???? ?????? ????"""
877451,I ate and drank in the ????
877452,"I helped set up, serve, or clean up by any meal"
877453,I said or heard a ??? ???? during any meal
877454,I lit ??? candles using my own candlesticks and in my ??? clothing
877455,I went to ????? and said ??? ????
877456,I went to ??? and davened my ????? and ???? quotas nicely
877457,I listened to ???? ?????
877458,I went to ?????
877459,"I said ""??? ??? ??????"" after we finished reading the whole ????"
877460,"I helped set up, serve, or clean up by any meal"
877461,I said or heard a ??? ???? during any meal
877462,"I lit ??? candles before the ??? using my own candlesticks, and in my ??? clothing"
877463,"I went to a Farbrengen on ??? ?????? and extended Yom Tov into the week, and sang the Rebbaims niggunim."
877464,I did something special on ??? ?????? because this ??? will affect my whole year.
877465,I did Kapparos (anytime before ??? ?????)
877466,I asked my friends for forgiveness
877467,I asked for Lekach- honey cake
877468,I gave extra ????
877469,I ate the first ????? (with kreplach)
877470,I ate the ????? ??????
877471,I received a ???? ?????
877472,"I reminded all the girls in my family to give ???? and light candles using their own candlesticks, and in their ??? clothing"
877473,I went to ??? for ?? ???? and davened my quota nicely
877474,I said extra ?????? after ?????
877475,I fasted part of the day
877476,I behaved extra well because my parents were fasting
877477,I went to ??? and davened my ????? quota nicely
877478,I listened to ???? ?????
877479,"I said "" ...???, ???? ??, ?' ???"" out loud"
877480,I sang Napolean's March before ???? blowing
877481,"I heard the ???? and said ""???? ??? ????????"""
877482,I spoke about or helped build the ???? on ????? ??? ?????
877483,I learned something about the ??? ???''?
877484,"I sang a niggun connected to the ??? ???''?- ""Lechatchilla Arriber"""
877485,I took part of a Farbrengen
877486,I helped prepare for ??? ???
877487,"I gave ???? and lit candles using my own candlesticks, and in my ??? clothing"
877488,"I ate & drank in the ???? and said ""???? ?????"""
877489,I said or heard a ??? ????? by any meal
877490,I shook ???? and ?????
877491,I went to ??? and davened my ????? and ???? quotas nicely
877492,I listened to ???? ?????
877493,I lit ??? candles using my own candlesticks and in my ??? clothing
877494,I shook ???? and ?????
877495,I went to ??? and davened my ????? and ???? quotas
877496,I listened to ???? ?????
877497,"I ate & drank in the ???? and said ""???? ?????"""
877498,"I helped set up, serve, or clean up by any meal"
877499,I said or heard a ??? ???? during any meal
877500,"I davened my ?????, ????, & ??? quotas "
877501,"I made ""???? ?????"" in the ????"
877502,I learned ???? for at least 10 minutes
877503,I participated in ???? ??? ??????
877504,I shook the ???? and ?????
877505,"I davened my ?????, ????, & ??? quotas "
877506,"I made ""???? ?????"" in the ????"
877507,I learned ???? for at least 10 minutes
877508,I participated in ???? ??? ??????
877509,I shook the ???? and ?????
877510,"I davened my ?????, ????, & ??? quotas "
877511,"I made ""???? ?????"" in the ????"
877512,I learned ???? for at least 10 minutes
877513,I participated in ???? ??? ??????
877514,I shook the ???? and ?????
877515,"I davened my ?????, ????, & ??? quotas "
877516,"I made ""???? ?????"" in the ????"
877517,I learned ???? for at least 10 minutes
877518,I participated in ???? ??? ??????
877519,I shook the ???? and ?????
877520,"I davened my ?????, ????, & ??? quotas "
877521,"I made ""???? ?????"" in the ????"
877522,I learned ???? for at least 10 minutes
877523,"I ate ?????? and ""klapped Hoshanas"""
877524,I helped prepare for ??? ???
877525,"I gave ???? & lit candles using my own candlesticks, and in my ??? clothing"
877526,I went to ??? & davened my ????? quota
877527,I went to ??? and davened my ????? and ???? quotas nicely
877528,I listened to ???? ?????
877529,"I started saying ""???? ???? ?????? ????"""
877530,I ate and drank in the ????
877531,"I helped set up, serve, or clean up by any meal"
877532,I said or heard a ??? ???? during any meal
877533,I lit ??? candles using my own candlesticks and in my ??? clothing
877534,I went to ????? and said ??? ????
877535,I went to ??? and davened my ????? and ???? quotas nicely
877536,I listened to ???? ?????
877537,I went to ?????
877538,"I said ""??? ??? ??????"" after we finished reading the whole ????"
877539,"I helped set up, serve, or clean up by any meal"
877540,I said or heard a ??? ???? during any meal
877541,"I lit ??? candles before the ??? using my own candlesticks, and in my ??? clothing"
877542,"I went to a Farbrengen on ??? ?????? and extended Yom Tov into the week, and sang the Rebbaims niggunim."
877543,I did something special on ??? ?????? because this ??? will affect my whole year.
877544,I did Kapparos (anytime before ??? ?????)
877545,I asked my friends for forgiveness
877546,I asked for Lekach- honey cake
877547,I gave extra ????
877548,I ate the first ????? (with kreplach)
877549,I ate the ????? ??????
877550,I received a ???? ?????
877551,"I reminded all the girls in my family to give ???? and light candles using their own candlesticks, and in their ??? clothing"
877552,I went to ??? for ?? ???? and davened my quota nicely
877553,I said extra ?????? after ?????
877554,I fasted part of the day
877555,I behaved extra well because my parents were fasting
877556,I went to ??? and davened my ????? quota nicely
877557,I listened to ???? ?????
877558,"I said "" ...???, ???? ??, ?' ???"" out loud"
877559,I sang Napolean's March before ???? blowing
877560,"I heard the ???? and said ""???? ??? ????????"""
877561,I spoke about or helped build the ???? on ????? ??? ?????
877562,I learned something about the ??? ???''?
877563,"I sang a niggun connected to the ??? ???''?- ""Lechatchilla Arriber"""
877564,I took part of a Farbrengen
877565,I helped prepare for ??? ???
877566,"I gave ???? and lit candles using my own candlesticks, and in my ??? clothing"
877567,"I ate & drank in the ???? and said ""???? ?????"""
877568,I said or heard a ??? ????? by any meal
877569,I shook ???? and ?????
877570,I went to ??? and davened my ????? and ???? quotas nicely
877571,I listened to ???? ?????
877572,I lit ??? candles using my own candlesticks and in my ??? clothing
877573,I shook ???? and ?????
877574,I went to ??? and davened my ????? and ???? quotas
877575,I listened to ???? ?????
877576,"I ate & drank in the ???? and said ""???? ?????"""
877577,"I helped set up, serve, or clean up by any meal"
877578,I said or heard a ??? ???? during any meal
877579,"I davened my ?????, ????, & ??? quotas "
877580,"I made ""???? ?????"" in the ????"
877581,I learned ???? for at least 10 minutes
877582,I participated in ???? ??? ??????
877583,I shook the ???? and ?????
877584,"I davened my ?????, ????, & ??? quotas "
877585,"I made ""???? ?????"" in the ????"
877586,I learned ???? for at least 10 minutes
877587,I participated in ???? ??? ??????
877588,I shook the ???? and ?????
877589,"I davened my ?????, ????, & ??? quotas "
877590,"I made ""???? ?????"" in the ????"
877591,I learned ???? for at least 10 minutes
877592,I participated in ???? ??? ??????
877593,I shook the ???? and ?????
877594,"I davened my ?????, ????, & ??? quotas "
877595,"I made ""???? ?????"" in the ????"
877596,I learned ???? for at least 10 minutes
877597,I participated in ???? ??? ??????
877598,I shook the ???? and ?????
877599,"I davened my ?????, ????, & ??? quotas "
877600,"I made ""???? ?????"" in the ????"
877601,I learned ???? for at least 10 minutes
877602,"I ate ?????? and ""klapped Hoshanas"""
877603,I helped prepare for ??? ???
877604,"I gave ???? & lit candles using my own candlesticks, and in my ??? clothing"
877605,I went to ??? & davened my ????? quota
877606,I went to ??? and davened my ????? and ???? quotas nicely
877607,I listened to ???? ?????
877608,"I started saying ""???? ???? ?????? ????"""
877609,I ate and drank in the ????
877610,"I helped set up, serve, or clean up by any meal"
877611,I said or heard a ??? ???? during any meal
877612,I lit ??? candles using my own candlesticks and in my ??? clothing
877613,I went to ????? and said ??? ????
877614,I went to ??? and davened my ????? and ???? quotas nicely
877615,I listened to ???? ?????
877616,I went to ?????
877617,"I said ""??? ??? ??????"" after we finished reading the whole ????"
877618,"I helped set up, serve, or clean up by any meal"
877619,I said or heard a ??? ???? during any meal
877620,"I lit ??? candles before the ??? using my own candlesticks, and in my ??? clothing"
877621,"I went to a Farbrengen on ??? ?????? and extended Yom Tov into the week, and sang the Rebbaims niggunim."
877622,I did something special on ??? ?????? because this ??? will affect my whole year.
877623,I did Kapparos (anytime before ??? ?????)
877624,I asked my friends for forgiveness
877625,I asked for Lekach- honey cake
877626,I gave extra ????
877627,I ate the first ????? (with kreplach)
877628,I ate the ????? ??????
877629,I received a ???? ?????
877630,"I reminded all the girls in my family to give ???? and light candles using their own candlesticks, and in their ??? clothing"
877631,I went to ??? for ?? ???? and davened my quota nicely
877632,I said extra ?????? after ?????
877633,I fasted part of the day
877634,I behaved extra well because my parents were fasting
877635,I went to ??? and davened my ????? quota nicely
877636,I went under the ???? for duchening
877637,"I said "" ...???, ???? ??, ?' ???"" out loud"
877638,I sang Napolean's March before ???? blowing
877639,"I heard the ???? and said ""???? ??? ????????"""
877640,I spoke about or helped build the ???? on ????? ??? ?????
877641,I learned something about the ??? ???''?
877642,"I sang a niggun connected to the ??? ???''?- ""Lechatchilla Arriber"""
877643,I took part of a Farbrengen and told a story about the ??? ???''?
877644,I helped prepare for ??? ???
877645,"I reminded all the girls in my family to give ???? and light candles using their own candlesticks, and in their ??? clothing"
877646,"I ate & drank in the ???? and said ""???? ?????"""
877647,I shook ???? and ????? before eating
877648,I went to ??? and davened my ????? and ???? quotas nicely
877649,I went under the ???? for Duchening
877650,I shook ???? and ????? before eating
877651,I went to ??? and davened my ????? and ???? quotas
877652,I went under a ???? for Duchening
877653,"I ate & drank in the ???? and said ""???? ?????"""
877654,"I helped set up, serve, or clean up by any meal"
877656,"I davened my ?????, ????, & ??? quotas with a ????"
877657,I had a Rev'iis of grape juice
877658,"I ate & drank in the ???? and said ""???? ?????"""
877659,I learned ???? for at least 15 minutes
877660,I participated in ???? ??? ??????
877661,I shook the ???? and ????? before eating
877662,"I davened my ?????, ????, & ??? quotas with a ????"
877663,I had a Rev'iis of grape juice
877664,"I ate & drank in the ???? and said ""???? ?????"""
877665,I learned ???? for at least 15 minutes
877666,I participated in ???? ??? ??????
877667,I shook the ???? and ????? before eating
877668,"I davened my ?????, ????, & ??? quotas with a ????"
877669,I had a Rev'iis of grape juice
877670,"I ate & drank in the ???? and said ""???? ?????"""
877671,I learned ???? for at least 15 minutes
877672,I participated in ???? ??? ??????
877673,I shook the ???? and ?????
877674,"I davened my ?????, ????, & ??? quotas with a ????"
877675,I had a Rev'iis of grape juice
877676,"I ate & drank in the ???? and said ""???? ?????"""
877677,I learned ???? for at least 15 minutes
877678,I participated in ???? ??? ??????
877679,I shook the ???? and ????? before eating
877680,"I davened my ?????, ????, & ??? quotas with a ????"
877681,I had a Rev'iis of grape juice
877682,"I ate & drank in the ???? and said ""???? ?????"""
877683,I learned ???? for at least 15 minutes
877684,"I ate ?????? and ""klapped Hoshanas"""
877685,I helped prepare for ??? ???
877686,"I reminded all the girls in my family to give ???? and light candles using their own candlesticks, and in their ??? clothing"
877687,I went to ??? and davened my ???? and ????? quotas nicely
877688,I participated in ????? and said ??? ????
877689,I went to ??? and davened my ????? and ???? quotas nicely
877690,I went under the ???? for Duchening
877691,"I started saying ""???? ???? ?????? ????"""
877692,I ate and drank in the ????
877693,"I helped set up, serve, or clean up by any meal"
877694,I said a ??? ???? during any meal
877695,I went to ??? and davened my ???? & ????? quotas nicely
877696,I participated in ????? and said ??? ????
877697,I went to ??? and davened my ????? and ???? quotas nicely
877698,I went under the ???? for Duchening
877699,I had an ???-? with all the kinderlach
877700,I participated in ????? and said ??? ????
877701,"I said ""??? ??? ??????"" after we finished reading the whole ????"
877702,"I helped set up, serve, or clean up by any meal"
877703,I said a ??? ???? during any meal
877704,"I went to a Farbrengen on ??? ?????? and extended Yom Tov into the week, and sang the Rebbaims niggunim."
877705,I did something special on ??? ?????? because this ??? will affect my whole year.
877706,I went to the ????
877707,"I got ????? and said ""???? ????"""
877708,I davened my ???? quota with ?? ???
877709,I listened to the Rebbe's Brocha to Klal Yisrael after Mincha
877710,I followed ????? ????? inside
877711,I davened my ???? quota nicely
877712,"I bowed down for ""Koyrim"""
877713,I listened to ????? ????? & ????? ????
877714,I davened my ???? & ????? quotas nicely
877715,I went to ??? and davened my ????? quota nicely
877716,I said a ??? ???? during any meal
877717,I followed along by ????? ?????
877718,I went to ??? & davened my ???? quota nicely
877719,I davened my ????? quota nicely
877720,I followed along by ????? ?????
877721,I said a ??? ???? during any meal
877722,I went to ??? & davened my ???? & ????? quotas nicely
877723,I davened my ????? quota nicely
877724,I davened my ???? quota with a ????
877725,I davened my ????? quota
877726,I davened my ???? quota with a ????
877727,I davened my ????? quota
877968,I davened my ???? quota with a ????
877969,I davened my ????? quota
877970,I davened my ???? quota with a ????
877971,I davened my ????? quota
877972,I stayed up at night and said ?????
877973,I followed ????? ????? inside
877974,I went on Tahalucha
877975,I followed along by ????? ?????
878102,I did Kapparos (anytime before ??? ?????)
878104,I asked my friends for forgiveness
878105,I asked for Lekach- honey cake
878106,I gave extra ????
878107,I ate the first ????? (with kreplach)
878109,I davened my ???? quota with ?? ???
878110,I ate the ????? ??????
878111,I received a ???? ?????
878113,"I gave ???? and lit candles using my own candlesticks, and in my ??? clothing"
878114,I went to ??? for ?? ???? and davened my quota nicely
878115,I said extra ?????? after ?????
878116,I fasted part of the day
878117,I behaved extra well because my parents were fasting
878118,I went to ??? and davened my ????? quota nicely
878119,I followed ????? ????? inside
878120,I davened ???? nicely
878121,"I bowed down for ""Koyrim"""
878122,I listened to ???? ?????
878123,I listened to ????? ????? & ????? ????
878124,I davened my ???? & ????? quotas nicely
878125,"I said "" ...???, ???? ??, ?' ???"" out loud"
878126,I sang Napolean's March before ???? blowing
878127,"I heard the ???? and said ""???? ??? ????????"""
878128,I spoke about or helped build the ???? on ????? ??? ?????
878129,I learned something about the ??? ???''?
878130,"I sang a niggun connected to the ??? ???''?- ""Lechatchilla Arriber"""
878131,I took part of a Farbrengen and told a story about the ??? ???''?
878132,I helped prepare for ??? ???
878133,"I gave ???? & lit candles using my own candlesticks, and in my ??? clothing"
878134,I davened my ????? quota nicely
878135,"I ate & drank in the ???? and said ""???? ?????"""
878136,I said a ??? ???? during any meal
878137,I shook ???? and ????? before eating
878138,I went to ??? and davened my ????? and ???? quotas nicely
878139,I followed along by ????? ?????
878140,I listened to ???? ?????
878142,I davened my ????? quota nicely
878143,I shook ???? and ????? before eating
878144,I went to ??? and davened my ????? and ???? quotas nicely
878145,I followed along by ????? ?????
878146,I listened to ???? ?????
878147,"I ate & drank in the ???? and said ""???? ?????"""
878148,"I helped set up, serve, or clean up by any meal"
878149,I said a ??? ???? during any meal
878150,I davened my ???? quota nicley
878152,"I davened my ?????, ????, & ??? quotas with a ????"
878154,"I made a ""???? ?????"" in the ????"
878155,I learned ???? for at least 15 minutes
878156,I davened my ???? quota with a ????
878158,I participated in ???? ??? ??????
878159,I shook the ???? and ????? before eating
878160,"I davened my ?????, ????, & ??? quotas with a ????"
878162,"I made a ""???? ?????"" in the ????"
878163,I learned ???? for at least 15 minutes
878164,I davened my ???? quota with a ????
878166,I participated in ???? ??? ??????
878167,I shook the ???? and ????? before eating
878168,"I davened my ?????, ????, & ??? quotas with a ????"
878170,"I made a ""???? ?????"" in the ????"
878171,I learned ???? for at least 15 minutes
878172,I davened my ???? quota with a ????
878174,I participated in ???? ??? ??????
878175,I shook the ???? and ?????
878176,"I davened my ?????, ????, & ??? quotas with a ????"
878178,"I made a ""???? ?????"" in the ????"
878179,I learned ???? for at least 15 minutes
878180,I davened my ???? quota with a ????
878182,I participated in ???? ??? ??????
878183,I stayed up at night and said ?????
878184,I shook the ???? and ????? before eating
878185,"I davened my ?????, ????, & ??? quotas with a ????"
878187,"I made a ""???? ?????"" in the ????"
878188,I learned ???? for at least 15 minutes
878189,"I ate ?????? and ""klapped Hoshanas"""
878190,I helped prepare for ??? ???
878191,I gave ???? & lit candles using my own candlesticks and in my ??? clothing
878192,I davened ???? and ????? nicely
878194,I went to ??? and davened my ????? and ???? quotas nicely
878195,I followed ????? ????? inside
878196,I listened to ???? ?????
878197,"I started saying ""???? ???? ?????? ????"""
878198,I ate and drank in the ????
878199,"I helped set up, serve, or clean up by any meal"
878200,I said a ??? ???? during any meal
878201,I davened my ???? & ????? quotas nicely
878203,I participated in ????? and said ??? ????
878204,I went to ??? and davened my ????? and ???? quotas nicely
878205,I listened to ???? ?????
878206,I participated in ????? and said ??? ????
878208,I followed along by ????? ?????
878209,"I said ""??? ??? ??????"" after we finished reading the whole ????"
878210,"I helped set up, serve, or clean up by any meal"
878211,I said a ??? ???? during any meal
878212,"I went to a Farbrengen on ??? ?????? and extended Yom Tov into the week, and sang the Rebbaims niggunim."
878213,I did something special on ??? ?????? because this ??? will affect my whole year.
878454,I davened my ???? & ????? quotas nicely
878455,I davened my ???? quota nicely
878540,I did Kapparos (anytime before ??? ?????)
878541,I asked my friends for forgiveness
878542,I asked for Lekach- honey cake
878543,I gave extra ????
878544,I ate the first ????? (with kreplach)
878545,I davened my ???? quota with ?? ???
878546,I ate the ????? ??????
878547,I received a ???? ?????
878548,"I gave ???? and lit candles using my own candlesticks, and in my ??? clothing"
878549,I went to ??? for ?? ???? and davened my quota nicely
878550,I said extra ?????? after ?????
878551,I fasted part of the day
878552,I behaved extra well because my parents were fasting
878553,I went to ??? and davened my ????? quota nicely
878554,I followed ????? ????? inside
878555,I davened ???? nicely
878556,"I bowed down for ""Koyrim"""
878557,I listened to ???? ?????
878558,I listened to ????? ????? & ????? ????
878559,I davened my ???? & ????? quotas nicely
878560,"I said "" ...???, ???? ??, ?' ???"" out loud"
878561,I sang Napolean's March before ???? blowing
878562,"I heard the ???? and said ""???? ??? ????????"""
878563,I spoke about or helped build the ???? on ????? ??? ?????
878564,I learned something about the ??? ???''?
878565,"I sang a niggun connected to the ??? ???''?- ""Lechatchilla Arriber"""
878566,I took part of a Farbrengen and told a story about the ??? ???''?
878567,I helped prepare for ??? ???
878568,"I gave ???? & lit candles using my own candlesticks, and in my ??? clothing"
878569,I davened my ????? quota nicely
878570,"I ate & drank in the ???? and said ""???? ?????"""
878571,I said a ??? ???? during any meal
878572,I shook ???? and ????? before eating
878573,I went to ??? and davened my ????? and ???? quotas nicely
878574,I followed along by ????? ?????
878575,I listened to ???? ?????
878576,I davened my ????? quota nicely
878577,I davened my ???? & ????? quotas nicely
878578,I shook ???? and ????? before eating
878579,I went to ??? and davened my ????? and ???? quotas nicely
878580,I followed along by ????? ?????
878581,I listened to ???? ?????
878582,"I ate & drank in the ???? and said ""???? ?????"""
878583,"I helped set up, serve, or clean up by any meal"
878584,I said a ??? ???? during any meal
878585,I davened my ???? quota nicley
878586,"I davened my ?????, ????, & ??? quotas with a ????"
878587,"I made a ""???? ?????"" in the ????"
878588,I learned ???? for at least 15 minutes
878589,I davened my ???? quota with a ????
878590,I participated in ???? ??? ??????
878591,I shook the ???? and ????? before eating
878592,"I davened my ?????, ????, & ??? quotas with a ????"
878593,"I made a ""???? ?????"" in the ????"
878594,I learned ???? for at least 15 minutes
878595,I davened my ???? quota with a ????
878596,I participated in ???? ??? ??????
878597,I shook the ???? and ????? before eating
878598,"I davened my ?????, ????, & ??? quotas with a ????"
878599,"I made a ""???? ?????"" in the ????"
878600,I learned ???? for at least 15 minutes
878601,I davened my ???? quota with a ????
878602,I participated in ???? ??? ??????
878603,I shook the ???? and ?????
878604,"I davened my ?????, ????, & ??? quotas with a ????"
878605,"I made a ""???? ?????"" in the ????"
878606,I learned ???? for at least 15 minutes
878607,I davened my ???? quota with a ????
878608,I participated in ???? ??? ??????
878609,I stayed up at night and said ?????
878610,I shook the ???? and ????? before eating
878611,"I davened my ?????, ????, & ??? quotas with a ????"
878612,"I made a ""???? ?????"" in the ????"
878613,I learned ???? for at least 15 minutes
878614,"I ate ?????? and ""klapped Hoshanas"""
878615,I helped prepare for ??? ???
878616,I gave ???? & lit candles using my own candlesticks and in my ??? clothing
878617,I davened ???? and ????? nicely
878618,I went to ??? and davened my ????? and ???? quotas nicely
878619,I followed ????? ????? inside
878620,I listened to ???? ?????
878621,"I started saying ""???? ???? ?????? ????"""
878622,I ate and drank in the ????
878623,"I helped set up, serve, or clean up by any meal"
878624,I said a ??? ???? during any meal
878625,I davened my ???? & ????? quotas nicely
878626,I participated in ????? and said ??? ????
878627,I went to ??? and davened my ????? and ???? quotas nicely
878628,I listened to ???? ?????
878629,I participated in ????? and said ??? ????
878630,I followed along by ????? ?????
878631,"I said ""??? ??? ??????"" after we finished reading the whole ????"
878632,"I helped set up, serve, or clean up by any meal"
878633,I said a ??? ???? during any meal
878634,I davened my ???? quota nicely
878635,"I went to a Farbrengen on ??? ?????? and extended Yom Tov into the week, and sang the Rebbaims niggunim."
878636,I did something special on ??? ?????? because this ??? will affect my whole year.
878637,I did Kapparos (anytime before ??? ?????)
878638,I asked my friends for forgiveness
878639,I asked for Lekach- honey cake
878640,I gave extra ????
878641,I ate the first ????? (with kreplach)
878642,I davened my ???? quota with ?? ???
878643,I ate the ????? ??????
878644,I received a ???? ?????
878645,"I gave ???? and lit candles using my own candlesticks, and in my ??? clothing"
878646,I went to ??? for ?? ???? and davened my quota nicely
878647,I said extra ?????? after ?????
878648,I fasted part of the day
878649,I behaved extra well because my parents were fasting
878650,I went to ??? and davened my ????? quota nicely
878651,I followed ????? ????? inside
878652,I davened ???? nicely
878653,"I bowed down for ""Koyrim"""
878654,I listened to ???? ?????
878655,I listened to ????? ????? & ????? ????
878656,I davened my ???? & ????? quotas nicely
878657,"I said "" ...???, ???? ??, ?' ???"" out loud"
878658,I sang Napolean's March before ???? blowing
878659,"I heard the ???? and said ""???? ??? ????????"""
878660,I spoke about or helped build the ???? on ????? ??? ?????
878661,I learned something about the ??? ???''?
878662,"I sang a niggun connected to the ??? ???''?- ""Lechatchilla Arriber"""
878663,I took part of a Farbrengen and told a story about the ??? ???''?
878664,I helped prepare for ??? ???
878665,"I gave ???? & lit candles using my own candlesticks, and in my ??? clothing"
878666,I davened my ????? quota nicely
878667,"I ate & drank in the ???? and said ""???? ?????"""
878668,I said a ??? ???? during any meal
878669,I shook ???? and ????? before eating
878670,I went to ??? and davened my ????? and ???? quotas nicely
878671,I followed along by ????? ?????
878672,I listened to ???? ?????
878673,I davened my ????? quota nicely
878674,I davened my ???? & ????? quotas nicely
878675,I shook ???? and ????? before eating
878676,I went to ??? and davened my ????? and ???? quotas nicely
878677,I followed along by ????? ?????
878678,I listened to ???? ?????
878679,"I ate & drank in the ???? and said ""???? ?????"""
878680,"I helped set up, serve, or clean up by any meal"
878681,I said a ??? ???? during any meal
878682,I davened my ???? quota nicley
878683,"I davened my ?????, ????, & ??? quotas with a ????"
878684,"I made a ""???? ?????"" in the ????"
878685,I learned ???? for at least 15 minutes
878686,I davened my ???? quota with a ????
878687,I participated in ???? ??? ??????
878688,I shook the ???? and ????? before eating
878689,"I davened my ?????, ????, & ??? quotas with a ????"
878690,"I made a ""???? ?????"" in the ????"
878691,I learned ???? for at least 15 minutes
878692,I davened my ???? quota with a ????
878693,I participated in ???? ??? ??????
878694,I shook the ???? and ????? before eating
878695,"I davened my ?????, ????, & ??? quotas with a ????"
878696,"I made a ""???? ?????"" in the ????"
878697,I learned ???? for at least 15 minutes
878698,I davened my ???? quota with a ????
878699,I participated in ???? ??? ??????
878700,I shook the ???? and ?????
878701,"I davened my ?????, ????, & ??? quotas with a ????"
878702,"I made a ""???? ?????"" in the ????"
878703,I learned ???? for at least 15 minutes
878704,I davened my ???? quota with a ????
878705,I participated in ???? ??? ??????
878706,I stayed up at night and said ?????
878707,I shook the ???? and ????? before eating
878708,"I davened my ?????, ????, & ??? quotas with a ????"
878709,"I made a ""???? ?????"" in the ????"
878710,I learned ???? for at least 15 minutes
878711,"I ate ?????? and ""klapped Hoshanas"""
878712,I helped prepare for ??? ???
878713,I gave ???? & lit candles using my own candlesticks and in my ??? clothing
878714,I davened ???? and ????? nicely
878715,I went to ??? and davened my ????? and ???? quotas nicely
878716,I followed ????? ????? inside
878717,I listened to ???? ?????
878718,"I started saying ""???? ???? ?????? ????"""
878719,I ate and drank in the ????
878720,"I helped set up, serve, or clean up by any meal"
878721,I said a ??? ???? during any meal
878722,I davened my ???? & ????? quotas nicely
878723,I participated in ????? and said ??? ????
878724,I went to ??? and davened my ????? and ???? quotas nicely
878725,I listened to ???? ?????
878726,I participated in ????? and said ??? ????
878727,I followed along by ????? ?????
878728,"I said ""??? ??? ??????"" after we finished reading the whole ????"
878729,"I helped set up, serve, or clean up by any meal"
878730,I said a ??? ???? during any meal
878731,I davened my ???? quota nicely
878732,"I went to a Farbrengen on ??? ?????? and extended Yom Tov into the week, and sang the Rebbaims niggunim."
878733,I did something special on ??? ?????? because this ??? will affect my whole year.
878734,I did Kapparos (anytime before ??? ?????)
878735,I asked my friends for forgiveness
878736,I asked for Lekach- honey cake
878737,I gave extra ????
878738,I ate the first ????? (with kreplach)
878739,I davened my ???? quota with ?? ???
878740,I ate the ????? ??????
878741,I received a ???? ?????
878742,"I gave ???? and lit candles using my own candlesticks, and in my ??? clothing"
878743,I went to ??? for ?? ???? and davened my quota nicely
878744,I said extra ?????? after ?????
878745,I fasted part of the day
878746,I behaved extra well because my parents were fasting
878747,I went to ??? and davened my ????? quota nicely
878748,I followed ????? ????? inside
878749,I davened ???? nicely
878750,"I bowed down for ""Koyrim"""
878751,I listened to ???? ?????
878752,I listened to ????? ????? & ????? ????
878753,I davened my ???? & ????? quotas nicely
878754,"I said "" ...???, ???? ??, ?' ???"" out loud"
878755,I sang Napolean's March before ???? blowing
878756,"I heard the ???? and said ""???? ??? ????????"""
878757,I spoke about or helped build the ???? on ????? ??? ?????
878758,I learned something about the ??? ???''?
878759,"I sang a niggun connected to the ??? ???''?- ""Lechatchilla Arriber"""
878760,I took part of a Farbrengen and told a story about the ??? ???''?
878761,I helped prepare for ??? ???
878762,"I gave ???? & lit candles using my own candlesticks, and in my ??? clothing"
878763,I davened my ????? quota nicely
878764,"I ate & drank in the ???? and said ""???? ?????"""
878765,I said a ??? ???? during any meal
878766,I shook ???? and ????? before eating
878767,I went to ??? and davened my ????? and ???? quotas nicely
878768,I followed along by ????? ?????
878769,I listened to ???? ?????
878770,I davened my ????? quota nicely
878771,I davened my ???? & ????? quotas nicely
878772,I shook ???? and ????? before eating
878773,I went to ??? and davened my ????? and ???? quotas nicely
878774,I followed along by ????? ?????
878775,I listened to ???? ?????
878776,"I ate & drank in the ???? and said ""???? ?????"""
878777,"I helped set up, serve, or clean up by any meal"
878778,I said a ??? ???? during any meal
878779,I davened my ???? quota nicley
878780,"I davened my ?????, ????, & ??? quotas with a ????"
878781,"I made a ""???? ?????"" in the ????"
878782,I learned ???? for at least 15 minutes
878783,I davened my ???? quota with a ????
878784,I participated in ???? ??? ??????
878785,I shook the ???? and ????? before eating
878786,"I davened my ?????, ????, & ??? quotas with a ????"
878787,"I made a ""???? ?????"" in the ????"
878788,I learned ???? for at least 15 minutes
878789,I davened my ???? quota with a ????
878790,I participated in ???? ??? ??????
878791,I shook the ???? and ????? before eating
878792,"I davened my ?????, ????, & ??? quotas with a ????"
878793,"I made a ""???? ?????"" in the ????"
878794,I learned ???? for at least 15 minutes
878795,I davened my ???? quota with a ????
878796,I participated in ???? ??? ??????
878797,I shook the ???? and ?????
878798,"I davened my ?????, ????, & ??? quotas with a ????"
878799,"I made a ""???? ?????"" in the ????"
878800,I learned ???? for at least 15 minutes
878801,I davened my ???? quota with a ????
878802,I participated in ???? ??? ??????
878803,I stayed up at night and said ?????
878804,I shook the ???? and ????? before eating
878805,"I davened my ?????, ????, & ??? quotas with a ????"
878806,"I made a ""???? ?????"" in the ????"
878807,I learned ???? for at least 15 minutes
878808,"I ate ?????? and ""klapped Hoshanas"""
878809,I helped prepare for ??? ???
878810,I gave ???? & lit candles using my own candlesticks and in my ??? clothing
878811,I davened ???? and ????? nicely
878812,I went to ??? and davened my ????? and ???? quotas nicely
878813,I followed ????? ????? inside
878814,I listened to ???? ?????
878815,"I started saying ""???? ???? ?????? ????"""
878816,I ate and drank in the ????
878817,"I helped set up, serve, or clean up by any meal"
878818,I said a ??? ???? during any meal
878819,I davened my ???? & ????? quotas nicely
878820,I participated in ????? and said ??? ????
878821,I went to ??? and davened my ????? and ???? quotas nicely
878822,I listened to ???? ?????
878823,I participated in ????? and said ??? ????
878824,I followed along by ????? ?????
878825,"I said ""??? ??? ??????"" after we finished reading the whole ????"
878826,"I helped set up, serve, or clean up by any meal"
878827,I said a ??? ???? during any meal
878828,I davened my ???? quota nicely
878829,"I went to a Farbrengen on ??? ?????? and extended Yom Tov into the week, and sang the Rebbaims niggunim."
878830,I did something special on ??? ?????? because this ??? will affect my whole year.
878831,I did Kapparos (anytime before ??? ?????)
878832,I asked my friends for forgiveness
878833,I asked for Lekach- honey cake
878834,I gave extra ????
878835,I ate the first ????? (with kreplach)
878836,I davened my ???? quota with ?? ???
878837,I ate the ????? ??????
878838,I received a ???? ?????
878839,"I gave ???? and lit candles using my own candlesticks, and in my ??? clothing"
878840,I went to ??? for ?? ???? and davened my quota nicely
878841,I said extra ?????? after ?????
878842,I fasted part of the day
878843,I behaved extra well because my parents were fasting
878844,I went to ??? and davened my ????? quota nicely
878845,I followed ????? ????? inside
878846,I davened ???? nicely
878847,"I bowed down for ""Koyrim"""
878848,I listened to ???? ?????
878849,I listened to ????? ????? & ????? ????
878850,I davened my ???? & ????? quotas nicely
878851,"I said "" ...???, ???? ??, ?' ???"" out loud"
878852,I sang Napolean's March before ???? blowing
878853,"I heard the ???? and said ""???? ??? ????????"""
878854,I spoke about or helped build the ???? on ????? ??? ?????
878855,I learned something about the ??? ???''?
878856,"I sang a niggun connected to the ??? ???''?- ""Lechatchilla Arriber"""
878857,I took part of a Farbrengen and told a story about the ??? ???''?
878858,I helped prepare for ??? ???
878859,"I gave ???? & lit candles using my own candlesticks, and in my ??? clothing"
878860,I davened my ????? quota nicely
878861,"I ate & drank in the ???? and said ""???? ?????"""
878862,I said a ??? ???? during any meal
878863,I shook ???? and ????? before eating
878864,I went to ??? and davened my ????? and ???? quotas nicely
878865,I followed along by ????? ?????
878866,I listened to ???? ?????
878867,I davened my ????? quota nicely
878868,I davened my ???? & ????? quotas nicely
878869,I shook ???? and ????? before eating
878870,I went to ??? and davened my ????? and ???? quotas nicely
878871,I followed along by ????? ?????
878872,I listened to ???? ?????
878873,"I ate & drank in the ???? and said ""???? ?????"""
878874,"I helped set up, serve, or clean up by any meal"
878875,I said a ??? ???? during any meal
878876,I davened my ???? quota nicley
878877,"I davened my ?????, ????, & ??? quotas with a ????"
878878,"I made a ""???? ?????"" in the ????"
878879,I learned ???? for at least 15 minutes
878880,I davened my ???? quota with a ????
878881,I participated in ???? ??? ??????
878882,I shook the ???? and ????? before eating
878883,"I davened my ?????, ????, & ??? quotas with a ????"
878884,"I made a ""???? ?????"" in the ????"
878885,I learned ???? for at least 15 minutes
878886,I davened my ???? quota with a ????
878887,I participated in ???? ??? ??????
878888,I shook the ???? and ????? before eating
878889,"I davened my ?????, ????, & ??? quotas with a ????"
878890,"I made a ""???? ?????"" in the ????"
878891,I learned ???? for at least 15 minutes
878892,I davened my ???? quota with a ????
878893,I participated in ???? ??? ??????
878894,I shook the ???? and ?????
878895,"I davened my ?????, ????, & ??? quotas with a ????"
878896,"I made a ""???? ?????"" in the ????"
878897,I learned ???? for at least 15 minutes
878898,I davened my ???? quota with a ????
878899,I participated in ???? ??? ??????
878900,I stayed up at night and said ?????
878901,I shook the ???? and ????? before eating
878902,"I davened my ?????, ????, & ??? quotas with a ????"
878903,"I made a ""???? ?????"" in the ????"
878904,I learned ???? for at least 15 minutes
878905,"I ate ?????? and ""klapped Hoshanas"""
878906,I helped prepare for ??? ???
878907,I gave ???? & lit candles using my own candlesticks and in my ??? clothing
878908,I davened ???? and ????? nicely
878909,I went to ??? and davened my ????? and ???? quotas nicely
878910,I followed ????? ????? inside
878911,I listened to ???? ?????
878912,"I started saying ""???? ???? ?????? ????"""
878913,I ate and drank in the ????
878914,"I helped set up, serve, or clean up by any meal"
878915,I said a ??? ???? during any meal
878916,I davened my ???? & ????? quotas nicely
878917,I participated in ????? and said ??? ????
878918,I went to ??? and davened my ????? and ???? quotas nicely
878919,I listened to ???? ?????
878920,I participated in ????? and said ??? ????
878921,I followed along by ????? ?????
878922,"I said ""??? ??? ??????"" after we finished reading the whole ????"
878923,"I helped set up, serve, or clean up by any meal"
878924,I said a ??? ???? during any meal
878925,I davened my ???? quota nicely
878926,"I went to a Farbrengen on ??? ?????? and extended Yom Tov into the week, and sang the Rebbaims niggunim."
878927,I did something special on ??? ?????? because this ??? will affect my whole year.
878928,I did Kapparos (anytime before ??? ?????)
878929,I asked my friends for forgiveness
878930,I asked for Lekach- honey cake
878931,I gave extra ????
878932,I ate the first ????? (with kreplach)
878933,I davened my ???? quota with ?? ???
878934,I ate the ????? ??????
878935,I received a ???? ?????
878936,"I gave ???? and lit candles using my own candlesticks, and in my ??? clothing"
878937,I went to ??? for ?? ???? and davened my quota nicely
878938,I said extra ?????? after ?????
878939,I fasted part of the day
878940,I behaved extra well because my parents were fasting
878941,I went to ??? and davened my ????? quota nicely
878942,I followed ????? ????? inside
878943,I davened ???? nicely
878944,"I bowed down for ""Koyrim"""
878945,I listened to ???? ?????
878946,I listened to ????? ????? & ????? ????
878947,I davened my ???? & ????? quotas nicely
878948,"I said "" ...???, ???? ??, ?' ???"" out loud"
878949,I sang Napolean's March before ???? blowing
878950,"I heard the ???? and said ""???? ??? ????????"""
878951,I spoke about or helped build the ???? on ????? ??? ?????
878952,I learned something about the ??? ???''?
878953,"I sang a niggun connected to the ??? ???''?- ""Lechatchilla Arriber"""
878954,I took part of a Farbrengen and told a story about the ??? ???''?
878955,I helped prepare for ??? ???
878956,"I gave ???? & lit candles using my own candlesticks, and in my ??? clothing"
878957,I davened my ????? quota nicely
878958,"I ate & drank in the ???? and said ""???? ?????"""
878959,I said a ??? ???? during any meal
878960,I shook ???? and ????? before eating
878961,I went to ??? and davened my ????? and ???? quotas nicely
878962,I followed along by ????? ?????
878963,I listened to ???? ?????
878964,I davened my ????? quota nicely
878965,I davened my ???? & ????? quotas nicely
878966,I shook ???? and ????? before eating
878967,I went to ??? and davened my ????? and ???? quotas nicely
878968,I followed along by ????? ?????
878969,I listened to ???? ?????
878970,"I ate & drank in the ???? and said ""???? ?????"""
878971,"I helped set up, serve, or clean up by any meal"
878972,I said a ??? ???? during any meal
878973,I davened my ???? quota nicley
878974,"I davened my ?????, ????, & ??? quotas with a ????"
878975,"I made a ""???? ?????"" in the ????"
878976,I learned ???? for at least 15 minutes
878977,I davened my ???? quota with a ????
878978,I participated in ???? ??? ??????
878979,I shook the ???? and ????? before eating
878980,"I davened my ?????, ????, & ??? quotas with a ????"
878981,"I made a ""???? ?????"" in the ????"
878982,I learned ???? for at least 15 minutes
878983,I davened my ???? quota with a ????
878984,I participated in ???? ??? ??????
878985,I shook the ???? and ????? before eating
878986,"I davened my ?????, ????, & ??? quotas with a ????"
878987,"I made a ""???? ?????"" in the ????"
878988,I learned ???? for at least 15 minutes
878989,I davened my ???? quota with a ????
878990,I participated in ???? ??? ??????
878991,I shook the ???? and ?????
878992,"I davened my ?????, ????, & ??? quotas with a ????"
878993,"I made a ""???? ?????"" in the ????"
878994,I learned ???? for at least 15 minutes
878995,I davened my ???? quota with a ????
878996,I participated in ???? ??? ??????
878997,I stayed up at night and said ?????
878998,I shook the ???? and ????? before eating
878999,"I davened my ?????, ????, & ??? quotas with a ????"
879000,"I made a ""???? ?????"" in the ????"
879001,I learned ???? for at least 15 minutes
879002,"I ate ?????? and ""klapped Hoshanas"""
879003,I helped prepare for ??? ???
879004,I gave ???? & lit candles using my own candlesticks and in my ??? clothing
879005,I davened ???? and ????? nicely
879006,I went to ??? and davened my ????? and ???? quotas nicely
879007,I followed ????? ????? inside
879008,I listened to ???? ?????
879009,"I started saying ""???? ???? ?????? ????"""
879010,I ate and drank in the ????
879011,"I helped set up, serve, or clean up by any meal"
879012,I said a ??? ???? during any meal
879013,I davened my ???? & ????? quotas nicely
879014,I participated in ????? and said ??? ????
879015,I went to ??? and davened my ????? and ???? quotas nicely
879016,I listened to ???? ?????
879017,I participated in ????? and said ??? ????
879018,I followed along by ????? ?????
879019,"I said ""??? ??? ??????"" after we finished reading the whole ????"
879020,"I helped set up, serve, or clean up by any meal"
879021,I said a ??? ???? during any meal
879022,I davened my ???? quota nicely
879023,"I went to a Farbrengen on ??? ?????? and extended Yom Tov into the week, and sang the Rebbaims niggunim."
879024,I did something special on ??? ?????? because this ??? will affect my whole year.
879025,I did Kapparos (anytime before ??? ?????)
879026,I asked my friends for forgiveness
879027,I asked for Lekach- honey cake
879028,I gave extra ????
879029,I ate the first ????? (with kreplach)
879030,I davened my ???? quota with ?? ???
879031,I ate the ????? ??????
879032,I received a ???? ?????
879033,"I gave ???? and lit candles using my own candlesticks, and in my ??? clothing"
879034,I went to ??? for ?? ???? and davened my quota nicely
879035,I said extra ?????? after ?????
879036,I fasted part of the day
879037,I behaved extra well because my parents were fasting
879038,I went to ??? and davened my ????? quota nicely
879039,I followed ????? ????? inside
879040,I davened ???? nicely
879041,"I bowed down for ""Koyrim"""
879042,I listened to ???? ?????
879043,I listened to ????? ????? & ????? ????
879044,I davened my ???? & ????? quotas nicely
879045,"I said "" ...???, ???? ??, ?' ???"" out loud"
879046,I sang Napolean's March before ???? blowing
879047,"I heard the ???? and said ""???? ??? ????????"""
879048,I spoke about or helped build the ???? on ????? ??? ?????
879049,I learned something about the ??? ???''?
879050,"I sang a niggun connected to the ??? ???''?- ""Lechatchilla Arriber"""
879051,I took part of a Farbrengen and told a story about the ??? ???''?
879052,I helped prepare for ??? ???
879053,"I gave ???? & lit candles using my own candlesticks, and in my ??? clothing"
879054,I davened my ????? quota nicely
879055,"I ate & drank in the ???? and said ""???? ?????"""
879056,I said a ??? ???? during any meal
879057,I shook ???? and ????? before eating
879058,I went to ??? and davened my ????? and ???? quotas nicely
879059,I followed along by ????? ?????
879060,I listened to ???? ?????
879061,I davened my ????? quota nicely
879062,I davened my ???? & ????? quotas nicely
879063,I shook ???? and ????? before eating
879064,I went to ??? and davened my ????? and ???? quotas nicely
879065,I followed along by ????? ?????
879066,I listened to ???? ?????
879067,"I ate & drank in the ???? and said ""???? ?????"""
879068,"I helped set up, serve, or clean up by any meal"
879069,I said a ??? ???? during any meal
879070,I davened my ???? quota nicley
879071,"I davened my ?????, ????, & ??? quotas with a ????"
879072,"I made a ""???? ?????"" in the ????"
879073,I learned ???? for at least 15 minutes
879074,I davened my ???? quota with a ????
879075,I participated in ???? ??? ??????
879076,I shook the ???? and ????? before eating
879077,"I davened my ?????, ????, & ??? quotas with a ????"
879078,"I made a ""???? ?????"" in the ????"
879079,I learned ???? for at least 15 minutes
879080,I davened my ???? quota with a ????
879081,I participated in ???? ??? ??????
879082,I shook the ???? and ????? before eating
879083,"I davened my ?????, ????, & ??? quotas with a ????"
879084,"I made a ""???? ?????"" in the ????"
879085,I learned ???? for at least 15 minutes
879086,I davened my ???? quota with a ????
879087,I participated in ???? ??? ??????
879088,I shook the ???? and ?????
879089,"I davened my ?????, ????, & ??? quotas with a ????"
879090,"I made a ""???? ?????"" in the ????"
879091,I learned ???? for at least 15 minutes
879092,I davened my ???? quota with a ????
879093,I participated in ???? ??? ??????
879094,I stayed up at night and said ?????
879095,I shook the ???? and ????? before eating
879096,"I davened my ?????, ????, & ??? quotas with a ????"
879097,"I made a ""???? ?????"" in the ????"
879098,I learned ???? for at least 15 minutes
879099,"I ate ?????? and ""klapped Hoshanas"""
879100,I helped prepare for ??? ???
879101,I gave ???? & lit candles using my own candlesticks and in my ??? clothing
879102,I davened ???? and ????? nicely
879103,I went to ??? and davened my ????? and ???? quotas nicely
879104,I followed ????? ????? inside
879105,I listened to ???? ?????
879106,"I started saying ""???? ???? ?????? ????"""
879107,I ate and drank in the ????
879108,"I helped set up, serve, or clean up by any meal"
879109,I said a ??? ???? during any meal
879110,I davened my ???? & ????? quotas nicely
879111,I participated in ????? and said ??? ????
879112,I went to ??? and davened my ????? and ???? quotas nicely
879113,I listened to ???? ?????
879114,I participated in ????? and said ??? ????
879115,I followed along by ????? ?????
879116,"I said ""??? ??? ??????"" after we finished reading the whole ????"
879117,"I helped set up, serve, or clean up by any meal"
879118,I said a ??? ???? during any meal
879119,I davened my ???? quota nicely
879120,"I went to a Farbrengen on ??? ?????? and extended Yom Tov into the week, and sang the Rebbaims niggunim."
879121,I did something special on ??? ?????? because this ??? will affect my whole year.
879122,I did Kapparos (anytime before ??? ?????)
879123,I went to the ????
879124,I asked my friends for forgiveness
879125,I asked for Lekach- honey cake
879126,I gave extra ????
879127,I ate the first ????? (with kreplach)
879128,"I got ????? and said ""???? ????"""
879129,I davened my ???? quota with ?? ???
879130,I ate the ????? ??????
879131,I received a ???? ?????
879132,I listened to the Rebbe's Brocha to Klal Yisrael after Mincha
879133,"I reminded all the girls in my family to give ???? and light candles using their own candlesticks, and in their ??? clothing"
879134,I went to ??? for ?? ???? and davened my quota nicely
879135,I said extra ?????? after ?????
879136,I fasted part of the day
879137,I behaved extra well because my parents were fasting
879138,I went to ??? and davened ????? nicely
879139,I followed ????? ????? inside
879140,I davened ???? nicely
879141,"I bowed down for ""Koyrim"""
879142,I went under the ???? for duchening
879143,I listened to ????? ????? & ????? ????
879144,I davened ???? & ????? nicely
879145,"I said "" ...???, ???? ??, ?' ???"" out loud"
879146,I sang Napolean's March before ???? blowing
879147,"I heard the ???? and said ""???? ??? ????????"""
879148,I spoke about or helped build the ???? on ????? ??? ?????
879149,I learned something about the ??? ???''?
879150,"I sang a niggun connected to the ??? ???''?- ""Lechatchilla Arriber"""
879151,I took part of a Farbrengen and told a story about the ??? ???''?
879152,I helped prepare for ??? ???
879153,"I reminded all the girls in my family to give ???? and light candles using their own candlesticks, and in their ??? clothing"
879154,I went to ??? and davened ????? nicely
879155,"I ate & drank in the ???? and said ""???? ?????"""
879156,I said a ??? ???? during any meal
879157,I shook ???? and ????? before eating
879158,I went to ??? and davened ????? and ???? nicely
879159,I followed along by ????? ?????
879160,I went under the ???? for Duchening
879161,I went to ??? & davened ???? nicely
879162,I davened ????? nicely
879163,I shook ???? and ????? before eating
879164,I went to ??? and davened ????? and ???? nicely
879165,I followed along by ????? ?????
879166,I went under a ???? for Duchening
879167,"I ate & drank in the ???? and said ""???? ?????"""
879168,"I helped set up, serve, or clean up by any meal"
879169,I said a ??? ???? during any meal
879170,I went to ??? & davened ???? & ????? nicely
879171,I davened ????? nicely
879172,"I davened ?????, ????, & ??? with a ????"
879173,I had a Rev'iis of grape juice
879174,"I ate & drank in the ???? and said ""???? ?????"""
879175,I learned ???? for at least 15 minutes
879176,I davened ???? with a ????
879177,I davened ?????
879178,I participated in ???? ??? ??????
879179,I shook the ???? and ????? before eating
879180,"I davened ?????, ????, & ??? with a ????"
879181,I had a Rev'iis of grape juice
879182,"I ate & drank in the ???? and said ""???? ?????"""
879183,I learned ???? for at least 15 minutes
879184,I davened ???? with a ????
879185,I davened ?????
879186,I participated in ???? ??? ??????
879187,I shook the ???? and ????? before eating
879188,"I davened ?????, ????, & ??? with a ????"
879189,I had a Rev'iis of grape juice
879190,"I ate & drank in the ???? and said ""???? ?????"""
879191,I learned ???? for at least 15 minutes
879192,I davened ???? with a ????
879193,I davened ?????
879194,I participated in ???? ??? ??????
879195,I shook the ???? and ?????
879196,"I davened ?????, ????, & ??? with a ????"
879197,I had a Rev'iis of grape juice
879198,"I ate & drank in the ???? and said ""???? ?????"""
879199,I learned ???? for at least 15 minutes
879200,I davened ???? with a ????
879201,I davened ?????
879202,I participated in ???? ??? ??????
879203,I stayed up at night and said ?????
879204,I shook the ???? and ????? before eating
879205,"I davened ?????, ????, & ??? with a ????"
879206,I had a Rev'iis of grape juice
879207,"I ate & drank in the ???? and said ""???? ?????"""
879208,I learned ???? for at least 15 minutes
879209,"I ate ?????? and ""klapped Hoshanas"""
879210,I helped prepare for ??? ???
879211,"I reminded all the girls in my family to give ???? and light candles using their own candlesticks, and in their ??? clothing"
879212,I went to ??? and davened ???? and ????? nicely
879213,I participated in ????? and said ??? ????
879214,I went to ??? and davened my ????? and ???? quotas nicely
879215,I followed ????? ????? inside
879216,I went under the ???? for Duchening
879217,"I started saying ""???? ???? ?????? ????"""
879218,I ate and drank in the ????
879219,"I helped set up, serve, or clean up by any meal"
879220,I said a ??? ???? during any meal
879221,I went on Tahalucha
879222,I went to ??? and davened ???? & ????? nicely
879223,I participated in ????? and said ??? ????
879224,I went to ??? and davened ????? and ???? nicely
879225,I went under the ???? for Duchening
879226,I participated in ????? and said ??? ????
879227,I had an ???-? with all the kinderlach
879228,I followed along by ????? ?????
879229,"I said ""??? ??? ??????"" after we finished reading the whole ????"
879230,"I helped set up, serve, or clean up by any meal"
879231,I said a ??? ???? during any meal
879232,"I went to a Farbrengen on ??? ?????? and extended Yom Tov into the week, and sang the Rebbaims niggunim."
879233,I did something special on ??? ?????? because this ??? will affect my whole year.
879234,I did Kapparos (anytime before ??? ?????)
879235,I asked my friends for forgiveness
879236,I asked for Lekach- honey cake
879237,I gave extra ????
879238,I ate the first ????? (with kreplach)
879239,I davened my ???? quota with ?? ???
879240,I ate the ????? ??????
879241,I received a ???? ?????
879242,"I gave ???? and lit candles using my own candlesticks, and in my ??? clothing"
879243,I went to ??? for ?? ???? and davened my quota nicely
879244,I said extra ?????? after ?????
879245,I fasted part of the day
879246,I behaved extra well because my parents were fasting
879247,I went to ??? and davened my ????? quota nicely
879248,I followed ????? ????? inside
879249,I davened ???? nicely
879250,"I bowed down for ""Koyrim"""
879251,I listened to ???? ?????
879252,I listened to ????? ????? & ????? ????
879253,I davened my ???? & ????? quotas nicely
879254,"I said "" ...???, ???? ??, ?' ???"" out loud"
879255,I sang Napolean's March before ???? blowing
879256,"I heard the ???? and said ""???? ??? ????????"""
879257,I spoke about or helped build the ???? on ????? ??? ?????
879258,I learned something about the ??? ???''?
879259,"I sang a niggun connected to the ??? ???''?- ""Lechatchilla Arriber"""
879260,I took part of a Farbrengen and told a story about the ??? ???''?
879261,I helped prepare for ??? ???
879262,"I gave ???? & lit candles using my own candlesticks, and in my ??? clothing"
879263,I davened my ????? quota nicely
879264,"I ate & drank in the ???? and said ""???? ?????"""
879265,I said a ??? ???? during any meal
879266,I shook ???? and ????? before eating
879267,I went to ??? and davened my ????? and ???? quotas nicely
879268,I followed along by ????? ?????
879269,I listened to ???? ?????
879270,I davened my ????? quota nicely
879271,I davened my ???? & ????? quotas nicely
879272,I shook ???? and ????? before eating
879273,I went to ??? and davened my ????? and ???? quotas nicely
879274,I followed along by ????? ?????
879275,I listened to ???? ?????
879276,"I ate & drank in the ???? and said ""???? ?????"""
879277,"I helped set up, serve, or clean up by any meal"
879278,I said a ??? ???? during any meal
879279,I davened my ???? quota nicley
879280,"I davened my ?????, ????, & ??? quotas with a ????"
879281,"I made a ""???? ?????"" in the ????"
879282,I learned ???? for at least 15 minutes
879283,I davened my ???? quota with a ????
879284,I participated in ???? ??? ??????
879285,I shook the ???? and ????? before eating
879286,"I davened my ?????, ????, & ??? quotas with a ????"
879287,"I made a ""???? ?????"" in the ????"
879288,I learned ???? for at least 15 minutes
879289,I davened my ???? quota with a ????
879290,I participated in ???? ??? ??????
879291,I shook the ???? and ????? before eating
879292,"I davened my ?????, ????, & ??? quotas with a ????"
879293,"I made a ""???? ?????"" in the ????"
879294,I learned ???? for at least 15 minutes
879295,I davened my ???? quota with a ????
879296,I participated in ???? ??? ??????
879297,I shook the ???? and ?????
879298,"I davened my ?????, ????, & ??? quotas with a ????"
879299,"I made a ""???? ?????"" in the ????"
879300,I learned ???? for at least 15 minutes
879301,I davened my ???? quota with a ????
879302,I participated in ???? ??? ??????
879303,I stayed up at night and said ?????
879304,I shook the ???? and ????? before eating
879305,"I davened my ?????, ????, & ??? quotas with a ????"
879306,"I made a ""???? ?????"" in the ????"
879307,I learned ???? for at least 15 minutes
879308,"I ate ?????? and ""klapped Hoshanas"""
879309,I helped prepare for ??? ???
879310,I gave ???? & lit candles using my own candlesticks and in my ??? clothing
879311,I davened ???? and ????? nicely
879312,I went to ??? and davened my ????? and ???? quotas nicely
879313,I followed ????? ????? inside
879314,I listened to ???? ?????
879315,"I started saying ""???? ???? ?????? ????"""
879316,I ate and drank in the ????
879317,"I helped set up, serve, or clean up by any meal"
879318,I said a ??? ???? during any meal
879319,I davened my ???? & ????? quotas nicely
879320,I participated in ????? and said ??? ????
879321,I went to ??? and davened my ????? and ???? quotas nicely
879322,I listened to ???? ?????
879323,I participated in ????? and said ??? ????
879324,I followed along by ????? ?????
879325,"I said ""??? ??? ??????"" after we finished reading the whole ????"
879326,"I helped set up, serve, or clean up by any meal"
879327,I said a ??? ???? during any meal
879328,I davened my ???? quota nicely
879329,"I went to a Farbrengen on ??? ?????? and extended Yom Tov into the week, and sang the Rebbaims niggunim."
879330,I did something special on ??? ?????? because this ??? will affect my whole year.
879331,I did Kapparos (anytime before ??? ?????)
879332,I asked my friends for forgiveness
879333,I asked for Lekach- honey cake
879334,I gave extra ????
879335,I ate the first ????? (with kreplach)
879336,I davened my ???? quota with ?? ???
879337,I ate the ????? ??????
879338,I received a ???? ?????
879339,"I gave ???? and lit candles using my own candlesticks, and in my ??? clothing"
879340,I went to ??? for ?? ???? and davened my quota nicely
879341,I said extra ?????? after ?????
879342,I fasted part of the day
879343,I behaved extra well because my parents were fasting
879344,I went to ??? and davened my ????? quota nicely
879345,I followed ????? ????? inside
879346,I davened ???? nicely
879347,"I bowed down for ""Koyrim"""
879348,I listened to ???? ?????
879349,I listened to ????? ????? & ????? ????
879350,I davened my ???? & ????? quotas nicely
879351,"I said "" ...???, ???? ??, ?' ???"" out loud"
879352,I sang Napolean's March before ???? blowing
879353,"I heard the ???? and said ""???? ??? ????????"""
879354,I spoke about or helped build the ???? on ????? ??? ?????
879355,I learned something about the ??? ???''?
879356,"I sang a niggun connected to the ??? ???''?- ""Lechatchilla Arriber"""
879357,I took part of a Farbrengen and told a story about the ??? ???''?
879358,I helped prepare for ??? ???
879359,"I gave ???? & lit candles using my own candlesticks, and in my ??? clothing"
879360,I davened my ????? quota nicely
879361,"I ate & drank in the ???? and said ""???? ?????"""
879362,I said a ??? ???? during any meal
879363,I shook ???? and ????? before eating
879364,I went to ??? and davened my ????? and ???? quotas nicely
879365,I followed along by ????? ?????
879366,I listened to ???? ?????
879367,I davened my ????? quota nicely
879368,I davened my ???? & ????? quotas nicely
879369,I shook ???? and ????? before eating
879370,I went to ??? and davened my ????? and ???? quotas nicely
879371,I followed along by ????? ?????
879372,I listened to ???? ?????
879373,"I ate & drank in the ???? and said ""???? ?????"""
879374,"I helped set up, serve, or clean up by any meal"
879375,I said a ??? ???? during any meal
879376,I davened my ???? quota nicley
879377,"I davened my ?????, ????, & ??? quotas with a ????"
879378,"I made a ""???? ?????"" in the ????"
879379,I learned ???? for at least 15 minutes
879380,I davened my ???? quota with a ????
879381,I participated in ???? ??? ??????
879382,I shook the ???? and ????? before eating
879383,"I davened my ?????, ????, & ??? quotas with a ????"
879384,"I made a ""???? ?????"" in the ????"
879385,I learned ???? for at least 15 minutes
879386,I davened my ???? quota with a ????
879387,I participated in ???? ??? ??????
879388,I shook the ???? and ????? before eating
879389,"I davened my ?????, ????, & ??? quotas with a ????"
879390,"I made a ""???? ?????"" in the ????"
879391,I learned ???? for at least 15 minutes
879392,I davened my ???? quota with a ????
879393,I participated in ???? ??? ??????
879394,I shook the ???? and ?????
879395,"I davened my ?????, ????, & ??? quotas with a ????"
879396,"I made a ""???? ?????"" in the ????"
879397,I learned ???? for at least 15 minutes
879398,I davened my ???? quota with a ????
879399,I participated in ???? ??? ??????
879400,I stayed up at night and said ?????
879401,I shook the ???? and ????? before eating
879402,"I davened my ?????, ????, & ??? quotas with a ????"
879403,"I made a ""???? ?????"" in the ????"
879404,I learned ???? for at least 15 minutes
879405,"I ate ?????? and ""klapped Hoshanas"""
879406,I helped prepare for ??? ???
879407,I gave ???? & lit candles using my own candlesticks and in my ??? clothing
879408,I davened ???? and ????? nicely
879409,I went to ??? and davened my ????? and ???? quotas nicely
879410,I followed ????? ????? inside
879411,I listened to ???? ?????
879412,"I started saying ""???? ???? ?????? ????"""
879413,I ate and drank in the ????
879414,"I helped set up, serve, or clean up by any meal"
879415,I said a ??? ???? during any meal
879416,I davened my ???? & ????? quotas nicely
879417,I participated in ????? and said ??? ????
879418,I went to ??? and davened my ????? and ???? quotas nicely
879419,I listened to ???? ?????
879420,I participated in ????? and said ??? ????
879421,I followed along by ????? ?????
879422,"I said ""??? ??? ??????"" after we finished reading the whole ????"
879423,"I helped set up, serve, or clean up by any meal"
879424,I said a ??? ???? during any meal
879425,I davened my ???? quota nicely
879426,"I went to a Farbrengen on ??? ?????? and extended Yom Tov into the week, and sang the Rebbaims niggunim."
879427,I did something special on ??? ?????? because this ??? will affect my whole year.
879428,I did Kapparos (anytime before ??? ?????)
879429,I went to the ????
879430,I asked my friends for forgiveness
879431,I asked for Lekach- honey cake
879432,I gave extra ????
879433,I ate the first ????? (with kreplach)
879434,"I got ????? and said ""???? ????"""
879435,I davened my ???? quota with ?? ???
879436,I ate the ????? ??????
879437,I received a ???? ?????
879438,I listened to the Rebbe's Brocha to Klal Yisrael after Mincha
879439,"I reminded all the girls in my family to give ???? and light candles using their own candlesticks, and in their ??? clothing"
879440,I went to ??? for ?? ???? and davened my quota nicely
879441,I said extra ?????? after ?????
879442,I fasted part of the day
879443,I behaved extra well because my parents were fasting
879444,I went to ??? and davened my ????? quota nicely
879445,I followed ????? ????? inside
879446,I davened my ???? quota nicely
879447,"I bowed down for ""Koyrim"""
879448,I went under the ???? for duchening
879449,I listened to ????? ????? & ????? ????
879450,I davened my ???? & ????? quotas nicely
879451,"I said "" ...???, ???? ??, ?' ???"" out loud"
879452,I sang Napolean's March before ???? blowing
879453,"I heard the ???? and said ""???? ??? ????????"""
879454,I spoke about or helped build the ???? on ????? ??? ?????
879455,I learned something about the ??? ???''?
879456,"I sang a niggun connected to the ??? ???''?- ""Lechatchilla Arriber"""
879457,I took part of a Farbrengen and told a story about the ??? ???''?
879458,I helped prepare for ??? ???
879459,"I reminded all the girls in my family to give ???? and light candles using their own candlesticks, and in their ??? clothing"
879460,I went to ??? and davened my ????? quota nicely
879461,"I ate & drank in the ???? and said ""???? ?????"""
879462,I said a ??? ???? during any meal
879463,I shook ???? and ????? before eating
879464,I went to ??? and davened my ????? and ???? quotas nicely
879465,I followed along by ????? ?????
879466,I went under the ???? for Duchening
879467,I went to ??? & davened my ???? quota nicely
879468,I davened my ????? quota nicely
879469,I shook ???? and ????? before eating
879470,I went to ??? and davened my ????? and ???? quotas
879471,I followed along by ????? ?????
879472,I went under a ???? for Duchening
879473,"I ate & drank in the ???? and said ""???? ?????"""
879474,"I helped set up, serve, or clean up by any meal"
879475,I said a ??? ???? during any meal
879476,I went to ??? & davened my ???? & ????? quotas nicely
879477,I davened my ????? quota nicely
879478,"I davened my ?????, ????, & ??? quotas with a ????"
879479,I had a Rev'iis of grape juice
879480,"I ate & drank in the ???? and said ""???? ?????"""
879481,I learned ???? for at least 15 minutes
879482,I davened my ???? quota with a ????
879483,I davened my ????? quota
879484,I participated in ???? ??? ??????
879485,I shook the ???? and ????? before eating
879486,"I davened my ?????, ????, & ??? quotas with a ????"
879487,I had a Rev'iis of grape juice
879488,"I ate & drank in the ???? and said ""???? ?????"""
879489,I learned ???? for at least 15 minutes
879490,I davened my ???? quota with a ????
879491,I davened my ????? quota
879492,I participated in ???? ??? ??????
879493,I shook the ???? and ????? before eating
879494,"I davened my ?????, ????, & ??? quotas with a ????"
879495,I had a Rev'iis of grape juice
879496,"I ate & drank in the ???? and said ""???? ?????"""
879497,I learned ???? for at least 15 minutes
879498,I davened my ???? quota with a ????
879499,I davened my ????? quota
879500,I participated in ???? ??? ??????
879501,I shook the ???? and ?????
879502,"I davened my ?????, ????, & ??? quotas with a ????"
879503,I had a Rev'iis of grape juice
879504,"I ate & drank in the ???? and said ""???? ?????"""
879505,I learned ???? for at least 15 minutes
879506,I davened my ???? quota with a ????
879507,I davened my ????? quota
879508,I participated in ???? ??? ??????
879509,I stayed up at night and said ?????
879510,I shook the ???? and ????? before eating
879511,"I davened my ?????, ????, & ??? quotas with a ????"
879512,I had a Rev'iis of grape juice
879513,"I ate & drank in the ???? and said ""???? ?????"""
879514,I learned ???? for at least 15 minutes
879515,"I ate ?????? and ""klapped Hoshanas"""
879516,I helped prepare for ??? ???
879517,"I reminded all the girls in my family to give ???? and light candles using their own candlesticks, and in their ??? clothing"
879518,I went to ??? and davened my ???? and ????? quotas nicely
879519,I participated in ????? and said ??? ????
879520,I went to ??? and davened my ????? and ???? quotas nicely
879521,I followed ????? ????? inside
879522,I went under the ???? for Duchening
879523,"I started saying ""???? ???? ?????? ????"""
879524,I ate and drank in the ????
879525,"I helped set up, serve, or clean up by any meal"
879526,I said a ??? ???? during any meal
879527,I went on Tahalucha
879528,I went to ??? and davened my ???? & ????? quotas nicely
879529,I participated in ????? and said ??? ????
879530,I went to ??? and davened my ????? and ???? quotas nicely
879531,I went under the ???? for Duchening
879532,I participated in ????? and said ??? ????
879533,I had an ???-? with all the kinderlach
879534,I followed along by ????? ?????
879535,"I said ""??? ??? ??????"" after we finished reading the whole ????"
879536,"I helped set up, serve, or clean up by any meal"
879537,I said a ??? ???? during any meal
879538,"I went to a Farbrengen on ??? ?????? and extended Yom Tov into the week, and sang the Rebbaims niggunim."
879539,I did something special on ??? ?????? because this ??? will affect my whole year.
879540,I did Kapparos (anytime before ??? ?????)
879541,I went to the ????
879542,I asked my friends for forgiveness
879543,I asked for Lekach- honey cake
879544,I gave extra ????
879545,I ate the first ????? (with kreplach)
879546,"I got ????? and said ""???? ????"""
879547,I davened my ???? quota with ?? ???
879548,I ate the ????? ??????
879549,I received a ???? ?????
879550,I listened to the Rebbe's Brocha to Klal Yisrael after Mincha
879551,"I reminded all the girls in my family to give ???? and light candles using their own candlesticks, and in their ??? clothing"
879552,I went to ??? for ?? ???? and davened my quota nicely
879553,I said extra ?????? after ?????
879554,I fasted part of the day
879555,I behaved extra well because my parents were fasting
879556,I went to ??? and davened my ????? quota nicely
879557,I followed ????? ????? inside
879558,I davened my ???? quota nicely
879559,"I bowed down for ""Koyrim"""
879560,I went under the ???? for duchening
879561,I listened to ????? ????? & ????? ????
879562,I davened my ???? & ????? quotas nicely
879563,"I said "" ...???, ???? ??, ?' ???"" out loud"
879564,I sang Napolean's March before ???? blowing
879565,"I heard the ???? and said ""???? ??? ????????"""
879566,I spoke about or helped build the ???? on ????? ??? ?????
879567,I learned something about the ??? ???''?
879568,"I sang a niggun connected to the ??? ???''?- ""Lechatchilla Arriber"""
879569,I took part of a Farbrengen and told a story about the ??? ???''?
879570,I helped prepare for ??? ???
879571,"I reminded all the girls in my family to give ???? and light candles using their own candlesticks, and in their ??? clothing"
879572,I went to ??? and davened my ????? quota nicely
879573,"I ate & drank in the ???? and said ""???? ?????"""
879574,I said a ??? ???? during any meal
879575,I shook ???? and ????? before eating
879576,I went to ??? and davened my ????? and ???? quotas nicely
879577,I followed along by ????? ?????
879578,I went under the ???? for Duchening
879579,I went to ??? & davened my ???? quota nicely
879580,I davened my ????? quota nicely
879581,I shook ???? and ????? before eating
879582,I went to ??? and davened my ????? and ???? quotas
879583,I followed along by ????? ?????
879584,I went under a ???? for Duchening
879585,"I ate & drank in the ???? and said ""???? ?????"""
879586,"I helped set up, serve, or clean up by any meal"
879587,I said a ??? ???? during any meal
879588,I went to ??? & davened my ???? & ????? quotas nicely
879589,I davened my ????? quota nicely
879590,"I davened my ?????, ????, & ??? quotas with a ????"
879591,I had a Rev'iis of grape juice
879592,"I ate & drank in the ???? and said ""???? ?????"""
879593,I learned ???? for at least 15 minutes
879594,I davened my ???? quota with a ????
879595,I davened my ????? quota
879596,I participated in ???? ??? ??????
879597,I shook the ???? and ????? before eating
879598,"I davened my ?????, ????, & ??? quotas with a ????"
879599,I had a Rev'iis of grape juice
879600,"I ate & drank in the ???? and said ""???? ?????"""
879601,I learned ???? for at least 15 minutes
879602,I davened my ???? quota with a ????
879603,I davened my ????? quota
879604,I participated in ???? ??? ??????
879605,I shook the ???? and ????? before eating
879606,"I davened my ?????, ????, & ??? quotas with a ????"
879607,I had a Rev'iis of grape juice
879608,"I ate & drank in the ???? and said ""???? ?????"""
879609,I learned ???? for at least 15 minutes
879610,I davened my ???? quota with a ????
879611,I davened my ????? quota
879612,I participated in ???? ??? ??????
879613,I shook the ???? and ?????
879614,"I davened my ?????, ????, & ??? quotas with a ????"
879615,I had a Rev'iis of grape juice
879616,"I ate & drank in the ???? and said ""???? ?????"""
879617,I learned ???? for at least 15 minutes
879618,I davened my ???? quota with a ????
879619,I davened my ????? quota
879620,I participated in ???? ??? ??????
879621,I stayed up at night and said ?????
879622,I shook the ???? and ????? before eating
879623,"I davened my ?????, ????, & ??? quotas with a ????"
879624,I had a Rev'iis of grape juice
879625,"I ate & drank in the ???? and said ""???? ?????"""
879626,I learned ???? for at least 15 minutes
879627,"I ate ?????? and ""klapped Hoshanas"""
879628,I helped prepare for ??? ???
879629,"I reminded all the girls in my family to give ???? and light candles using their own candlesticks, and in their ??? clothing"
879630,I went to ??? and davened my ???? and ????? quotas nicely
879631,I participated in ????? and said ??? ????
879632,I went to ??? and davened my ????? and ???? quotas nicely
879633,I followed ????? ????? inside
879634,I went under the ???? for Duchening
879635,"I started saying ""???? ???? ?????? ????"""
879636,I ate and drank in the ????
879637,"I helped set up, serve, or clean up by any meal"
879638,I said a ??? ???? during any meal
879639,I went on Tahalucha
879640,I went to ??? and davened my ???? & ????? quotas nicely
879641,I participated in ????? and said ??? ????
879642,I went to ??? and davened my ????? and ???? quotas nicely
879643,I went under the ???? for Duchening
879644,I participated in ????? and said ??? ????
879645,I had an ???-? with all the kinderlach
879646,I followed along by ????? ?????
879647,"I said ""??? ??? ??????"" after we finished reading the whole ????"
879648,"I helped set up, serve, or clean up by any meal"
879649,I said a ??? ???? during any meal
879650,"I went to a Farbrengen on ??? ?????? and extended Yom Tov into the week, and sang the Rebbaims niggunim."
879651,I did something special on ??? ?????? because this ??? will affect my whole year.
879652,I did Kapparos (anytime before ??? ?????)
879653,I went to the ????
879654,I asked my friends for forgiveness
879655,I asked for Lekach- honey cake
879656,I gave extra ????
879657,I ate the first ????? (with kreplach)
879658,"I got ????? and said ""???? ????"""
879659,I davened my ???? quota with ?? ???
879660,I ate the ????? ??????
879661,I received a ???? ?????
879662,I listened to the Rebbe's Brocha to Klal Yisrael after Mincha
879663,"I reminded all the girls in my family to give ???? and light candles using their own candlesticks, and in their ??? clothing"
879664,I went to ??? for ?? ???? and davened my quota nicely
879665,I said extra ?????? after ?????
879666,I fasted part of the day
879667,I behaved extra well because my parents were fasting
879668,I went to ??? and davened my ????? quota nicely
879669,I followed ????? ????? inside
879670,I davened my ???? quota nicely
879671,"I bowed down for ""Koyrim"""
879672,I went under the ???? for duchening
879673,I listened to ????? ????? & ????? ????
879674,I davened my ???? & ????? quotas nicely
879675,"I said "" ...???, ???? ??, ?' ???"" out loud"
879676,I sang Napolean's March before ???? blowing
879677,"I heard the ???? and said ""???? ??? ????????"""
879678,I spoke about or helped build the ???? on ????? ??? ?????
879679,I learned something about the ??? ???''?
879680,"I sang a niggun connected to the ??? ???''?- ""Lechatchilla Arriber"""
879681,I took part of a Farbrengen and told a story about the ??? ???''?
879682,I helped prepare for ??? ???
879683,"I reminded all the girls in my family to give ???? and light candles using their own candlesticks, and in their ??? clothing"
879684,I went to ??? and davened my ????? quota nicely
879685,"I ate & drank in the ???? and said ""???? ?????"""
879686,I said a ??? ???? during any meal
879687,I shook ???? and ????? before eating
879688,I went to ??? and davened my ????? and ???? quotas nicely
879689,I followed along by ????? ?????
879690,I went under the ???? for Duchening
879691,I went to ??? & davened my ???? quota nicely
879692,I davened my ????? quota nicely
879693,I shook ???? and ????? before eating
879694,I went to ??? and davened my ????? and ???? quotas
879695,I followed along by ????? ?????
879696,I went under a ???? for Duchening
879697,"I ate & drank in the ???? and said ""???? ?????"""
879698,"I helped set up, serve, or clean up by any meal"
879699,I said a ??? ???? during any meal
879700,I went to ??? & davened my ???? & ????? quotas nicely
879701,I davened my ????? quota nicely
879702,"I davened my ?????, ????, & ??? quotas with a ????"
879703,I had a Rev'iis of grape juice
879704,"I ate & drank in the ???? and said ""???? ?????"""
879705,I learned ???? for at least 15 minutes
879706,I davened my ???? quota with a ????
879707,I davened my ????? quota
879708,I participated in ???? ??? ??????
879709,I shook the ???? and ????? before eating
879710,"I davened my ?????, ????, & ??? quotas with a ????"
879711,I had a Rev'iis of grape juice
879712,"I ate & drank in the ???? and said ""???? ?????"""
879713,I learned ???? for at least 15 minutes
879714,I davened my ???? quota with a ????
879715,I davened my ????? quota
879716,I participated in ???? ??? ??????
879717,I shook the ???? and ????? before eating
879718,"I davened my ?????, ????, & ??? quotas with a ????"
879719,I had a Rev'iis of grape juice
879720,"I ate & drank in the ???? and said ""???? ?????"""
879721,I learned ???? for at least 15 minutes
879722,I davened my ???? quota with a ????
879723,I davened my ????? quota
879724,I participated in ???? ??? ??????
879725,I shook the ???? and ?????
879726,"I davened my ?????, ????, & ??? quotas with a ????"
879727,I had a Rev'iis of grape juice
879728,"I ate & drank in the ???? and said ""???? ?????"""
879729,I learned ???? for at least 15 minutes
879730,I davened my ???? quota with a ????
879731,I davened my ????? quota
879732,I participated in ???? ??? ??????
879733,I stayed up at night and said ?????
879734,I shook the ???? and ????? before eating
879735,"I davened my ?????, ????, & ??? quotas with a ????"
879736,I had a Rev'iis of grape juice
879737,"I ate & drank in the ???? and said ""???? ?????"""
879738,I learned ???? for at least 15 minutes
879739,"I ate ?????? and ""klapped Hoshanas"""
879740,I helped prepare for ??? ???
879741,"I reminded all the girls in my family to give ???? and light candles using their own candlesticks, and in their ??? clothing"
879742,I went to ??? and davened my ???? and ????? quotas nicely
879743,I participated in ????? and said ??? ????
879744,I went to ??? and davened my ????? and ???? quotas nicely
879745,I followed ????? ????? inside
879746,I went under the ???? for Duchening
879747,"I started saying ""???? ???? ?????? ????"""
879748,I ate and drank in the ????
879749,"I helped set up, serve, or clean up by any meal"
879750,I said a ??? ???? during any meal
879751,I went on Tahalucha
879752,I went to ??? and davened my ???? & ????? quotas nicely
879753,I participated in ????? and said ??? ????
879754,I went to ??? and davened my ????? and ???? quotas nicely
879755,I went under the ???? for Duchening
879756,I participated in ????? and said ??? ????
879757,I had an ???-? with all the kinderlach
879758,I followed along by ????? ?????
879759,"I said ""??? ??? ??????"" after we finished reading the whole ????"
879760,"I helped set up, serve, or clean up by any meal"
879761,I said a ??? ???? during any meal
879762,"I went to a Farbrengen on ??? ?????? and extended Yom Tov into the week, and sang the Rebbaims niggunim."
879763,I did something special on ??? ?????? because this ??? will affect my whole year.
879764,I did Kapparos (anytime before ??? ?????)
879765,I went to the ????
879766,I asked my friends for forgiveness
879767,I asked for Lekach- honey cake
879768,I gave extra ????
879769,I ate the first ????? (with kreplach)
879770,"I got ????? and said ""???? ????"""
879771,I davened my ???? quota with ?? ???
879772,I ate the ????? ??????
879773,I received a ???? ?????
879774,I listened to the Rebbe's Brocha to Klal Yisrael after Mincha
879775,"I reminded all the girls in my family to give ???? and light candles using their own candlesticks, and in their ??? clothing"
879776,I went to ??? for ?? ???? and davened my quota nicely
879777,I said extra ?????? after ?????
879778,I fasted part of the day
879779,I behaved extra well because my parents were fasting
879780,I went to ??? and davened my ????? quota nicely
879781,I followed ????? ????? inside
879782,I davened my ???? quota nicely
879783,"I bowed down for ""Koyrim"""
879784,I went under the ???? for duchening
879785,I listened to ????? ????? & ????? ????
879786,I davened my ???? & ????? quotas nicely
879787,"I said "" ...???, ???? ??, ?' ???"" out loud"
879788,I sang Napolean's March before ???? blowing
879789,"I heard the ???? and said ""???? ??? ????????"""
879790,I spoke about or helped build the ???? on ????? ??? ?????
879791,I learned something about the ??? ???''?
879792,"I sang a niggun connected to the ??? ???''?- ""Lechatchilla Arriber"""
879793,I took part of a Farbrengen and told a story about the ??? ???''?
879794,I helped prepare for ??? ???
879795,"I reminded all the girls in my family to give ???? and light candles using their own candlesticks, and in their ??? clothing"
879796,I went to ??? and davened my ????? quota nicely
879797,"I ate & drank in the ???? and said ""???? ?????"""
879798,I said a ??? ???? during any meal
879799,I shook ???? and ????? before eating
879800,I went to ??? and davened my ????? and ???? quotas nicely
879801,I followed along by ????? ?????
879802,I went under the ???? for Duchening
879803,I went to ??? & davened my ???? quota nicely
879804,I davened my ????? quota nicely
879805,I shook ???? and ????? before eating
879806,I went to ??? and davened my ????? and ???? quotas
879807,I followed along by ????? ?????
879808,I went under a ???? for Duchening
879809,"I ate & drank in the ???? and said ""???? ?????"""
879810,"I helped set up, serve, or clean up by any meal"
879811,I said a ??? ???? during any meal
879812,I went to ??? & davened my ???? & ????? quotas nicely
879813,I davened my ????? quota nicely
879814,"I davened my ?????, ????, & ??? quotas with a ????"
879815,I had a Rev'iis of grape juice
879816,"I ate & drank in the ???? and said ""???? ?????"""
879817,I learned ???? for at least 15 minutes
879818,I davened my ???? quota with a ????
879819,I davened my ????? quota
879820,I participated in ???? ??? ??????
879821,I shook the ???? and ????? before eating
879822,"I davened my ?????, ????, & ??? quotas with a ????"
879823,I had a Rev'iis of grape juice
879824,"I ate & drank in the ???? and said ""???? ?????"""
879825,I learned ???? for at least 15 minutes
879826,I davened my ???? quota with a ????
879827,I davened my ????? quota
879828,I participated in ???? ??? ??????
879829,I shook the ???? and ????? before eating
879830,"I davened my ?????, ????, & ??? quotas with a ????"
879831,I had a Rev'iis of grape juice
879832,"I ate & drank in the ???? and said ""???? ?????"""
879833,I learned ???? for at least 15 minutes
879834,I davened my ???? quota with a ????
879835,I davened my ????? quota
879836,I participated in ???? ??? ??????
879837,I shook the ???? and ?????
879838,"I davened my ?????, ????, & ??? quotas with a ????"
879839,I had a Rev'iis of grape juice
879840,"I ate & drank in the ???? and said ""???? ?????"""
879841,I learned ???? for at least 15 minutes
879842,I davened my ???? quota with a ????
879843,I davened my ????? quota
879844,I participated in ???? ??? ??????
879845,I stayed up at night and said ?????
879846,I shook the ???? and ????? before eating
879847,"I davened my ?????, ????, & ??? quotas with a ????"
879848,I had a Rev'iis of grape juice
879849,"I ate & drank in the ???? and said ""???? ?????"""
879850,I learned ???? for at least 15 minutes
879851,"I ate ?????? and ""klapped Hoshanas"""
879852,I helped prepare for ??? ???
879853,"I reminded all the girls in my family to give ???? and light candles using their own candlesticks, and in their ??? clothing"
879854,I went to ??? and davened my ???? and ????? quotas nicely
879855,I participated in ????? and said ??? ????
879856,I went to ??? and davened my ????? and ???? quotas nicely
879857,I followed ????? ????? inside
879858,I went under the ???? for Duchening
879859,"I started saying ""???? ???? ?????? ????"""
879860,I ate and drank in the ????
879861,"I helped set up, serve, or clean up by any meal"
879862,I said a ??? ???? during any meal
879863,I went on Tahalucha
879864,I went to ??? and davened my ???? & ????? quotas nicely
879865,I participated in ????? and said ??? ????
879866,I went to ??? and davened my ????? and ???? quotas nicely
879867,I went under the ???? for Duchening
879868,I participated in ????? and said ??? ????
879869,I had an ???-? with all the kinderlach
879870,I followed along by ????? ?????
879871,"I said ""??? ??? ??????"" after we finished reading the whole ????"
879872,"I helped set up, serve, or clean up by any meal"
879873,I said a ??? ???? during any meal
879874,"I went to a Farbrengen on ??? ?????? and extended Yom Tov into the week, and sang the Rebbaims niggunim."
879875,I did something special on ??? ?????? because this ??? will affect my whole year.
879876,I did Kapparos (anytime before ??? ?????)
879877,I went to the ????
879878,I asked my friends for forgiveness
879879,I asked for Lekach- honey cake
879880,I gave extra ????
879881,I ate the first ????? (with kreplach)
879882,"I got ????? and said ""???? ????"""
879883,I davened my ???? quota with ?? ???
879884,I ate the ????? ??????
879885,I received a ???? ?????
879886,I listened to the Rebbe's Brocha to Klal Yisrael after Mincha
879887,"I reminded all the girls in my family to give ???? and light candles using their own candlesticks, and in their ??? clothing"
879888,I went to ??? for ?? ???? and davened my quota nicely
879889,I said extra ?????? after ?????
879890,I fasted part of the day
879891,I behaved extra well because my parents were fasting
879892,I went to ??? and davened my ????? quota nicely
879893,I followed ????? ????? inside
879894,I davened my ???? quota nicely
879895,"I bowed down for ""Koyrim"""
879896,I went under the ???? for duchening
879897,I listened to ????? ????? & ????? ????
879898,I davened my ???? & ????? quotas nicely
879899,"I said "" ...???, ???? ??, ?' ???"" out loud"
879900,I sang Napolean's March before ???? blowing
879901,"I heard the ???? and said ""???? ??? ????????"""
879902,I spoke about or helped build the ???? on ????? ??? ?????
879903,I learned something about the ??? ???''?
879904,"I sang a niggun connected to the ??? ???''?- ""Lechatchilla Arriber"""
879905,I took part of a Farbrengen and told a story about the ??? ???''?
879906,I helped prepare for ??? ???
879907,"I reminded all the girls in my family to give ???? and light candles using their own candlesticks, and in their ??? clothing"
879908,I went to ??? and davened my ????? quota nicely
879909,"I ate & drank in the ???? and said ""???? ?????"""
879910,I said a ??? ???? during any meal
879911,I shook ???? and ????? before eating
879912,I went to ??? and davened my ????? and ???? quotas nicely
879913,I followed along by ????? ?????
879914,I went under the ???? for Duchening
879915,I went to ??? & davened my ???? quota nicely
879916,I davened my ????? quota nicely
879917,I shook ???? and ????? before eating
879918,I went to ??? and davened my ????? and ???? quotas
879919,I followed along by ????? ?????
879920,I went under a ???? for Duchening
879921,"I ate & drank in the ???? and said ""???? ?????"""
879922,"I helped set up, serve, or clean up by any meal"
879923,I said a ??? ???? during any meal
879924,I went to ??? & davened my ???? & ????? quotas nicely
879925,I davened my ????? quota nicely
879926,"I davened my ?????, ????, & ??? quotas with a ????"
879927,I had a Rev'iis of grape juice
879928,"I ate & drank in the ???? and said ""???? ?????"""
879929,I learned ???? for at least 15 minutes
879930,I davened my ???? quota with a ????
879931,I davened my ????? quota
879932,I participated in ???? ??? ??????
879933,I shook the ???? and ????? before eating
879934,"I davened my ?????, ????, & ??? quotas with a ????"
879935,I had a Rev'iis of grape juice
879936,"I ate & drank in the ???? and said ""???? ?????"""
879937,I learned ???? for at least 15 minutes
879938,I davened my ???? quota with a ????
879939,I davened my ????? quota
879940,I participated in ???? ??? ??????
879941,I shook the ???? and ????? before eating
879942,"I davened my ?????, ????, & ??? quotas with a ????"
879943,I had a Rev'iis of grape juice
879944,"I ate & drank in the ???? and said ""???? ?????"""
879945,I learned ???? for at least 15 minutes
879946,I davened my ???? quota with a ????
879947,I davened my ????? quota
879948,I participated in ???? ??? ??????
879949,I shook the ???? and ?????
879950,"I davened my ?????, ????, & ??? quotas with a ????"
879951,I had a Rev'iis of grape juice
879952,"I ate & drank in the ???? and said ""???? ?????"""
879953,I learned ???? for at least 15 minutes
879954,I davened my ???? quota with a ????
879955,I davened my ????? quota
879956,I participated in ???? ??? ??????
879957,I stayed up at night and said ?????
879958,I shook the ???? and ????? before eating
879959,"I davened my ?????, ????, & ??? quotas with a ????"
879960,I had a Rev'iis of grape juice
879961,"I ate & drank in the ???? and said ""???? ?????"""
879962,I learned ???? for at least 15 minutes
879963,"I ate ?????? and ""klapped Hoshanas"""
879964,I helped prepare for ??? ???
879965,"I reminded all the girls in my family to give ???? and light candles using their own candlesticks, and in their ??? clothing"
879966,I went to ??? and davened my ???? and ????? quotas nicely
879967,I participated in ????? and said ??? ????
879968,I went to ??? and davened my ????? and ???? quotas nicely
879969,I followed ????? ????? inside
879970,I went under the ???? for Duchening
879971,"I started saying ""???? ???? ?????? ????"""
879972,I ate and drank in the ????
879973,"I helped set up, serve, or clean up by any meal"
879974,I said a ??? ???? during any meal
879975,I went on Tahalucha
879976,I went to ??? and davened my ???? & ????? quotas nicely
879977,I participated in ????? and said ??? ????
879978,I went to ??? and davened my ????? and ???? quotas nicely
879979,I went under the ???? for Duchening
879980,I participated in ????? and said ??? ????
879981,I had an ???-? with all the kinderlach
879982,I followed along by ????? ?????
879983,"I said ""??? ??? ??????"" after we finished reading the whole ????"
879984,"I helped set up, serve, or clean up by any meal"
879985,I said a ??? ???? during any meal
879986,"I went to a Farbrengen on ??? ?????? and extended Yom Tov into the week, and sang the Rebbaims niggunim."
879987,I did something special on ??? ?????? because this ??? will affect my whole year.
879988,I did Kapparos (anytime before ??? ?????)
879989,I went to the ????
879990,I asked my friends for forgiveness
879991,I asked for Lekach- honey cake
879992,I gave extra ????
879993,I ate the first ????? (with kreplach)
879994,"I got ????? and said ""???? ????"""
879995,I davened my ???? quota with ?? ???
879996,I ate the ????? ??????
879997,I received a ???? ?????
879998,I listened to the Rebbe's Brocha to Klal Yisrael after Mincha
879999,"I reminded all the girls in my family to give ???? and light candles using their own candlesticks, and in their ??? clothing"
880000,I went to ??? for ?? ???? and davened my quota nicely
880001,I said extra ?????? after ?????
880002,I fasted part of the day
880003,I behaved extra well because my parents were fasting
880004,I went to ??? and davened my ????? quota nicely
880005,I followed ????? ????? inside
880006,I davened my ???? quota nicely
880007,"I bowed down for ""Koyrim"""
880008,I went under the ???? for duchening
880009,I listened to ????? ????? & ????? ????
880010,I davened my ???? & ????? quotas nicely
880011,"I said "" ...???, ???? ??, ?' ???"" out loud"
880012,I sang Napolean's March before ???? blowing
880013,"I heard the ???? and said ""???? ??? ????????"""
880014,I spoke about or helped build the ???? on ????? ??? ?????
880015,I learned something about the ??? ???''?
880016,"I sang a niggun connected to the ??? ???''?- ""Lechatchilla Arriber"""
880017,I took part of a Farbrengen and told a story about the ??? ???''?
880018,I helped prepare for ??? ???
880019,"I reminded all the girls in my family to give ???? and light candles using their own candlesticks, and in their ??? clothing"
880020,I went to ??? and davened my ????? quota nicely
880021,"I ate & drank in the ???? and said ""???? ?????"""
880022,I said a ??? ???? during any meal
880023,I shook ???? and ????? before eating
880024,I went to ??? and davened my ????? and ???? quotas nicely
880025,I followed along by ????? ?????
880026,I went under the ???? for Duchening
880027,I went to ??? & davened my ???? quota nicely
880028,I davened my ????? quota nicely
880029,I shook ???? and ????? before eating
880030,I went to ??? and davened my ????? and ???? quotas
880031,I followed along by ????? ?????
880032,I went under a ???? for Duchening
880033,"I ate & drank in the ???? and said ""???? ?????"""
880034,"I helped set up, serve, or clean up by any meal"
880035,I said a ??? ???? during any meal
880036,I went to ??? & davened my ???? & ????? quotas nicely
880037,I davened my ????? quota nicely
880038,"I davened my ?????, ????, & ??? quotas with a ????"
880039,I had a Rev'iis of grape juice
880040,"I ate & drank in the ???? and said ""???? ?????"""
880041,I learned ???? for at least 15 minutes
880042,I davened my ???? quota with a ????
880043,I davened my ????? quota
880044,I participated in ???? ??? ??????
880045,I shook the ???? and ????? before eating
880046,"I davened my ?????, ????, & ??? quotas with a ????"
880047,I had a Rev'iis of grape juice
880048,"I ate & drank in the ???? and said ""???? ?????"""
880049,I learned ???? for at least 15 minutes
880050,I davened my ???? quota with a ????
880051,I davened my ????? quota
880052,I participated in ???? ??? ??????
880053,I shook the ???? and ????? before eating
880054,"I davened my ?????, ????, & ??? quotas with a ????"
880055,I had a Rev'iis of grape juice
880056,"I ate & drank in the ???? and said ""???? ?????"""
880057,I learned ???? for at least 15 minutes
880058,I davened my ???? quota with a ????
880059,I davened my ????? quota
880060,I participated in ???? ??? ??????
880061,I shook the ???? and ?????
880062,"I davened my ?????, ????, & ??? quotas with a ????"
880063,I had a Rev'iis of grape juice
880064,"I ate & drank in the ???? and said ""???? ?????"""
880065,I learned ???? for at least 15 minutes
880066,I davened my ???? quota with a ????
880067,I davened my ????? quota
880068,I participated in ???? ??? ??????
880069,I stayed up at night and said ?????
880070,I shook the ???? and ????? before eating
880071,"I davened my ?????, ????, & ??? quotas with a ????"
880072,I had a Rev'iis of grape juice
880073,"I ate & drank in the ???? and said ""???? ?????"""
880074,I learned ???? for at least 15 minutes
880075,"I ate ?????? and ""klapped Hoshanas"""
880076,I helped prepare for ??? ???
880077,"I reminded all the girls in my family to give ???? and light candles using their own candlesticks, and in their ??? clothing"
880078,I went to ??? and davened my ???? and ????? quotas nicely
880079,I participated in ????? and said ??? ????
880080,I went to ??? and davened my ????? and ???? quotas nicely
880081,I followed ????? ????? inside
880082,I went under the ???? for Duchening
880083,"I started saying ""???? ???? ?????? ????"""
880084,I ate and drank in the ????
880085,"I helped set up, serve, or clean up by any meal"
880086,I said a ??? ???? during any meal
880087,I went on Tahalucha
880088,I went to ??? and davened my ???? & ????? quotas nicely
880089,I participated in ????? and said ??? ????
880090,I went to ??? and davened my ????? and ???? quotas nicely
880091,I went under the ???? for Duchening
880092,I participated in ????? and said ??? ????
880093,I had an ???-? with all the kinderlach
880094,I followed along by ????? ?????
880095,"I said ""??? ??? ??????"" after we finished reading the whole ????"
880096,"I helped set up, serve, or clean up by any meal"
880097,I said a ??? ???? during any meal
880098,"I went to a Farbrengen on ??? ?????? and extended Yom Tov into the week, and sang the Rebbaims niggunim."
880099,I did something special on ??? ?????? because this ??? will affect my whole year.
880100,I did Kapparos (anytime before ??? ?????)
880101,I went to the ????
880102,I asked my friends for forgiveness
880103,I asked for Lekach- honey cake
880104,I gave extra ????
880105,I ate the first ????? (with kreplach)
880106,"I got ????? and said ""???? ????"""
880107,I davened my ???? quota with ?? ???
880108,I ate the ????? ??????
880109,I received a ???? ?????
880110,I listened to the Rebbe's Brocha to Klal Yisrael after Mincha
880111,"I reminded all the girls in my family to give ???? and light candles using their own candlesticks, and in their ??? clothing"
880112,I went to ??? for ?? ???? and davened my quota nicely
880113,I said extra ?????? after ?????
880114,I fasted part of the day
880115,I behaved extra well because my parents were fasting
880116,I went to ??? and davened my ????? quota nicely
880117,I followed ????? ????? inside
880118,I davened my ???? quota nicely
880119,"I bowed down for ""Koyrim"""
880120,I went under the ???? for duchening
880121,I listened to ????? ????? & ????? ????
880122,I davened my ???? & ????? quotas nicely
880123,"I said "" ...???, ???? ??, ?' ???"" out loud"
880124,I sang Napolean's March before ???? blowing
880125,"I heard the ???? and said ""???? ??? ????????"""
880126,I spoke about or helped build the ???? on ????? ??? ?????
880127,I learned something about the ??? ???''?
880128,"I sang a niggun connected to the ??? ???''?- ""Lechatchilla Arriber"""
880129,I took part of a Farbrengen and told a story about the ??? ???''?
880130,I helped prepare for ??? ???
880131,"I reminded all the girls in my family to give ???? and light candles using their own candlesticks, and in their ??? clothing"
880132,I went to ??? and davened my ????? quota nicely
880133,"I ate & drank in the ???? and said ""???? ?????"""
880134,I said a ??? ???? during any meal
880135,I shook ???? and ????? before eating
880136,I went to ??? and davened my ????? and ???? quotas nicely
880137,I followed along by ????? ?????
880138,I went under the ???? for Duchening
880139,I went to ??? & davened my ???? quota nicely
880140,I davened my ????? quota nicely
880141,I shook ???? and ????? before eating
880142,I went to ??? and davened my ????? and ???? quotas
880143,I followed along by ????? ?????
880144,I went under a ???? for Duchening
880145,"I ate & drank in the ???? and said ""???? ?????"""
880146,"I helped set up, serve, or clean up by any meal"
880147,I said a ??? ???? during any meal
880148,I went to ??? & davened my ???? & ????? quotas nicely
880149,I davened my ????? quota nicely
880150,"I davened my ?????, ????, & ??? quotas with a ????"
880151,I had a Rev'iis of grape juice
880152,"I ate & drank in the ???? and said ""???? ?????"""
880153,I learned ???? for at least 15 minutes
880154,I davened my ???? quota with a ????
880155,I davened my ????? quota
880156,I participated in ???? ??? ??????
880157,I shook the ???? and ????? before eating
880158,"I davened my ?????, ????, & ??? quotas with a ????"
880159,I had a Rev'iis of grape juice
880160,"I ate & drank in the ???? and said ""???? ?????"""
880161,I learned ???? for at least 15 minutes
880162,I davened my ???? quota with a ????
880163,I davened my ????? quota
880164,I participated in ???? ??? ??????
880165,I shook the ???? and ????? before eating
880166,"I davened my ?????, ????, & ??? quotas with a ????"
880167,I had a Rev'iis of grape juice
880168,"I ate & drank in the ???? and said ""???? ?????"""
880169,I learned ???? for at least 15 minutes
880170,I davened my ???? quota with a ????
880171,I davened my ????? quota
880172,I participated in ???? ??? ??????
880173,I shook the ???? and ?????
880174,"I davened my ?????, ????, & ??? quotas with a ????"
880175,I had a Rev'iis of grape juice
880176,"I ate & drank in the ???? and said ""???? ?????"""
880177,I learned ???? for at least 15 minutes
880178,I davened my ???? quota with a ????
880179,I davened my ????? quota
880180,I participated in ???? ??? ??????
880181,I stayed up at night and said ?????
880182,I shook the ???? and ????? before eating
880183,"I davened my ?????, ????, & ??? quotas with a ????"
880184,I had a Rev'iis of grape juice
880185,"I ate & drank in the ???? and said ""???? ?????"""
880186,I learned ???? for at least 15 minutes
880187,"I ate ?????? and ""klapped Hoshanas"""
880188,I helped prepare for ??? ???
880189,"I reminded all the girls in my family to give ???? and light candles using their own candlesticks, and in their ??? clothing"
880190,I went to ??? and davened my ???? and ????? quotas nicely
880191,I participated in ????? and said ??? ????
880192,I went to ??? and davened my ????? and ???? quotas nicely
880193,I followed ????? ????? inside
880194,I went under the ???? for Duchening
880195,"I started saying ""???? ???? ?????? ????"""
880196,I ate and drank in the ????
880197,"I helped set up, serve, or clean up by any meal"
880198,I said a ??? ???? during any meal
880199,I went on Tahalucha
880200,I went to ??? and davened my ???? & ????? quotas nicely
880201,I participated in ????? and said ??? ????
880202,I went to ??? and davened my ????? and ???? quotas nicely
880203,I went under the ???? for Duchening
880204,I participated in ????? and said ??? ????
880205,I had an ???-? with all the kinderlach
880206,I followed along by ????? ?????
880207,"I said ""??? ??? ??????"" after we finished reading the whole ????"
880208,"I helped set up, serve, or clean up by any meal"
880209,I said a ??? ???? during any meal
880210,"I went to a Farbrengen on ??? ?????? and extended Yom Tov into the week, and sang the Rebbaims niggunim."
880211,I did something special on ??? ?????? because this ??? will affect my whole year.
880212,I did Kapparos (anytime before ??? ?????)
880213,I went to the ????
880214,I asked my friends for forgiveness
880215,I asked for Lekach- honey cake
880216,I gave extra ????
880217,I ate the first ????? (with kreplach)
880218,"I got ????? and said ""???? ????"""
880219,I davened my ???? quota with ?? ???
880220,I ate the ????? ??????
880221,I received a ???? ?????
880222,I listened to the Rebbe's Brocha to Klal Yisrael after Mincha
880223,"I reminded all the girls in my family to give ???? and light candles using their own candlesticks, and in their ??? clothing"
880224,I went to ??? for ?? ???? and davened my quota nicely
880225,I said extra ?????? after ?????
880226,I fasted part of the day
880227,I behaved extra well because my parents were fasting
880228,I went to ??? and davened my ????? quota nicely
880229,I followed ????? ????? inside
880230,I davened my ???? quota nicely
880231,"I bowed down for ""Koyrim"""
880232,I went under the ???? for duchening
880233,I listened to ????? ????? & ????? ????
880234,I davened my ???? & ????? quotas nicely
880235,"I said "" ...???, ???? ??, ?' ???"" out loud"
880236,I sang Napolean's March before ???? blowing
880237,"I heard the ???? and said ""???? ??? ????????"""
880238,I spoke about or helped build the ???? on ????? ??? ?????
880239,I learned something about the ??? ???''?
880240,"I sang a niggun connected to the ??? ???''?- ""Lechatchilla Arriber"""
880241,I took part of a Farbrengen and told a story about the ??? ???''?
880242,I helped prepare for ??? ???
880243,"I reminded all the girls in my family to give ???? and light candles using their own candlesticks, and in their ??? clothing"
880244,I went to ??? and davened my ????? quota nicely
880245,"I ate & drank in the ???? and said ""???? ?????"""
880246,I said a ??? ???? during any meal
880247,I shook ???? and ????? before eating
880248,I went to ??? and davened my ????? and ???? quotas nicely
880249,I followed along by ????? ?????
880250,I went under the ???? for Duchening
880251,I went to ??? & davened my ???? quota nicely
880252,I davened my ????? quota nicely
880253,I shook ???? and ????? before eating
880254,I went to ??? and davened my ????? and ???? quotas
880255,I followed along by ????? ?????
880256,I went under a ???? for Duchening
880257,"I ate & drank in the ???? and said ""???? ?????"""
880258,"I helped set up, serve, or clean up by any meal"
880259,I said a ??? ???? during any meal
880260,I went to ??? & davened my ???? & ????? quotas nicely
880261,I davened my ????? quota nicely
880262,"I davened my ?????, ????, & ??? quotas with a ????"
880263,I had a Rev'iis of grape juice
880264,"I ate & drank in the ???? and said ""???? ?????"""
880265,I learned ???? for at least 15 minutes
880266,I davened my ???? quota with a ????
880267,I davened my ????? quota
880268,I participated in ???? ??? ??????
880269,I shook the ???? and ????? before eating
880270,"I davened my ?????, ????, & ??? quotas with a ????"
880271,I had a Rev'iis of grape juice
880272,"I ate & drank in the ???? and said ""???? ?????"""
880273,I learned ???? for at least 15 minutes
880274,I davened my ???? quota with a ????
880275,I davened my ????? quota
880276,I participated in ???? ??? ??????
880277,I shook the ???? and ????? before eating
880278,"I davened my ?????, ????, & ??? quotas with a ????"
880279,I had a Rev'iis of grape juice
880280,"I ate & drank in the ???? and said ""???? ?????"""
880281,I learned ???? for at least 15 minutes
880282,I davened my ???? quota with a ????
880283,I davened my ????? quota
880284,I participated in ???? ??? ??????
880285,I shook the ???? and ?????
880286,"I davened my ?????, ????, & ??? quotas with a ????"
880287,I had a Rev'iis of grape juice
880288,"I ate & drank in the ???? and said ""???? ?????"""
880289,I learned ???? for at least 15 minutes
880290,I davened my ???? quota with a ????
880291,I davened my ????? quota
880292,I participated in ???? ??? ??????
880293,I stayed up at night and said ?????
880294,I shook the ???? and ????? before eating
880295,"I davened my ?????, ????, & ??? quotas with a ????"
880296,I had a Rev'iis of grape juice
880297,"I ate & drank in the ???? and said ""???? ?????"""
880298,I learned ???? for at least 15 minutes
880299,"I ate ?????? and ""klapped Hoshanas"""
880300,I helped prepare for ??? ???
880301,"I reminded all the girls in my family to give ???? and light candles using their own candlesticks, and in their ??? clothing"
880302,I went to ??? and davened my ???? and ????? quotas nicely
880303,I participated in ????? and said ??? ????
880304,I went to ??? and davened my ????? and ???? quotas nicely
880305,I followed ????? ????? inside
880306,I went under the ???? for Duchening
880307,"I started saying ""???? ???? ?????? ????"""
880308,I ate and drank in the ????
880309,"I helped set up, serve, or clean up by any meal"
880310,I said a ??? ???? during any meal
880311,I went on Tahalucha
880312,I went to ??? and davened my ???? & ????? quotas nicely
880313,I participated in ????? and said ??? ????
880314,I went to ??? and davened my ????? and ???? quotas nicely
880315,I went under the ???? for Duchening
880316,I participated in ????? and said ??? ????
880317,I had an ???-? with all the kinderlach
880318,I followed along by ????? ?????
880319,"I said ""??? ??? ??????"" after we finished reading the whole ????"
880320,"I helped set up, serve, or clean up by any meal"
880321,I said a ??? ???? during any meal
880322,"I went to a Farbrengen on ??? ?????? and extended Yom Tov into the week, and sang the Rebbaims niggunim."
880323,I did something special on ??? ?????? because this ??? will affect my whole year.
880324,I did Kapparos (anytime before ??? ?????)
880326,I asked my friends for forgiveness
880327,I asked for Lekach- honey cake
880328,I gave extra ????
880329,I ate the first ????? (with kreplach)
880331,I davened my ???? quota with ?? ???
880332,I ate the ????? ??????
880333,I received a ???? ?????
880335,"I gave ???? and lit candles using my own candlesticks, and in my ??? clothing"
880336,I went to ??? for ?? ???? and davened nicely
880337,I said extra ?????? after ?????
880338,I fasted part of the day
880339,I behaved extra well because my parents were fasting
880340,I went to ??? and davened ????? nicely
880341,I followed ????? ????? inside
880342,I davened ???? nicely
880343,"I bowed down for ""Koyrim"""
880344,I listened to ???? ?????
880345,I listened to ????? ????? & ????? ????
880346,I davened ???? & ????? nicely
880347,"I said "" ...???, ???? ??, ?' ???"" out loud"
880348,I sang Napolean's March before ???? blowing
880349,"I heard the ???? and said ""???? ??? ????????"""
880350,I spoke about or helped build the ???? on ????? ??? ?????
880351,I learned something about the ??? ???''?
880352,"I sang a niggun connected to the ??? ???''?- ""Lechatchilla Arriber"""
880353,I took part of a Farbrengen and told a story about the ??? ???''?
880354,I helped prepare for ??? ???
880355,"I gave ???? and lit candles using my own candlesticks, and in my ??? clothing"
880356,I davened ????? nicely
880357,"I ate & drank in the ???? and said ""???? ?????"""
880358,I said a ??? ???? during any meal
880359,I shook ???? and ????? before eating
880360,I went to ??? and davened ????? and ???? nicely
880361,I followed along by ????? ?????
880362,I listened to ???? ?????
880364,I davened ???? nicely
880365,I shook ???? and ????? before eating
880366,I went to ??? and davened ????? and ???? nicely
880367,I followed along by ????? ?????
880368,I listened to ???? ?????
880369,"I ate & drank in the ???? and said ""???? ?????"""
880370,"I helped set up, serve, or clean up by any meal"
880371,I said a ??? ???? during any meal
880372,I davened ???? nicley
880373,I lit ??? candles using my OWN candlesticks and in my ??? clothing
880374,"I davened ?????, ????, & ???"
880376,"I made a ""???? ?????"" in the ????"
880377,I learned ???? for at least 15 minutes
880378,I davened ????
880380,I participated in ???? ??? ??????
880381,I shook the ???? and ????? before eating
880382,"I davened ?????, ????, & ???"
880384,"I made a ""???? ?????"" in the ????"
880385,I learned ???? for at least 15 minutes
880386,I davened ????
880388,I participated in ???? ??? ??????
880389,I shook the ???? and ????? before eating
880390,"I davened ?????, ????, & ???"
880392,"I made a ""???? ?????"" in the ????"
880393,I learned ???? for at least 15 minutes
880394,I davened ????
880396,I participated in ???? ??? ??????
880397,I shook the ???? and ?????
880398,"I davened ?????, ????, & ???"
880400,"I made a ""???? ?????"" in the ????"
880401,I learned ???? for at least 15 minutes
880402,I davened ????
880404,I participated in ???? ??? ??????
880406,I shook the ???? and ????? before eating
880407,"I davened ?????, ????, & ???"
880409,"I made a ""???? ?????"" in the ????"
880410,I learned ???? for at least 15 minutes
880411,"I ate ?????? and ""klapped Hoshanas"""
880412,I helped prepare for ??? ???
880413,"I gave ???? and lit candles using my own candlesticks, and in my ??? clothing"
880414,I davened ???? and ????? nicely
880416,I went to ??? and davened my ????? and ???? quotas nicely
880417,I followed ????? ????? inside
880418,I listened to ???? ?????
880419,"I started saying ""???? ???? ?????? ????"""
880420,I ate and drank in the ????
880421,"I helped set up, serve, or clean up by any meal"
880422,I said a ??? ???? during any meal
880424,I davened ????? nicely
880425,I went to ????? and said ??? ????
880426,I went to ??? and davened ????? and ???? nicely
880427,I listened to ???? ?????
880428,I went to ????? and said ??? ????
880430,I followed along by ????? ?????
880431,"I said ""??? ??? ??????"" after we finished reading the whole ????"
880432,"I helped set up, serve, or clean up by any meal"
880433,I said a ??? ???? during any meal
880434,"I went to a Farbrengen on ??? ?????? and extended Yom Tov into the week, and sang the Rebbaims niggunim."
880435,I did something special on ??? ?????? because this ??? will affect my whole year.
880436,I did Kapparos (anytime before ??? ?????)
880437,I went to the ????
880438,I asked my friends for forgiveness
880439,I asked for Lekach- honey cake
880440,I gave extra ????
880441,I ate the first ????? (with kreplach)
880442,"I got ????? and said ""???? ????"""
880443,I davened my ???? quota with ?? ???
880444,I ate the ????? ??????
880445,I received a ???? ?????
880446,I listened to the Rebbe's Brocha to Klal Yisrael after Mincha
880447,"I reminded all the girls in my family to give ???? and light candles using their own candlesticks, and in their ??? clothing"
880448,I went to ??? for ?? ???? and davened my quota nicely
880449,I said extra ?????? after ?????
880450,I fasted part of the day
880451,I behaved extra well because my parents were fasting
880452,I went to ??? and davened ????? nicely
880453,I followed ????? ????? inside
880454,I davened ???? nicely
880455,"I bowed down for ""Koyrim"""
880456,I went under the ???? for duchening
880457,I listened to ????? ????? & ????? ????
880458,I davened ???? & ????? nicely
880459,"I said "" ...???, ???? ??, ?' ???"" out loud"
880460,I sang Napolean's March before ???? blowing
880461,"I heard the ???? and said ""???? ??? ????????"""
880462,I spoke about or helped build the ???? on ????? ??? ?????
880463,I learned something about the ??? ???''?
880464,"I sang a niggun connected to the ??? ???''?- ""Lechatchilla Arriber"""
880465,I took part of a Farbrengen and told a story about the ??? ???''?
880466,I helped prepare for ??? ???
880467,"I reminded all the girls in my family to give ???? and light candles using their own candlesticks, and in their ??? clothing"
880468,I went to ??? and davened ????? nicely
880469,"I ate & drank in the ???? and said ""???? ?????"""
880470,I said a ??? ???? during any meal
880471,I shook ???? and ????? before eating
880472,I went to ??? and davened ????? and ???? nicely
880473,I followed along by ????? ?????
880474,I went under the ???? for Duchening
880475,I went to ??? & davened ???? nicely
880476,I davened ????? nicely
880477,I shook ???? and ????? before eating
880478,I went to ??? and davened ????? and ???? nicely
880479,I followed along by ????? ?????
880480,I went under a ???? for Duchening
880481,"I ate & drank in the ???? and said ""???? ?????"""
880482,"I helped set up, serve, or clean up by any meal"
880483,I said a ??? ???? during any meal
880484,I went to ??? & davened ???? & ????? nicely
880485,I davened ????? nicely
880486,"I davened ?????, ????, & ??? with a ????"
880487,I had a Rev'iis of grape juice
880488,"I ate & drank in the ???? and said ""???? ?????"""
880489,I learned ???? for at least 15 minutes
880490,I davened ???? with a ????
880491,I davened ?????
880492,I participated in ???? ??? ??????
880493,I shook the ???? and ????? before eating
880494,"I davened ?????, ????, & ??? with a ????"
880495,I had a Rev'iis of grape juice
880496,"I ate & drank in the ???? and said ""???? ?????"""
880497,I learned ???? for at least 15 minutes
880498,I davened ???? with a ????
880499,I davened ?????
880500,I participated in ???? ??? ??????
880501,I shook the ???? and ????? before eating
880502,"I davened ?????, ????, & ??? with a ????"
880503,I had a Rev'iis of grape juice
880504,"I ate & drank in the ???? and said ""???? ?????"""
880505,I learned ???? for at least 15 minutes
880506,I davened ???? with a ????
880507,I davened ?????
880508,I participated in ???? ??? ??????
880509,I shook the ???? and ?????
880510,"I davened ?????, ????, & ??? with a ????"
880511,I had a Rev'iis of grape juice
880512,"I ate & drank in the ???? and said ""???? ?????"""
880513,I learned ???? for at least 15 minutes
880514,I davened ???? with a ????
880515,I davened ?????
880516,I participated in ???? ??? ??????
880517,I stayed up at night and said ?????
880518,I shook the ???? and ????? before eating
880519,"I davened ?????, ????, & ??? with a ????"
880520,I had a Rev'iis of grape juice
880521,"I ate & drank in the ???? and said ""???? ?????"""
880522,I learned ???? for at least 15 minutes
880523,"I ate ?????? and ""klapped Hoshanas"""
880524,I helped prepare for ??? ???
880525,"I reminded all the girls in my family to give ???? and light candles using their own candlesticks, and in their ??? clothing"
880526,I went to ??? and davened ???? and ????? nicely
880527,I participated in ????? and said ??? ????
880528,I went to ??? and davened my ????? and ???? quotas nicely
880529,I followed ????? ????? inside
880530,I went under the ???? for Duchening
880531,"I started saying ""???? ???? ?????? ????"""
880532,I ate and drank in the ????
880533,"I helped set up, serve, or clean up by any meal"
880534,I said a ??? ???? during any meal
880535,I went on Tahalucha
880536,I went to ??? and davened ???? & ????? nicely
880537,I participated in ????? and said ??? ????
880538,I went to ??? and davened ????? and ???? nicely
880539,I went under the ???? for Duchening
880540,I participated in ????? and said ??? ????
880541,I had an ???-? with all the kinderlach
880542,I followed along by ????? ?????
880543,"I said ""??? ??? ??????"" after we finished reading the whole ????"
880544,"I helped set up, serve, or clean up by any meal"
880545,I said a ??? ???? during any meal
880546,"I went to a Farbrengen on ??? ?????? and extended Yom Tov into the week, and sang the Rebbaims niggunim."
880547,I did something special on ??? ?????? because this ??? will affect my whole year.
880548,I did Kapparos (anytime before ??? ?????)
880549,I went to the ????
880550,I asked my friends for forgiveness
880551,I asked for Lekach- honey cake
880552,I gave extra ????
880553,I ate the first ????? (with kreplach)
880554,"I got ????? and said ""???? ????"""
880555,I davened my ???? quota with ?? ???
880556,I ate the ????? ??????
880557,I received a ???? ?????
880558,I listened to the Rebbe's Brocha to Klal Yisrael after Mincha
880559,"I reminded all the girls in my family to give ???? and light candles using their own candlesticks, and in their ??? clothing"
880560,I went to ??? for ?? ???? and davened my quota nicely
880561,I said extra ?????? after ?????
880562,I fasted part of the day
880563,I behaved extra well because my parents were fasting
880564,I went to ??? and davened ????? nicely
880565,I followed ????? ????? inside
880566,I davened ???? nicely
880567,"I bowed down for ""Koyrim"""
880568,I went under the ???? for duchening
880569,I listened to ????? ????? & ????? ????
880570,I davened ???? & ????? nicely
880571,"I said "" ...???, ???? ??, ?' ???"" out loud"
880572,I sang Napolean's March before ???? blowing
880573,"I heard the ???? and said ""???? ??? ????????"""
880574,I spoke about or helped build the ???? on ????? ??? ?????
880575,I learned something about the ??? ???''?
880576,"I sang a niggun connected to the ??? ???''?- ""Lechatchilla Arriber"""
880577,I took part of a Farbrengen and told a story about the ??? ???''?
880578,I helped prepare for ??? ???
880579,"I reminded all the girls in my family to give ???? and light candles using their own candlesticks, and in their ??? clothing"
880580,I went to ??? and davened ????? nicely
880581,"I ate & drank in the ???? and said ""???? ?????"""
880582,I said a ??? ???? during any meal
880583,I shook ???? and ????? before eating
880584,I went to ??? and davened ????? and ???? nicely
880585,I followed along by ????? ?????
880586,I went under the ???? for Duchening
880587,I went to ??? & davened ???? nicely
880588,I davened ????? nicely
880589,I shook ???? and ????? before eating
880590,I went to ??? and davened ????? and ???? nicely
880591,I followed along by ????? ?????
880592,I went under a ???? for Duchening
880593,"I ate & drank in the ???? and said ""???? ?????"""
880594,"I helped set up, serve, or clean up by any meal"
880595,I said a ??? ???? during any meal
880596,I went to ??? & davened ???? & ????? nicely
880597,I davened ????? nicely
880598,"I davened ?????, ????, & ??? with a ????"
880599,I had a Rev'iis of grape juice
880600,"I ate & drank in the ???? and said ""???? ?????"""
880601,I learned ???? for at least 15 minutes
880602,I davened ???? with a ????
880603,I davened ?????
880604,I participated in ???? ??? ??????
880605,I shook the ???? and ????? before eating
880606,"I davened ?????, ????, & ??? with a ????"
880607,I had a Rev'iis of grape juice
880608,"I ate & drank in the ???? and said ""???? ?????"""
880609,I learned ???? for at least 15 minutes
880610,I davened ???? with a ????
880611,I davened ?????
880612,I participated in ???? ??? ??????
880613,I shook the ???? and ????? before eating
880614,"I davened ?????, ????, & ??? with a ????"
880615,I had a Rev'iis of grape juice
880616,"I ate & drank in the ???? and said ""???? ?????"""
880617,I learned ???? for at least 15 minutes
880618,I davened ???? with a ????
880619,I davened ?????
880620,I participated in ???? ??? ??????
880621,I shook the ???? and ?????
880622,"I davened ?????, ????, & ??? with a ????"
880623,I had a Rev'iis of grape juice
880624,"I ate & drank in the ???? and said ""???? ?????"""
880625,I learned ???? for at least 15 minutes
880626,I davened ???? with a ????
880627,I davened ?????
880628,I participated in ???? ??? ??????
880629,I stayed up at night and said ?????
880630,I shook the ???? and ????? before eating
880631,"I davened ?????, ????, & ??? with a ????"
880632,I had a Rev'iis of grape juice
880633,"I ate & drank in the ???? and said ""???? ?????"""
880634,I learned ???? for at least 15 minutes
880635,"I ate ?????? and ""klapped Hoshanas"""
880636,I helped prepare for ??? ???
880637,"I reminded all the girls in my family to give ???? and light candles using their own candlesticks, and in their ??? clothing"
880638,I went to ??? and davened ???? and ????? nicely
880639,I participated in ????? and said ??? ????
880640,I went to ??? and davened my ????? and ???? quotas nicely
880641,I followed ????? ????? inside
880642,I went under the ???? for Duchening
880643,"I started saying ""???? ???? ?????? ????"""
880644,I ate and drank in the ????
880645,"I helped set up, serve, or clean up by any meal"
880646,I said a ??? ???? during any meal
880647,I went on Tahalucha
880648,I went to ??? and davened ???? & ????? nicely
880649,I participated in ????? and said ??? ????
880650,I went to ??? and davened ????? and ???? nicely
880651,I went under the ???? for Duchening
880652,I participated in ????? and said ??? ????
880653,I had an ???-? with all the kinderlach
880654,I followed along by ????? ?????
880655,"I said ""??? ??? ??????"" after we finished reading the whole ????"
880656,"I helped set up, serve, or clean up by any meal"
880657,I said a ??? ???? during any meal
880658,"I went to a Farbrengen on ??? ?????? and extended Yom Tov into the week, and sang the Rebbaims niggunim."
880659,I did something special on ??? ?????? because this ??? will affect my whole year.
880660,I did Kapparos (anytime before ??? ?????)
880661,I went to the ????
880662,I asked my friends for forgiveness
880663,I asked for Lekach- honey cake
880664,I gave extra ????
880665,I ate the first ????? (with kreplach)
880666,"I got ????? and said ""???? ????"""
880667,I davened my ???? quota with ?? ???
880668,I ate the ????? ??????
880669,I received a ???? ?????
880670,I listened to the Rebbe's Brocha to Klal Yisrael after Mincha
880671,"I reminded all the girls in my family to give ???? and light candles using their own candlesticks, and in their ??? clothing"
880672,I went to ??? for ?? ???? and davened my quota nicely
880673,I said extra ?????? after ?????
880674,I fasted part of the day
880675,I behaved extra well because my parents were fasting
880676,I went to ??? and davened ????? nicely
880677,I followed ????? ????? inside
880678,I davened ???? nicely
880679,"I bowed down for ""Koyrim"""
880680,I went under the ???? for duchening
880681,I listened to ????? ????? & ????? ????
880682,I davened ???? & ????? nicely
880683,"I said "" ...???, ???? ??, ?' ???"" out loud"
880684,I sang Napolean's March before ???? blowing
880685,"I heard the ???? and said ""???? ??? ????????"""
880686,I spoke about or helped build the ???? on ????? ??? ?????
880687,I learned something about the ??? ???''?
880688,"I sang a niggun connected to the ??? ???''?- ""Lechatchilla Arriber"""
880689,I took part of a Farbrengen and told a story about the ??? ???''?
880690,I helped prepare for ??? ???
880691,"I reminded all the girls in my family to give ???? and light candles using their own candlesticks, and in their ??? clothing"
880692,I went to ??? and davened ????? nicely
880693,"I ate & drank in the ???? and said ""???? ?????"""
880694,I said a ??? ???? during any meal
880695,I shook ???? and ????? before eating
880696,I went to ??? and davened ????? and ???? nicely
880697,I followed along by ????? ?????
880698,I went under the ???? for Duchening
880699,I went to ??? & davened ???? nicely
880700,I davened ????? nicely
880701,I shook ???? and ????? before eating
880702,I went to ??? and davened ????? and ???? nicely
880703,I followed along by ????? ?????
880704,I went under a ???? for Duchening
880705,"I ate & drank in the ???? and said ""???? ?????"""
880706,"I helped set up, serve, or clean up by any meal"
880707,I said a ??? ???? during any meal
880708,I went to ??? & davened ???? & ????? nicely
880709,I davened ????? nicely
880710,"I davened ?????, ????, & ??? with a ????"
880711,I had a Rev'iis of grape juice
880712,"I ate & drank in the ???? and said ""???? ?????"""
880713,I learned ???? for at least 15 minutes
880714,I davened ???? with a ????
880715,I davened ?????
880716,I participated in ???? ??? ??????
880717,I shook the ???? and ????? before eating
880718,"I davened ?????, ????, & ??? with a ????"
880719,I had a Rev'iis of grape juice
880720,"I ate & drank in the ???? and said ""???? ?????"""
880721,I learned ???? for at least 15 minutes
880722,I davened ???? with a ????
880723,I davened ?????
880724,I participated in ???? ??? ??????
880725,I shook the ???? and ????? before eating
880726,"I davened ?????, ????, & ??? with a ????"
880727,I had a Rev'iis of grape juice
880728,"I ate & drank in the ???? and said ""???? ?????"""
880729,I learned ???? for at least 15 minutes
880730,I davened ???? with a ????
880731,I davened ?????
880732,I participated in ???? ??? ??????
880733,I shook the ???? and ?????
880734,"I davened ?????, ????, & ??? with a ????"
880735,I had a Rev'iis of grape juice
880736,"I ate & drank in the ???? and said ""???? ?????"""
880737,I learned ???? for at least 15 minutes
880738,I davened ???? with a ????
880739,I davened ?????
880740,I participated in ???? ??? ??????
880741,I stayed up at night and said ?????
880742,I shook the ???? and ????? before eating
880743,"I davened ?????, ????, & ??? with a ????"
880744,I had a Rev'iis of grape juice
880745,"I ate & drank in the ???? and said ""???? ?????"""
880746,I learned ???? for at least 15 minutes
880747,"I ate ?????? and ""klapped Hoshanas"""
880748,I helped prepare for ??? ???
880749,"I reminded all the girls in my family to give ???? and light candles using their own candlesticks, and in their ??? clothing"
880750,I went to ??? and davened ???? and ????? nicely
880751,I participated in ????? and said ??? ????
880752,I went to ??? and davened my ????? and ???? quotas nicely
880753,I followed ????? ????? inside
880754,I went under the ???? for Duchening
880755,"I started saying ""???? ???? ?????? ????"""
880756,I ate and drank in the ????
880757,"I helped set up, serve, or clean up by any meal"
880758,I said a ??? ???? during any meal
880759,I went on Tahalucha
880760,I went to ??? and davened ???? & ????? nicely
880761,I participated in ????? and said ??? ????
880762,I went to ??? and davened ????? and ???? nicely
880763,I went under the ???? for Duchening
880764,I participated in ????? and said ??? ????
880765,I had an ???-? with all the kinderlach
880766,I followed along by ????? ?????
880767,"I said ""??? ??? ??????"" after we finished reading the whole ????"
880768,"I helped set up, serve, or clean up by any meal"
880769,I said a ??? ???? during any meal
880770,"I went to a Farbrengen on ??? ?????? and extended Yom Tov into the week, and sang the Rebbaims niggunim."
880771,I did something special on ??? ?????? because this ??? will affect my whole year.
880772,I did Kapparos (anytime before ??? ?????)
880773,I went to the ????
880774,I asked my friends for forgiveness
880775,I asked for Lekach- honey cake
880776,I gave extra ????
880777,I ate the first ????? (with kreplach)
880778,"I got ????? and said ""???? ????"""
880779,I davened my ???? quota with ?? ???
880780,I ate the ????? ??????
880781,I received a ???? ?????
880782,I listened to the Rebbe's Brocha to Klal Yisrael after Mincha
880783,"I reminded all the girls in my family to give ???? and light candles using their own candlesticks, and in their ??? clothing"
880784,I went to ??? for ?? ???? and davened my quota nicely
880785,I said extra ?????? after ?????
880786,I fasted part of the day
880787,I behaved extra well because my parents were fasting
880788,I went to ??? and davened ????? nicely
880789,I followed ????? ????? inside
880790,I davened ???? nicely
880791,"I bowed down for ""Koyrim"""
880792,I went under the ???? for duchening
880793,I listened to ????? ????? & ????? ????
880794,I davened ???? & ????? nicely
880795,"I said "" ...???, ???? ??, ?' ???"" out loud"
880796,I sang Napolean's March before ???? blowing
880797,"I heard the ???? and said ""???? ??? ????????"""
880798,I spoke about or helped build the ???? on ????? ??? ?????
880799,I learned something about the ??? ???''?
880800,"I sang a niggun connected to the ??? ???''?- ""Lechatchilla Arriber"""
880801,I took part of a Farbrengen and told a story about the ??? ???''?
880802,I helped prepare for ??? ???
880803,"I reminded all the girls in my family to give ???? and light candles using their own candlesticks, and in their ??? clothing"
880804,I went to ??? and davened ????? nicely
880805,"I ate & drank in the ???? and said ""???? ?????"""
880806,I said a ??? ???? during any meal
880807,I shook ???? and ????? before eating
880808,I went to ??? and davened ????? and ???? nicely
880809,I followed along by ????? ?????
880810,I went under the ???? for Duchening
880811,I went to ??? & davened ???? nicely
880812,I davened ????? nicely
880813,I shook ???? and ????? before eating
880814,I went to ??? and davened ????? and ???? nicely
880815,I followed along by ????? ?????
880816,I went under a ???? for Duchening
880817,"I ate & drank in the ???? and said ""???? ?????"""
880818,"I helped set up, serve, or clean up by any meal"
880819,I said a ??? ???? during any meal
880820,I went to ??? & davened ???? & ????? nicely
880821,I davened ????? nicely
880822,"I davened ?????, ????, & ??? with a ????"
880823,I had a Rev'iis of grape juice
880824,"I ate & drank in the ???? and said ""???? ?????"""
880825,I learned ???? for at least 15 minutes
880826,I davened ???? with a ????
880827,I davened ?????
880828,I participated in ???? ??? ??????
880829,I shook the ???? and ????? before eating
880830,"I davened ?????, ????, & ??? with a ????"
880831,I had a Rev'iis of grape juice
880832,"I ate & drank in the ???? and said ""???? ?????"""
880833,I learned ???? for at least 15 minutes
880834,I davened ???? with a ????
880835,I davened ?????
880836,I participated in ???? ??? ??????
880837,I shook the ???? and ????? before eating
880838,"I davened ?????, ????, & ??? with a ????"
880839,I had a Rev'iis of grape juice
880840,"I ate & drank in the ???? and said ""???? ?????"""
880841,I learned ???? for at least 15 minutes
880842,I davened ???? with a ????
880843,I davened ?????
880844,I participated in ???? ??? ??????
880845,I shook the ???? and ?????
880846,"I davened ?????, ????, & ??? with a ????"
880847,I had a Rev'iis of grape juice
880848,"I ate & drank in the ???? and said ""???? ?????"""
880849,I learned ???? for at least 15 minutes
880850,I davened ???? with a ????
880851,I davened ?????
880852,I participated in ???? ??? ??????
880853,I stayed up at night and said ?????
880854,I shook the ???? and ????? before eating
880855,"I davened ?????, ????, & ??? with a ????"
880856,I had a Rev'iis of grape juice
880857,"I ate & drank in the ???? and said ""???? ?????"""
880858,I learned ???? for at least 15 minutes
880859,"I ate ?????? and ""klapped Hoshanas"""
880860,I helped prepare for ??? ???
880861,"I reminded all the girls in my family to give ???? and light candles using their own candlesticks, and in their ??? clothing"
880862,I went to ??? and davened ???? and ????? nicely
880863,I participated in ????? and said ??? ????
880864,I went to ??? and davened my ????? and ???? quotas nicely
880865,I followed ????? ????? inside
880866,I went under the ???? for Duchening
880867,"I started saying ""???? ???? ?????? ????"""
880868,I ate and drank in the ????
880869,"I helped set up, serve, or clean up by any meal"
880870,I said a ??? ???? during any meal
880871,I went on Tahalucha
880872,I went to ??? and davened ???? & ????? nicely
880873,I participated in ????? and said ??? ????
880874,I went to ??? and davened ????? and ???? nicely
880875,I went under the ???? for Duchening
880876,I participated in ????? and said ??? ????
880877,I had an ???-? with all the kinderlach
880878,I followed along by ????? ?????
880879,"I said ""??? ??? ??????"" after we finished reading the whole ????"
880880,"I helped set up, serve, or clean up by any meal"
880881,I said a ??? ???? during any meal
880882,"I went to a Farbrengen on ??? ?????? and extended Yom Tov into the week, and sang the Rebbaims niggunim."
880883,I did something special on ??? ?????? because this ??? will affect my whole year.
880884,I did Kapparos (anytime before ??? ?????)
880885,I went to the ????
880886,I asked my friends for forgiveness
880887,I asked for Lekach- honey cake
880888,I gave extra ????
880889,I ate the first ????? (with kreplach)
880890,"I got ????? and said ""???? ????"""
880891,I davened my ???? quota with ?? ???
880892,I ate the ????? ??????
880893,I received a ???? ?????
880894,I listened to the Rebbe's Brocha to Klal Yisrael after Mincha
880895,"I reminded all the girls in my family to give ???? and light candles using their own candlesticks, and in their ??? clothing"
880896,I went to ??? for ?? ???? and davened my quota nicely
880897,I said extra ?????? after ?????
880898,I fasted part of the day
880899,I behaved extra well because my parents were fasting
880900,I went to ??? and davened ????? nicely
880901,I followed ????? ????? inside
880902,I davened ???? nicely
880903,"I bowed down for ""Koyrim"""
880904,I went under the ???? for duchening
880905,I listened to ????? ????? & ????? ????
880906,I davened ???? & ????? nicely
880907,"I said "" ...???, ???? ??, ?' ???"" out loud"
880908,I sang Napolean's March before ???? blowing
880909,"I heard the ???? and said ""???? ??? ????????"""
880910,I spoke about or helped build the ???? on ????? ??? ?????
880911,I learned something about the ??? ???''?
880912,"I sang a niggun connected to the ??? ???''?- ""Lechatchilla Arriber"""
880913,I took part of a Farbrengen and told a story about the ??? ???''?
880914,I helped prepare for ??? ???
880915,"I reminded all the girls in my family to give ???? and light candles using their own candlesticks, and in their ??? clothing"
880916,I went to ??? and davened ????? nicely
880917,"I ate & drank in the ???? and said ""???? ?????"""
880918,I said a ??? ???? during any meal
880919,I shook ???? and ????? before eating
880920,I went to ??? and davened ????? and ???? nicely
880921,I followed along by ????? ?????
880922,I went under the ???? for Duchening
880923,I went to ??? & davened ???? nicely
880924,I davened ????? nicely
880925,I shook ???? and ????? before eating
880926,I went to ??? and davened ????? and ???? nicely
880927,I followed along by ????? ?????
880928,I went under a ???? for Duchening
880929,"I ate & drank in the ???? and said ""???? ?????"""
880930,"I helped set up, serve, or clean up by any meal"
880931,I said a ??? ???? during any meal
880932,I went to ??? & davened ???? & ????? nicely
880933,I davened ????? nicely
880934,"I davened ?????, ????, & ??? with a ????"
880935,I had a Rev'iis of grape juice
880936,"I ate & drank in the ???? and said ""???? ?????"""
880937,I learned ???? for at least 15 minutes
880938,I davened ???? with a ????
880939,I davened ?????
880940,I participated in ???? ??? ??????
880941,I shook the ???? and ????? before eating
880942,"I davened ?????, ????, & ??? with a ????"
880943,I had a Rev'iis of grape juice
880944,"I ate & drank in the ???? and said ""???? ?????"""
880945,I learned ???? for at least 15 minutes
880946,I davened ???? with a ????
880947,I davened ?????
880948,I participated in ???? ??? ??????
880949,I shook the ???? and ????? before eating
880950,"I davened ?????, ????, & ??? with a ????"
880951,I had a Rev'iis of grape juice
880952,"I ate & drank in the ???? and said ""???? ?????"""
880953,I learned ???? for at least 15 minutes
880954,I davened ???? with a ????
880955,I davened ?????
880956,I participated in ???? ??? ??????
880957,I shook the ???? and ?????
880958,"I davened ?????, ????, & ??? with a ????"
880959,I had a Rev'iis of grape juice
880960,"I ate & drank in the ???? and said ""???? ?????"""
880961,I learned ???? for at least 15 minutes
880962,I davened ???? with a ????
880963,I davened ?????
880964,I participated in ???? ??? ??????
880965,I stayed up at night and said ?????
880966,I shook the ???? and ????? before eating
880967,"I davened ?????, ????, & ??? with a ????"
880968,I had a Rev'iis of grape juice
880969,"I ate & drank in the ???? and said ""???? ?????"""
880970,I learned ???? for at least 15 minutes
880971,"I ate ?????? and ""klapped Hoshanas"""
880972,I helped prepare for ??? ???
880973,"I reminded all the girls in my family to give ???? and light candles using their own candlesticks, and in their ??? clothing"
880974,I went to ??? and davened ???? and ????? nicely
880975,I participated in ????? and said ??? ????
880976,I went to ??? and davened my ????? and ???? quotas nicely
880977,I followed ????? ????? inside
880978,I went under the ???? for Duchening
880979,"I started saying ""???? ???? ?????? ????"""
880980,I ate and drank in the ????
880981,"I helped set up, serve, or clean up by any meal"
880982,I said a ??? ???? during any meal
880983,I went on Tahalucha
880984,I went to ??? and davened ???? & ????? nicely
880985,I participated in ????? and said ??? ????
880986,I went to ??? and davened ????? and ???? nicely
880987,I went under the ???? for Duchening
880988,I participated in ????? and said ??? ????
880989,I had an ???-? with all the kinderlach
880990,I followed along by ????? ?????
880991,"I said ""??? ??? ??????"" after we finished reading the whole ????"
880992,"I helped set up, serve, or clean up by any meal"
880993,I said a ??? ???? during any meal
880994,"I went to a Farbrengen on ??? ?????? and extended Yom Tov into the week, and sang the Rebbaims niggunim."
880995,I did something special on ??? ?????? because this ??? will affect my whole year.
880996,I did Kapparos (anytime before ??? ?????)
880997,I went to the ????
880998,I asked my friends for forgiveness
880999,I asked for Lekach- honey cake
881000,I gave extra ????
881001,I ate the first ????? (with kreplach)
881002,"I got ????? and said ""???? ????"""
881003,I davened my ???? quota with ?? ???
881004,I ate the ????? ??????
881005,I received a ???? ?????
881006,I listened to the Rebbe's Brocha to Klal Yisrael after Mincha
881007,"I reminded all the girls in my family to give ???? and light candles using their own candlesticks, and in their ??? clothing"
881008,I went to ??? for ?? ???? and davened my quota nicely
881009,I said extra ?????? after ?????
881010,I fasted part of the day
881011,I behaved extra well because my parents were fasting
881012,I went to ??? and davened ????? nicely
881013,I followed ????? ????? inside
881014,I davened ???? nicely
881015,"I bowed down for ""Koyrim"""
881016,I went under the ???? for duchening
881017,I listened to ????? ????? & ????? ????
881018,I davened ???? & ????? nicely
881019,"I said "" ...???, ???? ??, ?' ???"" out loud"
881020,I sang Napolean's March before ???? blowing
881021,"I heard the ???? and said ""???? ??? ????????"""
881022,I spoke about or helped build the ???? on ????? ??? ?????
881023,I learned something about the ??? ???''?
881024,"I sang a niggun connected to the ??? ???''?- ""Lechatchilla Arriber"""
881025,I took part of a Farbrengen and told a story about the ??? ???''?
881026,I helped prepare for ??? ???
881027,"I reminded all the girls in my family to give ???? and light candles using their own candlesticks, and in their ??? clothing"
881028,I went to ??? and davened ????? nicely
881029,"I ate & drank in the ???? and said ""???? ?????"""
881030,I said a ??? ???? during any meal
881031,I shook ???? and ????? before eating
881032,I went to ??? and davened ????? and ???? nicely
881033,I followed along by ????? ?????
881034,I went under the ???? for Duchening
881035,I went to ??? & davened ???? nicely
881036,I davened ????? nicely
881037,I shook ???? and ????? before eating
881038,I went to ??? and davened ????? and ???? nicely
881039,I followed along by ????? ?????
881040,I went under a ???? for Duchening
881041,"I ate & drank in the ???? and said ""???? ?????"""
881042,"I helped set up, serve, or clean up by any meal"
881043,I said a ??? ???? during any meal
881044,I went to ??? & davened ???? & ????? nicely
881045,I davened ????? nicely
881046,"I davened ?????, ????, & ??? with a ????"
881047,I had a Rev'iis of grape juice
881048,"I ate & drank in the ???? and said ""???? ?????"""
881049,I learned ???? for at least 15 minutes
881050,I davened ???? with a ????
881051,I davened ?????
881052,I participated in ???? ??? ??????
881053,I shook the ???? and ????? before eating
881054,"I davened ?????, ????, & ??? with a ????"
881055,I had a Rev'iis of grape juice
881056,"I ate & drank in the ???? and said ""???? ?????"""
881057,I learned ???? for at least 15 minutes
881058,I davened ???? with a ????
881059,I davened ?????
881060,I participated in ???? ??? ??????
881061,I shook the ???? and ????? before eating
881062,"I davened ?????, ????, & ??? with a ????"
881063,I had a Rev'iis of grape juice
881064,"I ate & drank in the ???? and said ""???? ?????"""
881065,I learned ???? for at least 15 minutes
881066,I davened ???? with a ????
881067,I davened ?????
881068,I participated in ???? ??? ??????
881069,I shook the ???? and ?????
881070,"I davened ?????, ????, & ??? with a ????"
881071,I had a Rev'iis of grape juice
881072,"I ate & drank in the ???? and said ""???? ?????"""
881073,I learned ???? for at least 15 minutes
881074,I davened ???? with a ????
881075,I davened ?????
881076,I participated in ???? ??? ??????
881077,I stayed up at night and said ?????
881078,I shook the ???? and ????? before eating
881079,"I davened ?????, ????, & ??? with a ????"
881080,I had a Rev'iis of grape juice
881081,"I ate & drank in the ???? and said ""???? ?????"""
881082,I learned ???? for at least 15 minutes
881083,"I ate ?????? and ""klapped Hoshanas"""
881084,I helped prepare for ??? ???
881085,"I reminded all the girls in my family to give ???? and light candles using their own candlesticks, and in their ??? clothing"
881086,I went to ??? and davened ???? and ????? nicely
881087,I participated in ????? and said ??? ????
881088,I went to ??? and davened my ????? and ???? quotas nicely
881089,I followed ????? ????? inside
881090,I went under the ???? for Duchening
881091,"I started saying ""???? ???? ?????? ????"""
881092,I ate and drank in the ????
881093,"I helped set up, serve, or clean up by any meal"
881094,I said a ??? ???? during any meal
881095,I went on Tahalucha
881096,I went to ??? and davened ???? & ????? nicely
881097,I participated in ????? and said ??? ????
881098,I went to ??? and davened ????? and ???? nicely
881099,I went under the ???? for Duchening
881100,I participated in ????? and said ??? ????
881101,I had an ???-? with all the kinderlach
881102,I followed along by ????? ?????
881103,"I said ""??? ??? ??????"" after we finished reading the whole ????"
881104,"I helped set up, serve, or clean up by any meal"
881105,I said a ??? ???? during any meal
881106,"I went to a Farbrengen on ??? ?????? and extended Yom Tov into the week, and sang the Rebbaims niggunim."
881107,I did something special on ??? ?????? because this ??? will affect my whole year.
881108,I did Kapparos (anytime before ??? ?????)
881109,I went to the ????
881110,I asked my friends for forgiveness
881111,I asked for Lekach- honey cake
881112,I gave extra ????
881113,I ate the first ????? (with kreplach)
881114,"I got ????? and said ""???? ????"""
881115,I davened my ???? quota with ?? ???
881116,I ate the ????? ??????
881117,I received a ???? ?????
881118,I listened to the Rebbe's Brocha to Klal Yisrael after Mincha
881119,"I reminded all the girls in my family to give ???? and light candles using their own candlesticks, and in their ??? clothing"
881120,I went to ??? for ?? ???? and davened my quota nicely
881121,I said extra ?????? after ?????
881122,I fasted part of the day
881123,I behaved extra well because my parents were fasting
881124,I went to ??? and davened ????? nicely
881125,I followed ????? ????? inside
881126,I davened ???? nicely
881127,"I bowed down for ""Koyrim"""
881128,I went under the ???? for duchening
881129,I listened to ????? ????? & ????? ????
881130,I davened ???? & ????? nicely
881131,"I said "" ...???, ???? ??, ?' ???"" out loud"
881132,I sang Napolean's March before ???? blowing
881133,"I heard the ???? and said ""???? ??? ????????"""
881134,I spoke about or helped build the ???? on ????? ??? ?????
881135,I learned something about the ??? ???''?
881136,"I sang a niggun connected to the ??? ???''?- ""Lechatchilla Arriber"""
881137,I took part of a Farbrengen and told a story about the ??? ???''?
881138,I helped prepare for ??? ???
881139,"I reminded all the girls in my family to give ???? and light candles using their own candlesticks, and in their ??? clothing"
881140,I went to ??? and davened ????? nicely
881141,"I ate & drank in the ???? and said ""???? ?????"""
881142,I said a ??? ???? during any meal
881143,I shook ???? and ????? before eating
881144,I went to ??? and davened ????? and ???? nicely
881145,I followed along by ????? ?????
881146,I went under the ???? for Duchening
881147,I went to ??? & davened ???? nicely
881148,I davened ????? nicely
881149,I shook ???? and ????? before eating
881150,I went to ??? and davened ????? and ???? nicely
881151,I followed along by ????? ?????
881152,I went under a ???? for Duchening
881153,"I ate & drank in the ???? and said ""???? ?????"""
881154,"I helped set up, serve, or clean up by any meal"
881155,I said a ??? ???? during any meal
881156,I went to ??? & davened ???? & ????? nicely
881157,I davened ????? nicely
881158,"I davened ?????, ????, & ??? with a ????"
881159,I had a Rev'iis of grape juice
881160,"I ate & drank in the ???? and said ""???? ?????"""
881161,I learned ???? for at least 15 minutes
881162,I davened ???? with a ????
881163,I davened ?????
881164,I participated in ???? ??? ??????
881165,I shook the ???? and ????? before eating
881166,"I davened ?????, ????, & ??? with a ????"
881167,I had a Rev'iis of grape juice
881168,"I ate & drank in the ???? and said ""???? ?????"""
881169,I learned ???? for at least 15 minutes
881170,I davened ???? with a ????
881171,I davened ?????
881172,I participated in ???? ??? ??????
881173,I shook the ???? and ????? before eating
881174,"I davened ?????, ????, & ??? with a ????"
881175,I had a Rev'iis of grape juice
881176,"I ate & drank in the ???? and said ""???? ?????"""
881177,I learned ???? for at least 15 minutes
881178,I davened ???? with a ????
881179,I davened ?????
881180,I participated in ???? ??? ??????
881181,I shook the ???? and ?????
881182,"I davened ?????, ????, & ??? with a ????"
881183,I had a Rev'iis of grape juice
881184,"I ate & drank in the ???? and said ""???? ?????"""
881185,I learned ???? for at least 15 minutes
881186,I davened ???? with a ????
881187,I davened ?????
881188,I participated in ???? ??? ??????
881189,I stayed up at night and said ?????
881190,I shook the ???? and ????? before eating
881191,"I davened ?????, ????, & ??? with a ????"
881192,I had a Rev'iis of grape juice
881193,"I ate & drank in the ???? and said ""???? ?????"""
881194,I learned ???? for at least 15 minutes
881195,"I ate ?????? and ""klapped Hoshanas"""
881196,I helped prepare for ??? ???
881197,"I reminded all the girls in my family to give ???? and light candles using their own candlesticks, and in their ??? clothing"
881198,I went to ??? and davened ???? and ????? nicely
881199,I participated in ????? and said ??? ????
881200,I went to ??? and davened my ????? and ???? quotas nicely
881201,I followed ????? ????? inside
881202,I went under the ???? for Duchening
881203,"I started saying ""???? ???? ?????? ????"""
881204,I ate and drank in the ????
881205,"I helped set up, serve, or clean up by any meal"
881206,I said a ??? ???? during any meal
881207,I went on Tahalucha
881208,I went to ??? and davened ???? & ????? nicely
881209,I participated in ????? and said ??? ????
881210,I went to ??? and davened ????? and ???? nicely
881211,I went under the ???? for Duchening
881212,I participated in ????? and said ??? ????
881213,I had an ???-? with all the kinderlach
881214,I followed along by ????? ?????
881215,"I said ""??? ??? ??????"" after we finished reading the whole ????"
881216,"I helped set up, serve, or clean up by any meal"
881217,I said a ??? ???? during any meal
881218,"I went to a Farbrengen on ??? ?????? and extended Yom Tov into the week, and sang the Rebbaims niggunim."
881219,I did something special on ??? ?????? because this ??? will affect my whole year.
881220,I did Kapparos (anytime before ??? ?????)
881221,I went to the ????
881222,I asked my friends for forgiveness
881223,I asked for Lekach- honey cake
881224,I gave extra ????
881225,I ate the first ????? (with kreplach)
881226,"I got ????? and said ""???? ????"""
881227,I davened my ???? quota with ?? ???
881228,I ate the ????? ??????
881229,I received a ???? ?????
881230,I listened to the Rebbe's Brocha to Klal Yisrael after Mincha
881231,"I reminded all the girls in my family to give ???? and light candles using their own candlesticks, and in their ??? clothing"
881232,I went to ??? for ?? ???? and davened my quota nicely
881233,I said extra ?????? after ?????
881234,I fasted part of the day
881235,I behaved extra well because my parents were fasting
881236,I went to ??? and davened ????? nicely
881237,I followed ????? ????? inside
881238,I davened ???? nicely
881239,"I bowed down for ""Koyrim"""
881240,I went under the ???? for duchening
881241,I listened to ????? ????? & ????? ????
881242,I davened ???? & ????? nicely
881243,"I said "" ...???, ???? ??, ?' ???"" out loud"
881244,I sang Napolean's March before ???? blowing
881245,"I heard the ???? and said ""???? ??? ????????"""
881246,I spoke about or helped build the ???? on ????? ??? ?????
881247,I learned something about the ??? ???''?
881248,"I sang a niggun connected to the ??? ???''?- ""Lechatchilla Arriber"""
881249,I took part of a Farbrengen and told a story about the ??? ???''?
881250,I helped prepare for ??? ???
881251,"I reminded all the girls in my family to give ???? and light candles using their own candlesticks, and in their ??? clothing"
881252,I went to ??? and davened ????? nicely
881253,"I ate & drank in the ???? and said ""???? ?????"""
881254,I said a ??? ???? during any meal
881255,I shook ???? and ????? before eating
881256,I went to ??? and davened ????? and ???? nicely
881257,I followed along by ????? ?????
881258,I went under the ???? for Duchening
881259,I went to ??? & davened ???? nicely
881260,I davened ????? nicely
881261,I shook ???? and ????? before eating
881262,I went to ??? and davened ????? and ???? nicely
881263,I followed along by ????? ?????
881264,I went under a ???? for Duchening
881265,"I ate & drank in the ???? and said ""???? ?????"""
881266,"I helped set up, serve, or clean up by any meal"
881267,I said a ??? ???? during any meal
881268,I went to ??? & davened ???? & ????? nicely
881269,I davened ????? nicely
881270,"I davened ?????, ????, & ??? with a ????"
881271,I had a Rev'iis of grape juice
881272,"I ate & drank in the ???? and said ""???? ?????"""
881273,I learned ???? for at least 15 minutes
881274,I davened ???? with a ????
881275,I davened ?????
881276,I participated in ???? ??? ??????
881277,I shook the ???? and ????? before eating
881278,"I davened ?????, ????, & ??? with a ????"
881279,I had a Rev'iis of grape juice
881280,"I ate & drank in the ???? and said ""???? ?????"""
881281,I learned ???? for at least 15 minutes
881282,I davened ???? with a ????
881283,I davened ?????
881284,I participated in ???? ??? ??????
881285,I shook the ???? and ????? before eating
881286,"I davened ?????, ????, & ??? with a ????"
881287,I had a Rev'iis of grape juice
881288,"I ate & drank in the ???? and said ""???? ?????"""
881289,I learned ???? for at least 15 minutes
881290,I davened ???? with a ????
881291,I davened ?????
881292,I participated in ???? ??? ??????
881293,I shook the ???? and ?????
881294,"I davened ?????, ????, & ??? with a ????"
881295,I had a Rev'iis of grape juice
881296,"I ate & drank in the ???? and said ""???? ?????"""
881297,I learned ???? for at least 15 minutes
881298,I davened ???? with a ????
881299,I davened ?????
881300,I participated in ???? ??? ??????
881301,I stayed up at night and said ?????
881302,I shook the ???? and ????? before eating
881303,"I davened ?????, ????, & ??? with a ????"
881304,I had a Rev'iis of grape juice
881305,"I ate & drank in the ???? and said ""???? ?????"""
881306,I learned ???? for at least 15 minutes
881307,"I ate ?????? and ""klapped Hoshanas"""
881308,I helped prepare for ??? ???
881309,"I reminded all the girls in my family to give ???? and light candles using their own candlesticks, and in their ??? clothing"
881310,I went to ??? and davened ???? and ????? nicely
881311,I participated in ????? and said ??? ????
881312,I went to ??? and davened my ????? and ???? quotas nicely
881313,I followed ????? ????? inside
881314,I went under the ???? for Duchening
881315,"I started saying ""???? ???? ?????? ????"""
881316,I ate and drank in the ????
881317,"I helped set up, serve, or clean up by any meal"
881318,I said a ??? ???? during any meal
881319,I went on Tahalucha
881320,I went to ??? and davened ???? & ????? nicely
881321,I participated in ????? and said ??? ????
881322,I went to ??? and davened ????? and ???? nicely
881323,I went under the ???? for Duchening
881324,I participated in ????? and said ??? ????
881325,I had an ???-? with all the kinderlach
881326,I followed along by ????? ?????
881327,"I said ""??? ??? ??????"" after we finished reading the whole ????"
881328,"I helped set up, serve, or clean up by any meal"
881329,I said a ??? ???? during any meal
881330,"I went to a Farbrengen on ??? ?????? and extended Yom Tov into the week, and sang the Rebbaims niggunim."
881331,I did something special on ??? ?????? because this ??? will affect my whole year.
881332,I did a special act of ????? ?? ???-Honoring your mother and father. Write your special act.
881333,I learned something special about ?????? ???.
881334,I did a special act of ????? ?? ???-Honoring your mother and father. Write your special act.
881335,I learned something special about ?????? ???.
881336,I did a special act of ????? ?? ???-Honoring your mother and father. Write your special act.
881337,I learned something special about ?????? ???.
881338,I did a special act of ????? ?? ???-Honoring your mother and father. Write your special act.
881339,I learned something special about ?????? ???.
881340,I did a special act of ????? ?? ???-Honoring your mother and father. Write your special act.
881341,I learned something special about ?????? ???.
881342,I did a special act of ????? ?? ???-Honoring your mother and father. Write your special act.
881343,I learned something special about ?????? ???.
881344,I did a special act of ????? ?? ???-Honoring your mother and father. Write your special act.
881345,I learned something special about ?????? ???.
881346,I did a special act of ????? ?? ???-Honoring your mother and father. Write your special act.
881347,I learned something special about ?????? ???.
881348,I did a special act of ????? ?? ???-Honoring your mother and father. Write your special act.
881349,I learned something special about ?????? ???.
881352,I did a special act of ????? ?? ???-Honoring your mother and father. Write your special act.
881353,I learned something special about ?????? ???.
881354,I did a special act of ????? ?? ???-Honoring your mother and father. Write your special act.
881355,I learned something special about ?????? ???.
881356,I did a special act of ????? ?? ???-Honoring your mother and father. Write your special act.
881357,I learned something special about ?????? ???.
881358,I did a special act of ????? ?? ???-Honoring your mother and father. Write your special act.
881359,I learned something special about ?????? ???.
881360,I did a special act of ????? ?? ???-Honoring your mother and father. Write your special act.
881361,I learned something special about ?????? ???.
881362,I did a special act of ????? ?? ???-Honoring your mother and father. Write your special act.
881363,I learned something special about ?????? ???.
881364,I did a special act of ????? ?? ???-Honoring your mother and father. Write your special act.
881365,I learned something special about ?????? ???.
881366,I did a special act of ????? ?? ???-Honoring your mother and father. Write your special act.
881367,I learned something special about ?????? ???.
881368,I lit ??? candles using my own candlesticks and in my ??? clothing
881369,"I lit ??? candles before the ??? using my own candlesticks, and in my ??? clothing"
881370,I did a special act of ????? ?? ???-Honoring your mother and father. Write your special act.
881371,I learned something special about ?????? ???.
881372,I did Kapparos (anytime before ??? ?????)
881373,I asked my friends for forgiveness
881374,I asked for Lekach- honey cake
881375,I gave extra ????
881376,I ate the first ????? (with kreplach)
881377,I davened my ???? quota with ?? ???
881378,I ate the ????? ??????
881379,I received a ???? ?????
881380,"I gave ???? and lit candles using my own candlesticks, and in my ??? clothing"
881381,I went to ??? for ?? ???? and davened nicely
881382,I said extra ?????? after ?????
881383,I fasted part of the day
881384,I behaved extra well because my parents were fasting
881385,I went to ??? and davened ????? nicely
881386,I followed ????? ????? inside
881387,I davened ???? nicely
881388,"I bowed down for ""Koyrim"""
881389,I listened to ???? ?????
881390,I listened to ????? ????? & ????? ????
881391,I davened ???? & ????? nicely
881392,"I said "" ...???, ???? ??, ?' ???"" out loud"
881393,I sang Napolean's March before ???? blowing
881394,"I heard the ???? and said ""???? ??? ????????"""
881395,I spoke about or helped build the ???? on ????? ??? ?????
881396,I learned something about the ??? ???''?
881397,"I sang a niggun connected to the ??? ???''?- ""Lechatchilla Arriber"""
881398,I took part of a Farbrengen and told a story about the ??? ???''?
881399,I helped prepare for ??? ???
881400,"I gave ???? and lit candles using my own candlesticks, and in my ??? clothing"
881401,I davened ????? nicely
881402,"I ate & drank in the ???? and said ""???? ?????"""
881403,I said a ??? ???? during any meal
881404,I shook ???? and ????? before eating
881405,I went to ??? and davened ????? and ???? nicely
881406,I followed along by ????? ?????
881407,I listened to ???? ?????
881408,I davened ???? nicely
881409,I lit ??? candles using my OWN candlesticks and in my ??? clothing
881410,I shook ???? and ????? before eating
881411,I went to ??? and davened ????? and ???? nicely
881412,I followed along by ????? ?????
881413,I listened to ???? ?????
881414,"I ate & drank in the ???? and said ""???? ?????"""
881415,"I helped set up, serve, or clean up by any meal"
881416,I said a ??? ???? during any meal
881417,I davened ???? nicley
881418,"I davened ?????, ????, & ???"
881419,"I made a ""???? ?????"" in the ????"
881420,I learned ???? for at least 15 minutes
881421,I davened ????
881422,I participated in ???? ??? ??????
881423,I shook the ???? and ????? before eating
881424,"I davened ?????, ????, & ???"
881425,"I made a ""???? ?????"" in the ????"
881426,I learned ???? for at least 15 minutes
881427,I davened ????
881428,I participated in ???? ??? ??????
881429,I shook the ???? and ????? before eating
881430,"I davened ?????, ????, & ???"
881431,"I made a ""???? ?????"" in the ????"
881432,I learned ???? for at least 15 minutes
881433,I davened ????
881434,I participated in ???? ??? ??????
881435,I shook the ???? and ?????
881436,"I davened ?????, ????, & ???"
881437,"I made a ""???? ?????"" in the ????"
881438,I learned ???? for at least 15 minutes
881439,I davened ????
881440,I participated in ???? ??? ??????
881441,I shook the ???? and ????? before eating
881442,"I davened ?????, ????, & ???"
881443,"I made a ""???? ?????"" in the ????"
881444,I learned ???? for at least 15 minutes
881445,"I ate ?????? and ""klapped Hoshanas"""
881446,I helped prepare for ??? ???
881447,"I gave ???? and lit candles using my own candlesticks, and in my ??? clothing"
881448,I davened ???? and ????? nicely
881449,I lit ??? candles using my own candlesticks and in my ??? clothing
881450,I went to ??? and davened my ????? and ???? quotas nicely
881451,I followed ????? ????? inside
881452,I listened to ???? ?????
881453,"I started saying ""???? ???? ?????? ????"""
881454,I ate and drank in the ????
881455,"I helped set up, serve, or clean up by any meal"
881456,I said a ??? ???? during any meal
881457,I davened ????? nicely
881458,I went to ????? and said ??? ????
881459,I went to ??? and davened ????? and ???? nicely
881460,I listened to ???? ?????
881461,I went to ????? and said ??? ????
881462,I followed along by ????? ?????
881463,"I said ""??? ??? ??????"" after we finished reading the whole ????"
881464,"I helped set up, serve, or clean up by any meal"
881465,I said a ??? ???? during any meal
881466,"I lit ??? candles before the ??? using my own candlesticks, and in my ??? clothing"
881467,"I went to a Farbrengen on ??? ?????? and extended Yom Tov into the week, and sang the Rebbaims niggunim."
881468,I did something special on ??? ?????? because this ??? will affect my whole year.
881469,I did Kapparos (anytime before ??? ?????)
881470,I asked my friends for forgiveness
881471,I asked for Lekach- honey cake
881472,I gave extra ????
881473,I ate the first ????? (with kreplach)
881474,I davened my ???? quota with ?? ???
881475,I ate the ????? ??????
881476,I received a ???? ?????
881477,"I gave ???? and lit candles using my own candlesticks, and in my ??? clothing"
881478,I went to ??? for ?? ???? and davened nicely
881479,I said extra ?????? after ?????
881480,I fasted part of the day
881481,I behaved extra well because my parents were fasting
881482,I went to ??? and davened ????? nicely
881483,I followed ????? ????? inside
881484,I davened ???? nicely
881485,"I bowed down for ""Koyrim"""
881486,I listened to ???? ?????
881487,I listened to ????? ????? & ????? ????
881488,I davened ???? & ????? nicely
881489,"I said "" ...???, ???? ??, ?' ???"" out loud"
881490,I sang Napolean's March before ???? blowing
881491,"I heard the ???? and said ""???? ??? ????????"""
881492,I spoke about or helped build the ???? on ????? ??? ?????
881493,I learned something about the ??? ???''?
881494,"I sang a niggun connected to the ??? ???''?- ""Lechatchilla Arriber"""
881495,I took part of a Farbrengen and told a story about the ??? ???''?
881496,I helped prepare for ??? ???
881497,"I gave ???? and lit candles using my own candlesticks, and in my ??? clothing"
881498,I davened ????? nicely
881499,"I ate & drank in the ???? and said ""???? ?????"""
881500,I said a ??? ???? during any meal
881501,I shook ???? and ????? before eating
881502,I went to ??? and davened ????? and ???? nicely
881503,I followed along by ????? ?????
881504,I listened to ???? ?????
881505,I davened ???? nicely
881506,I lit ??? candles using my OWN candlesticks and in my ??? clothing
881507,I shook ???? and ????? before eating
881508,I went to ??? and davened ????? and ???? nicely
881509,I followed along by ????? ?????
881510,I listened to ???? ?????
881511,"I ate & drank in the ???? and said ""???? ?????"""
881512,"I helped set up, serve, or clean up by any meal"
881513,I said a ??? ???? during any meal
881514,I davened ???? nicley
881515,"I davened ?????, ????, & ???"
881516,"I made a ""???? ?????"" in the ????"
881517,I learned ???? for at least 15 minutes
881518,I davened ????
881519,I participated in ???? ??? ??????
881520,I shook the ???? and ????? before eating
881521,"I davened ?????, ????, & ???"
881522,"I made a ""???? ?????"" in the ????"
881523,I learned ???? for at least 15 minutes
881524,I davened ????
881525,I participated in ???? ??? ??????
881526,I shook the ???? and ????? before eating
881527,"I davened ?????, ????, & ???"
881528,"I made a ""???? ?????"" in the ????"
881529,I learned ???? for at least 15 minutes
881530,I davened ????
881531,I participated in ???? ??? ??????
881532,I shook the ???? and ?????
881533,"I davened ?????, ????, & ???"
881534,"I made a ""???? ?????"" in the ????"
881535,I learned ???? for at least 15 minutes
881536,I davened ????
881537,I participated in ???? ??? ??????
881538,I shook the ???? and ????? before eating
881539,"I davened ?????, ????, & ???"
881540,"I made a ""???? ?????"" in the ????"
881541,I learned ???? for at least 15 minutes
881542,"I ate ?????? and ""klapped Hoshanas"""
881543,I helped prepare for ??? ???
881544,"I gave ???? and lit candles using my own candlesticks, and in my ??? clothing"
881545,I davened ???? and ????? nicely
881546,I lit ??? candles using my own candlesticks and in my ??? clothing
881547,I went to ??? and davened my ????? and ???? quotas nicely
881548,I followed ????? ????? inside
881549,I listened to ???? ?????
881550,"I started saying ""???? ???? ?????? ????"""
881551,I ate and drank in the ????
881552,"I helped set up, serve, or clean up by any meal"
881553,I said a ??? ???? during any meal
881554,I davened ????? nicely
881555,I went to ????? and said ??? ????
881556,I went to ??? and davened ????? and ???? nicely
881557,I listened to ???? ?????
881558,I went to ????? and said ??? ????
881559,I followed along by ????? ?????
881560,"I said ""??? ??? ??????"" after we finished reading the whole ????"
881561,"I helped set up, serve, or clean up by any meal"
881562,I said a ??? ???? during any meal
881563,"I lit ??? candles before the ??? using my own candlesticks, and in my ??? clothing"
881564,"I went to a Farbrengen on ??? ?????? and extended Yom Tov into the week, and sang the Rebbaims niggunim."
881565,I did something special on ??? ?????? because this ??? will affect my whole year.
881566,I did Kapparos (anytime before ??? ?????)
881567,I asked my friends for forgiveness
881568,I asked for Lekach- honey cake
881569,I gave extra ????
881570,I ate the first ????? (with kreplach)
881571,I davened my ???? quota with ?? ???
881572,I ate the ????? ??????
881573,I received a ???? ?????
881574,"I gave ???? and lit candles using my own candlesticks, and in my ??? clothing"
881575,I went to ??? for ?? ???? and davened nicely
881576,I said extra ?????? after ?????
881577,I fasted part of the day
881578,I behaved extra well because my parents were fasting
881579,I went to ??? and davened ????? nicely
881580,I followed ????? ????? inside
881581,I davened ???? nicely
881582,"I bowed down for ""Koyrim"""
881583,I listened to ???? ?????
881584,I listened to ????? ????? & ????? ????
881585,I davened ???? & ????? nicely
881586,"I said "" ...???, ???? ??, ?' ???"" out loud"
881587,I sang Napolean's March before ???? blowing
881588,"I heard the ???? and said ""???? ??? ????????"""
881589,I spoke about or helped build the ???? on ????? ??? ?????
881590,I learned something about the ??? ???''?
881591,"I sang a niggun connected to the ??? ???''?- ""Lechatchilla Arriber"""
881592,I took part of a Farbrengen and told a story about the ??? ???''?
881593,I helped prepare for ??? ???
881594,"I gave ???? and lit candles using my own candlesticks, and in my ??? clothing"
881595,I davened ????? nicely
881596,"I ate & drank in the ???? and said ""???? ?????"""
881597,I said a ??? ???? during any meal
881598,I shook ???? and ????? before eating
881599,I went to ??? and davened ????? and ???? nicely
881600,I followed along by ????? ?????
881601,I listened to ???? ?????
881602,I davened ???? nicely
881603,I lit ??? candles using my OWN candlesticks and in my ??? clothing
881604,I shook ???? and ????? before eating
881605,I went to ??? and davened ????? and ???? nicely
881606,I followed along by ????? ?????
881607,I listened to ???? ?????
881608,"I ate & drank in the ???? and said ""???? ?????"""
881609,"I helped set up, serve, or clean up by any meal"
881610,I said a ??? ???? during any meal
881611,I davened ???? nicley
881612,"I davened ?????, ????, & ???"
881613,"I made a ""???? ?????"" in the ????"
881614,I learned ???? for at least 15 minutes
881615,I davened ????
881616,I participated in ???? ??? ??????
881617,I shook the ???? and ????? before eating
881618,"I davened ?????, ????, & ???"
881619,"I made a ""???? ?????"" in the ????"
881620,I learned ???? for at least 15 minutes
881621,I davened ????
881622,I participated in ???? ??? ??????
881623,I shook the ???? and ????? before eating
881624,"I davened ?????, ????, & ???"
881625,"I made a ""???? ?????"" in the ????"
881626,I learned ???? for at least 15 minutes
881627,I davened ????
881628,I participated in ???? ??? ??????
881629,I shook the ???? and ?????
881630,"I davened ?????, ????, & ???"
881631,"I made a ""???? ?????"" in the ????"
881632,I learned ???? for at least 15 minutes
881633,I davened ????
881634,I participated in ???? ??? ??????
881635,I shook the ???? and ????? before eating
881636,"I davened ?????, ????, & ???"
881637,"I made a ""???? ?????"" in the ????"
881638,I learned ???? for at least 15 minutes
881639,"I ate ?????? and ""klapped Hoshanas"""
881640,I helped prepare for ??? ???
881641,"I gave ???? and lit candles using my own candlesticks, and in my ??? clothing"
881642,I davened ???? and ????? nicely
881643,I lit ??? candles using my own candlesticks and in my ??? clothing
881644,I went to ??? and davened my ????? and ???? quotas nicely
881645,I followed ????? ????? inside
881646,I listened to ???? ?????
881647,"I started saying ""???? ???? ?????? ????"""
881648,I ate and drank in the ????
881649,"I helped set up, serve, or clean up by any meal"
881650,I said a ??? ???? during any meal
881651,I davened ????? nicely
881652,I went to ????? and said ??? ????
881653,I went to ??? and davened ????? and ???? nicely
881654,I listened to ???? ?????
881655,I went to ????? and said ??? ????
881656,I followed along by ????? ?????
881657,"I said ""??? ??? ??????"" after we finished reading the whole ????"
881658,"I helped set up, serve, or clean up by any meal"
881659,I said a ??? ???? during any meal
881660,"I lit ??? candles before the ??? using my own candlesticks, and in my ??? clothing"
881661,"I went to a Farbrengen on ??? ?????? and extended Yom Tov into the week, and sang the Rebbaims niggunim."
881662,I did something special on ??? ?????? because this ??? will affect my whole year.
881663,I did Kapparos (anytime before ??? ?????)
881664,I asked my friends for forgiveness
881665,I asked for Lekach- honey cake
881666,I gave extra ????
881667,I ate the first ????? (with kreplach)
881668,I davened my ???? quota with ?? ???
881669,I ate the ????? ??????
881670,I received a ???? ?????
881671,"I gave ???? and lit candles using my own candlesticks, and in my ??? clothing"
881672,I went to ??? for ?? ???? and davened nicely
881673,I said extra ?????? after ?????
881674,I fasted part of the day
881675,I behaved extra well because my parents were fasting
881676,I went to ??? and davened ????? nicely
881677,I followed ????? ????? inside
881678,I davened ???? nicely
881679,"I bowed down for ""Koyrim"""
881680,I listened to ???? ?????
881681,I listened to ????? ????? & ????? ????
881682,I davened ???? & ????? nicely
881683,"I said "" ...???, ???? ??, ?' ???"" out loud"
881684,I sang Napolean's March before ???? blowing
881685,"I heard the ???? and said ""???? ??? ????????"""
881686,I spoke about or helped build the ???? on ????? ??? ?????
881687,I learned something about the ??? ???''?
881688,"I sang a niggun connected to the ??? ???''?- ""Lechatchilla Arriber"""
881689,I took part of a Farbrengen and told a story about the ??? ???''?
881690,I helped prepare for ??? ???
881691,"I gave ???? and lit candles using my own candlesticks, and in my ??? clothing"
881692,I davened ????? nicely
881693,"I ate & drank in the ???? and said ""???? ?????"""
881694,I said a ??? ???? during any meal
881695,I shook ???? and ????? before eating
881696,I went to ??? and davened ????? and ???? nicely
881697,I followed along by ????? ?????
881698,I listened to ???? ?????
881699,I davened ???? nicely
881700,I lit ??? candles using my OWN candlesticks and in my ??? clothing
881701,I shook ???? and ????? before eating
881702,I went to ??? and davened ????? and ???? nicely
881703,I followed along by ????? ?????
881704,I listened to ???? ?????
881705,"I ate & drank in the ???? and said ""???? ?????"""
881706,"I helped set up, serve, or clean up by any meal"
881707,I said a ??? ???? during any meal
881708,I davened ???? nicley
881709,"I davened ?????, ????, & ???"
881710,"I made a ""???? ?????"" in the ????"
881711,I learned ???? for at least 15 minutes
881712,I davened ????
881713,I participated in ???? ??? ??????
881714,I shook the ???? and ????? before eating
881715,"I davened ?????, ????, & ???"
881716,"I made a ""???? ?????"" in the ????"
881717,I learned ???? for at least 15 minutes
881718,I davened ????
881719,I participated in ???? ??? ??????
881720,I shook the ???? and ????? before eating
881721,"I davened ?????, ????, & ???"
881722,"I made a ""???? ?????"" in the ????"
881723,I learned ???? for at least 15 minutes
881724,I davened ????
881725,I participated in ???? ??? ??????
881726,I shook the ???? and ?????
881727,"I davened ?????, ????, & ???"
881728,"I made a ""???? ?????"" in the ????"
881729,I learned ???? for at least 15 minutes
881730,I davened ????
881731,I participated in ???? ??? ??????
881732,I shook the ???? and ????? before eating
881733,"I davened ?????, ????, & ???"
881734,"I made a ""???? ?????"" in the ????"
881735,I learned ???? for at least 15 minutes
881736,"I ate ?????? and ""klapped Hoshanas"""
881737,I helped prepare for ??? ???
881738,"I gave ???? and lit candles using my own candlesticks, and in my ??? clothing"
881739,I davened ???? and ????? nicely
881740,I lit ??? candles using my own candlesticks and in my ??? clothing
881741,I went to ??? and davened my ????? and ???? quotas nicely
881742,I followed ????? ????? inside
881743,I listened to ???? ?????
881744,"I started saying ""???? ???? ?????? ????"""
881745,I ate and drank in the ????
881746,"I helped set up, serve, or clean up by any meal"
881747,I said a ??? ???? during any meal
881748,I davened ????? nicely
881749,I went to ????? and said ??? ????
881750,I went to ??? and davened ????? and ???? nicely
881751,I listened to ???? ?????
881752,I went to ????? and said ??? ????
881753,I followed along by ????? ?????
881754,"I said ""??? ??? ??????"" after we finished reading the whole ????"
881755,"I helped set up, serve, or clean up by any meal"
881756,I said a ??? ???? during any meal
881757,"I lit ??? candles before the ??? using my own candlesticks, and in my ??? clothing"
881758,"I went to a Farbrengen on ??? ?????? and extended Yom Tov into the week, and sang the Rebbaims niggunim."
881759,I did something special on ??? ?????? because this ??? will affect my whole year.
881760,I did Kapparos (anytime before ??? ?????)
881761,I asked my friends for forgiveness
881762,I asked for Lekach- honey cake
881763,I gave extra ????
881764,I ate the first ????? (with kreplach)
881765,I davened my ???? quota with ?? ???
881766,I ate the ????? ??????
881767,I received a ???? ?????
881768,"I gave ???? and lit candles using my own candlesticks, and in my ??? clothing"
881769,I went to ??? for ?? ???? and davened nicely
881770,I said extra ?????? after ?????
881771,I fasted part of the day
881772,I behaved extra well because my parents were fasting
881773,I went to ??? and davened ????? nicely
881774,I followed ????? ????? inside
881775,I davened ???? nicely
881776,"I bowed down for ""Koyrim"""
881777,I listened to ???? ?????
881778,I listened to ????? ????? & ????? ????
881779,I davened ???? & ????? nicely
881780,"I said "" ...???, ???? ??, ?' ???"" out loud"
881781,I sang Napolean's March before ???? blowing
881782,"I heard the ???? and said ""???? ??? ????????"""
881783,I spoke about or helped build the ???? on ????? ??? ?????
881784,I learned something about the ??? ???''?
881785,"I sang a niggun connected to the ??? ???''?- ""Lechatchilla Arriber"""
881786,I took part of a Farbrengen and told a story about the ??? ???''?
881787,I helped prepare for ??? ???
881788,"I gave ???? and lit candles using my own candlesticks, and in my ??? clothing"
881789,I davened ????? nicely
881790,"I ate & drank in the ???? and said ""???? ?????"""
881791,I said a ??? ???? during any meal
881792,I shook ???? and ????? before eating
881793,I went to ??? and davened ????? and ???? nicely
881794,I followed along by ????? ?????
881795,I listened to ???? ?????
881796,I davened ???? nicely
881797,I lit ??? candles using my OWN candlesticks and in my ??? clothing
881798,I shook ???? and ????? before eating
881799,I went to ??? and davened ????? and ???? nicely
881800,I followed along by ????? ?????
881801,I listened to ???? ?????
881802,"I ate & drank in the ???? and said ""???? ?????"""
881803,"I helped set up, serve, or clean up by any meal"
881804,I said a ??? ???? during any meal
881805,I davened ???? nicley
881806,"I davened ?????, ????, & ???"
881807,"I made a ""???? ?????"" in the ????"
881808,I learned ???? for at least 15 minutes
881809,I davened ????
881810,I participated in ???? ??? ??????
881811,I shook the ???? and ????? before eating
881812,"I davened ?????, ????, & ???"
881813,"I made a ""???? ?????"" in the ????"
881814,I learned ???? for at least 15 minutes
881815,I davened ????
881816,I participated in ???? ??? ??????
881817,I shook the ???? and ????? before eating
881818,"I davened ?????, ????, & ???"
881819,"I made a ""???? ?????"" in the ????"
881820,I learned ???? for at least 15 minutes
881821,I davened ????
881822,I participated in ???? ??? ??????
881823,I shook the ???? and ?????
881824,"I davened ?????, ????, & ???"
881825,"I made a ""???? ?????"" in the ????"
881826,I learned ???? for at least 15 minutes
881827,I davened ????
881828,I participated in ???? ??? ??????
881829,I shook the ???? and ????? before eating
881830,"I davened ?????, ????, & ???"
881831,"I made a ""???? ?????"" in the ????"
881832,I learned ???? for at least 15 minutes
881833,"I ate ?????? and ""klapped Hoshanas"""
881834,I helped prepare for ??? ???
881835,"I gave ???? and lit candles using my own candlesticks, and in my ??? clothing"
881836,I davened ???? and ????? nicely
881837,I lit ??? candles using my own candlesticks and in my ??? clothing
881838,I went to ??? and davened my ????? and ???? quotas nicely
881839,I followed ????? ????? inside
881840,I listened to ???? ?????
881841,"I started saying ""???? ???? ?????? ????"""
881842,I ate and drank in the ????
881843,"I helped set up, serve, or clean up by any meal"
881844,I said a ??? ???? during any meal
881845,I davened ????? nicely
881846,I went to ????? and said ??? ????
881847,I went to ??? and davened ????? and ???? nicely
881848,I listened to ???? ?????
881849,I went to ????? and said ??? ????
881850,I followed along by ????? ?????
881851,"I said ""??? ??? ??????"" after we finished reading the whole ????"
881852,"I helped set up, serve, or clean up by any meal"
881853,I said a ??? ???? during any meal
881854,"I lit ??? candles before the ??? using my own candlesticks, and in my ??? clothing"
881855,"I went to a Farbrengen on ??? ?????? and extended Yom Tov into the week, and sang the Rebbaims niggunim."
881856,I did something special on ??? ?????? because this ??? will affect my whole year.
881857,I did Kapparos (anytime before ??? ?????)
881858,I asked my friends for forgiveness
881859,I asked for Lekach- honey cake
881860,I gave extra ????
881861,I ate the first ????? (with kreplach)
881862,I davened my ???? quota with ?? ???
881863,I ate the ????? ??????
881864,I received a ???? ?????
881865,"I gave ???? and lit candles using my own candlesticks, and in my ??? clothing"
881866,I went to ??? for ?? ???? and davened nicely
881867,I said extra ?????? after ?????
881868,I fasted part of the day
881869,I behaved extra well because my parents were fasting
881870,I went to ??? and davened ????? nicely
881871,I followed ????? ????? inside
881872,I davened ???? nicely
881873,"I bowed down for ""Koyrim"""
881874,I listened to ???? ?????
881875,I listened to ????? ????? & ????? ????
881876,I davened ???? & ????? nicely
881877,"I said "" ...???, ???? ??, ?' ???"" out loud"
881878,I sang Napolean's March before ???? blowing
881879,"I heard the ???? and said ""???? ??? ????????"""
881880,I spoke about or helped build the ???? on ????? ??? ?????
881881,I learned something about the ??? ???''?
881882,"I sang a niggun connected to the ??? ???''?- ""Lechatchilla Arriber"""
881883,I took part of a Farbrengen and told a story about the ??? ???''?
881884,I helped prepare for ??? ???
881885,"I gave ???? and lit candles using my own candlesticks, and in my ??? clothing"
881886,I davened ????? nicely
881887,"I ate & drank in the ???? and said ""???? ?????"""
881888,I said a ??? ???? during any meal
881889,I shook ???? and ????? before eating
881890,I went to ??? and davened ????? and ???? nicely
881891,I followed along by ????? ?????
881892,I listened to ???? ?????
881893,I davened ???? nicely
881894,I lit ??? candles using my OWN candlesticks and in my ??? clothing
881895,I shook ???? and ????? before eating
881896,I went to ??? and davened ????? and ???? nicely
881897,I followed along by ????? ?????
881898,I listened to ???? ?????
881899,"I ate & drank in the ???? and said ""???? ?????"""
881900,"I helped set up, serve, or clean up by any meal"
881901,I said a ??? ???? during any meal
881902,I davened ???? nicley
881903,"I davened ?????, ????, & ???"
881904,"I made a ""???? ?????"" in the ????"
881905,I learned ???? for at least 15 minutes
881906,I davened ????
881907,I participated in ???? ??? ??????
881908,I shook the ???? and ????? before eating
881909,"I davened ?????, ????, & ???"
881910,"I made a ""???? ?????"" in the ????"
881911,I learned ???? for at least 15 minutes
881912,I davened ????
881913,I participated in ???? ??? ??????
881914,I shook the ???? and ????? before eating
881915,"I davened ?????, ????, & ???"
881916,"I made a ""???? ?????"" in the ????"
881917,I learned ???? for at least 15 minutes
881918,I davened ????
881919,I participated in ???? ??? ??????
881920,I shook the ???? and ?????
881921,"I davened ?????, ????, & ???"
881922,"I made a ""???? ?????"" in the ????"
881923,I learned ???? for at least 15 minutes
881924,I davened ????
881925,I participated in ???? ??? ??????
881926,I shook the ???? and ????? before eating
881927,"I davened ?????, ????, & ???"
881928,"I made a ""???? ?????"" in the ????"
881929,I learned ???? for at least 15 minutes
881930,"I ate ?????? and ""klapped Hoshanas"""
881931,I helped prepare for ??? ???
881932,"I gave ???? and lit candles using my own candlesticks, and in my ??? clothing"
881933,I davened ???? and ????? nicely
881934,I lit ??? candles using my own candlesticks and in my ??? clothing
881935,I went to ??? and davened my ????? and ???? quotas nicely
881936,I followed ????? ????? inside
881937,I listened to ???? ?????
881938,"I started saying ""???? ???? ?????? ????"""
881939,I ate and drank in the ????
881940,"I helped set up, serve, or clean up by any meal"
881941,I said a ??? ???? during any meal
881942,I davened ????? nicely
881943,I went to ????? and said ??? ????
881944,I went to ??? and davened ????? and ???? nicely
881945,I listened to ???? ?????
881946,I went to ????? and said ??? ????
881947,I followed along by ????? ?????
881948,"I said ""??? ??? ??????"" after we finished reading the whole ????"
881949,"I helped set up, serve, or clean up by any meal"
881950,I said a ??? ???? during any meal
881951,"I lit ??? candles before the ??? using my own candlesticks, and in my ??? clothing"
881952,"I went to a Farbrengen on ??? ?????? and extended Yom Tov into the week, and sang the Rebbaims niggunim."
881953,I did something special on ??? ?????? because this ??? will affect my whole year.
881954,I did Kapparos (anytime before ??? ?????)
881955,I asked my friends for forgiveness
881956,I asked for Lekach- honey cake
881957,I gave extra ????
881958,I ate the first ????? (with kreplach)
881959,I davened my ???? quota with ?? ???
881960,I ate the ????? ??????
881961,I received a ???? ?????
881962,"I gave ???? and lit candles using my own candlesticks, and in my ??? clothing"
881963,I went to ??? for ?? ???? and davened nicely
881964,I said extra ?????? after ?????
881965,I fasted part of the day
881966,I behaved extra well because my parents were fasting
881967,I went to ??? and davened ????? nicely
881968,I followed ????? ????? inside
881969,I davened ???? nicely
881970,"I bowed down for ""Koyrim"""
881971,I listened to ???? ?????
881972,I listened to ????? ????? & ????? ????
881973,I davened ???? & ????? nicely
881974,"I said "" ...???, ???? ??, ?' ???"" out loud"
881975,I sang Napolean's March before ???? blowing
881976,"I heard the ???? and said ""???? ??? ????????"""
881977,I spoke about or helped build the ???? on ????? ??? ?????
881978,I learned something about the ??? ???''?
881979,"I sang a niggun connected to the ??? ???''?- ""Lechatchilla Arriber"""
881980,I took part of a Farbrengen and told a story about the ??? ???''?
881981,I helped prepare for ??? ???
881982,"I gave ???? and lit candles using my own candlesticks, and in my ??? clothing"
881983,I davened ????? nicely
881984,"I ate & drank in the ???? and said ""???? ?????"""
881985,I said a ??? ???? during any meal
881986,I shook ???? and ????? before eating
881987,I went to ??? and davened ????? and ???? nicely
881988,I followed along by ????? ?????
881989,I listened to ???? ?????
881990,I davened ???? nicely
881991,I lit ??? candles using my OWN candlesticks and in my ??? clothing
881992,I shook ???? and ????? before eating
881993,I went to ??? and davened ????? and ???? nicely
881994,I followed along by ????? ?????
881995,I listened to ???? ?????
881996,"I ate & drank in the ???? and said ""???? ?????"""
881997,"I helped set up, serve, or clean up by any meal"
881998,I said a ??? ???? during any meal
881999,I davened ???? nicley
882000,"I davened ?????, ????, & ???"
882001,"I made a ""???? ?????"" in the ????"
882002,I learned ???? for at least 15 minutes
882003,I davened ????
882004,I participated in ???? ??? ??????
882005,I shook the ???? and ????? before eating
882006,"I davened ?????, ????, & ???"
882007,"I made a ""???? ?????"" in the ????"
882008,I learned ???? for at least 15 minutes
882009,I davened ????
882010,I participated in ???? ??? ??????
882011,I shook the ???? and ????? before eating
882012,"I davened ?????, ????, & ???"
882013,"I made a ""???? ?????"" in the ????"
882014,I learned ???? for at least 15 minutes
882015,I davened ????
882016,I participated in ???? ??? ??????
882017,I shook the ???? and ?????
882018,"I davened ?????, ????, & ???"
882019,"I made a ""???? ?????"" in the ????"
882020,I learned ???? for at least 15 minutes
882021,I davened ????
882022,I participated in ???? ??? ??????
882023,I shook the ???? and ????? before eating
882024,"I davened ?????, ????, & ???"
882025,"I made a ""???? ?????"" in the ????"
882026,I learned ???? for at least 15 minutes
882027,"I ate ?????? and ""klapped Hoshanas"""
882028,I helped prepare for ??? ???
882029,"I gave ???? and lit candles using my own candlesticks, and in my ??? clothing"
882030,I davened ???? and ????? nicely
882031,I lit ??? candles using my own candlesticks and in my ??? clothing
882032,I went to ??? and davened my ????? and ???? quotas nicely
882033,I followed ????? ????? inside
882034,I listened to ???? ?????
882035,"I started saying ""???? ???? ?????? ????"""
882036,I ate and drank in the ????
882037,"I helped set up, serve, or clean up by any meal"
882038,I said a ??? ???? during any meal
882039,I davened ????? nicely
882040,I went to ????? and said ??? ????
882041,I went to ??? and davened ????? and ???? nicely
882042,I listened to ???? ?????
882043,I went to ????? and said ??? ????
882044,I followed along by ????? ?????
882045,"I said ""??? ??? ??????"" after we finished reading the whole ????"
882046,"I helped set up, serve, or clean up by any meal"
882047,I said a ??? ???? during any meal
882048,"I lit ??? candles before the ??? using my own candlesticks, and in my ??? clothing"
882049,"I went to a Farbrengen on ??? ?????? and extended Yom Tov into the week, and sang the Rebbaims niggunim."
882050,I did something special on ??? ?????? because this ??? will affect my whole year.
882051,I did Kapparos (anytime before ??? ?????)
882052,I asked my friends for forgiveness
882053,I asked for Lekach- honey cake
882054,I gave extra ????
882055,I ate the first ????? (with kreplach)
882056,I davened my ???? quota with ?? ???
882057,I ate the ????? ??????
882058,I received a ???? ?????
882059,"I gave ???? and lit candles using my own candlesticks, and in my ??? clothing"
882060,I went to ??? for ?? ???? and davened nicely
882061,I said extra ?????? after ?????
882062,I fasted part of the day
882063,I behaved extra well because my parents were fasting
882064,I went to ??? and davened ????? nicely
882065,I followed ????? ????? inside
882066,I davened ???? nicely
882067,"I bowed down for ""Koyrim"""
882068,I listened to ???? ?????
882069,I listened to ????? ????? & ????? ????
882070,I davened ???? & ????? nicely
882071,"I said "" ...???, ???? ??, ?' ???"" out loud"
882072,I sang Napolean's March before ???? blowing
882073,"I heard the ???? and said ""???? ??? ????????"""
882074,I spoke about or helped build the ???? on ????? ??? ?????
882075,I learned something about the ??? ???''?
882076,"I sang a niggun connected to the ??? ???''?- ""Lechatchilla Arriber"""
882077,I took part of a Farbrengen and told a story about the ??? ???''?
882078,I helped prepare for ??? ???
882079,"I gave ???? and lit candles using my own candlesticks, and in my ??? clothing"
882080,I davened ????? nicely
882081,"I ate & drank in the ???? and said ""???? ?????"""
882082,I said a ??? ???? during any meal
882083,I shook ???? and ????? before eating
882084,I went to ??? and davened ????? and ???? nicely
882085,I followed along by ????? ?????
882086,I listened to ???? ?????
882087,I davened ???? nicely
882088,I lit ??? candles using my OWN candlesticks and in my ??? clothing
882089,I shook ???? and ????? before eating
882090,I went to ??? and davened ????? and ???? nicely
882091,I followed along by ????? ?????
882092,I listened to ???? ?????
882093,"I ate & drank in the ???? and said ""???? ?????"""
882094,"I helped set up, serve, or clean up by any meal"
882095,I said a ??? ???? during any meal
882096,I davened ???? nicley
882097,"I davened ?????, ????, & ???"
882098,"I made a ""???? ?????"" in the ????"
882099,I learned ???? for at least 15 minutes
882100,I davened ????
882101,I participated in ???? ??? ??????
882102,I shook the ???? and ????? before eating
882103,"I davened ?????, ????, & ???"
882104,"I made a ""???? ?????"" in the ????"
882105,I learned ???? for at least 15 minutes
882106,I davened ????
882107,I participated in ???? ??? ??????
882108,I shook the ???? and ????? before eating
882109,"I davened ?????, ????, & ???"
882110,"I made a ""???? ?????"" in the ????"
882111,I learned ???? for at least 15 minutes
882112,I davened ????
882113,I participated in ???? ??? ??????
882114,I shook the ???? and ?????
882115,"I davened ?????, ????, & ???"
882116,"I made a ""???? ?????"" in the ????"
882117,I learned ???? for at least 15 minutes
882118,I davened ????
882119,I participated in ???? ??? ??????
882120,I shook the ???? and ????? before eating
882121,"I davened ?????, ????, & ???"
882122,"I made a ""???? ?????"" in the ????"
882123,I learned ???? for at least 15 minutes
882124,"I ate ?????? and ""klapped Hoshanas"""
882125,I helped prepare for ??? ???
882126,"I gave ???? and lit candles using my own candlesticks, and in my ??? clothing"
882127,I davened ???? and ????? nicely
882128,I lit ??? candles using my own candlesticks and in my ??? clothing
882129,I went to ??? and davened my ????? and ???? quotas nicely
882130,I followed ????? ????? inside
882131,I listened to ???? ?????
882132,"I started saying ""???? ???? ?????? ????"""
882133,I ate and drank in the ????
882134,"I helped set up, serve, or clean up by any meal"
882135,I said a ??? ???? during any meal
882136,I davened ????? nicely
882137,I went to ????? and said ??? ????
882138,I went to ??? and davened ????? and ???? nicely
882139,I listened to ???? ?????
882140,I went to ????? and said ??? ????
882141,I followed along by ????? ?????
882142,"I said ""??? ??? ??????"" after we finished reading the whole ????"
882143,"I helped set up, serve, or clean up by any meal"
882144,I said a ??? ???? during any meal
882145,"I lit ??? candles before the ??? using my own candlesticks, and in my ??? clothing"
882146,"I went to a Farbrengen on ??? ?????? and extended Yom Tov into the week, and sang the Rebbaims niggunim."
882147,I did something special on ??? ?????? because this ??? will affect my whole year.
882150,I did Kapparos (anytime before ??? ?????)
882151,I went to the ????
882152,I asked my friends for forgiveness
882153,I asked for Lekach- honey cake
882154,I gave extra ????
882155,I ate the first ????? (with kreplach)
882156,"I got ????? and said ""???? ????"""
882157,I davened my ???? quota with ?? ???
882158,I ate the ????? ??????
882159,I received a ???? ?????
882161,"I reminded all the girls in my family to give ???? and light candles using their own candlesticks, and in their ??? clothing"
882162,I went to ??? for ?? ???? and davened my quota nicely
882163,I said extra ?????? after ?????
882164,I fasted part of the day
882165,I behaved extra well because my parents were fasting
882166,I went to ??? and davened my ????? quota nicely
882167,I followed ????? ????? inside
882168,I davened my ???? quota nicely
882169,"I bowed down for ""Koyrim"""
882170,I went under the ???? for duchening
882171,I listened to ????? ????? & ????? ????
882172,I davened my ???? & ????? quotas nicely
882173,"I said "" ...???, ???? ??, ?' ???"" out loud"
882175,"I heard the ???? and said ""???? ??? ????????"""
882176,I spoke about or helped build the ???? on ????? ??? ?????
882180,I helped prepare for ??? ???
882181,"I reminded all the girls in my family to give ???? and light candles using their own candlesticks, and in their ??? clothing"
882182,I went to ??? and davened my ????? quota nicely
882183,"I ate & drank in the ???? and said ""???? ?????"""
882184,I said a ??? ???? during any meal
882185,I shook ???? and ????? before eating
882186,I went to ??? and davened my ????? and ???? quotas nicely
882187,I followed along by ????? ?????
882188,I went under the ???? for Duchening
882189,I went to ??? & davened my ???? quota nicely
882190,I davened my ????? quota nicely
882191,I shook ???? and ????? before eating
882192,I went to ??? and davened my ????? and ???? quotas nicely
882193,I followed along by ????? ?????
882194,I went under a ???? for Duchening
882195,"I ate & drank in the ???? and said ""???? ?????"""
882196,"I helped set up, serve, or clean up by any meal"
882197,I said a ??? ???? during any meal
882198,I went to ??? & davened my ???? & ????? quotas nicely
882200,"I davened my ?????, ????, & ??? quotas with a ????"
882201,I had a Rev'iis of grape juice
882202,"I ate & drank in the ???? and said ""???? ?????"""
882203,I learned ???? for at least 15 minutes
882204,I davened my ???? quota with a ????
882205,I davened my ????? quota
882206,I participated in ???? ??? ??????
882207,I shook the ???? and ????? before eating
882208,"I davened my ?????, ????, & ??? quotas with a ????"
882209,I had a Rev'iis of grape juice
882210,"I ate & drank in the ???? and said ""???? ?????"""
882211,I learned ???? for at least 15 minutes
882212,I davened my ???? quota with a ????
882213,I davened my ????? quota
882214,I participated in ???? ??? ??????
882215,I shook the ???? and ????? before eating
882216,"I davened my ?????, ????, & ??? quotas with a ????"
882217,I had a Rev'iis of grape juice
882218,"I ate & drank in the ???? and said ""???? ?????"""
882219,I learned ???? for at least 15 minutes
882220,I davened my ???? quota with a ????
882221,I davened my ????? quota
882222,I participated in ???? ??? ??????
882223,I shook the ???? and ????? before eating
882224,"I davened my ?????, ????, & ??? quotas with a ????"
882225,I had a Rev'iis of grape juice
882226,"I ate & drank in the ???? and said ""???? ?????"""
882227,I learned ???? for at least 15 minutes
882228,I davened my ???? quota with a ????
882229,I davened my ????? quota
882230,I participated in ???? ??? ??????
882231,I stayed up at night and said ?????
882232,I shook the ???? and ????? before eating
882233,"I davened my ?????, ????, & ??? quotas with a ????"
882234,I had a Rev'iis of grape juice
882235,"I ate & drank in the ???? and said ""???? ?????"""
882236,I learned ???? for at least 15 minutes
882237,"I ate ?????? and ""klapped Hoshanas"""
882238,I helped prepare for ??? ???
882239,"I reminded all the girls in my family to give ???? and light candles using their own candlesticks, and in their ??? clothing"
882240,I went to ??? and davened my ???? and ????? quotas nicely
882241,I participated in ????? and said ??? ????
882242,I went to ??? and davened my ????? and ???? quotas nicely
882243,I followed ????? ????? inside
882244,I went under the ???? for Duchening
882245,"I started saying ""???? ???? ?????? ????"""
882246,I ate and drank in the ????
882247,"I helped set up, serve, or clean up by any meal"
882248,I said a ??? ???? during any meal
882250,I went to ??? and davened my ???? & ????? quotas nicely
882251,I participated in ????? and said ??? ????
882252,I went to ??? and davened my ????? and ???? quotas nicely
882253,I went under the ???? for Duchening
882254,I participated in ????? and said ??? ????
882255,I had an ???-? with all the kinderlach
882256,I followed along by ????? ?????
882257,"I said ""??? ??? ??????"" after we finished reading the whole ????"
882258,"I helped set up, serve, or clean up by any meal"
882259,I said a ??? ???? during any meal
882261,I did something special on ??? ?????? because this ??? will affect my whole year.
882394,I did Kapparos (anytime before ??? ?????)
882395,I went to the ????
882396,I asked my friends for forgiveness
882397,I asked for Lekach- honey cake
882398,I gave extra ????
882399,I ate the first ????? (with kreplach)
882400,"I got ????? and said ""???? ????"""
882401,I davened my ???? quota with ?? ???
882402,I ate the ????? ??????
882403,I received a ???? ?????
882404,"I reminded all the girls in my family to give ???? and light candles using their own candlesticks, and in their ??? clothing"
882405,I went to ??? for ?? ???? and davened my quota nicely
882406,I said extra ?????? after ?????
882407,I fasted part of the day
882408,I behaved extra well because my parents were fasting
882409,I went to ??? and davened my ????? quota nicely
882410,I followed ????? ????? inside
882411,I davened my ???? quota nicely
882412,"I bowed down for ""Koyrim"""
882413,I went under the ???? for duchening
882414,I listened to ????? ????? & ????? ????
882415,I davened my ???? & ????? quotas nicely
882416,"I said "" ...???, ???? ??, ?' ???"" out loud"
882417,"I heard the ???? and said ""???? ??? ????????"""
882418,I spoke about or helped build the ???? on ????? ??? ?????
882419,I helped prepare for ??? ???
882420,"I reminded all the girls in my family to give ???? and light candles using their own candlesticks, and in their ??? clothing"
882421,I went to ??? and davened my ????? quota nicely
882422,"I ate & drank in the ???? and said ""???? ?????"""
882423,I said a ??? ???? during any meal
882424,I shook ???? and ????? before eating
882425,I went to ??? and davened my ????? and ???? quotas nicely
882426,I followed along by ????? ?????
882427,I went under the ???? for Duchening
882428,I went to ??? & davened my ???? quota nicely
882429,I davened my ????? quota nicely
882430,I shook ???? and ????? before eating
882431,I went to ??? and davened my ????? and ???? quotas nicely
882432,I followed along by ????? ?????
882433,I went under a ???? for Duchening
882434,"I ate & drank in the ???? and said ""???? ?????"""
882435,"I helped set up, serve, or clean up by any meal"
882436,I said a ??? ???? during any meal
882437,I went to ??? & davened my ???? & ????? quotas nicely
882438,"I davened my ?????, ????, & ??? quotas with a ????"
882439,I had a Rev'iis of grape juice
882440,"I ate & drank in the ???? and said ""???? ?????"""
882441,I learned ???? for at least 15 minutes
882442,I davened my ???? quota with a ????
882443,I davened my ????? quota
882444,I participated in ???? ??? ??????
882445,I shook the ???? and ????? before eating
882446,"I davened my ?????, ????, & ??? quotas with a ????"
882447,I had a Rev'iis of grape juice
882448,"I ate & drank in the ???? and said ""???? ?????"""
882449,I learned ???? for at least 15 minutes
882450,I davened my ???? quota with a ????
882451,I davened my ????? quota
882452,I participated in ???? ??? ??????
882453,I shook the ???? and ????? before eating
882454,"I davened my ?????, ????, & ??? quotas with a ????"
882455,I had a Rev'iis of grape juice
882456,"I ate & drank in the ???? and said ""???? ?????"""
882457,I learned ???? for at least 15 minutes
882458,I davened my ???? quota with a ????
882459,I davened my ????? quota
882460,I participated in ???? ??? ??????
882461,I shook the ???? and ????? before eating
882462,"I davened my ?????, ????, & ??? quotas with a ????"
882463,I had a Rev'iis of grape juice
882464,"I ate & drank in the ???? and said ""???? ?????"""
882465,I learned ???? for at least 15 minutes
882466,I davened my ???? quota with a ????
882467,I davened my ????? quota
882468,I participated in ???? ??? ??????
882469,I stayed up at night and said ?????
882470,I shook the ???? and ????? before eating
882471,"I davened my ?????, ????, & ??? quotas with a ????"
882472,I had a Rev'iis of grape juice
882473,"I ate & drank in the ???? and said ""???? ?????"""
882474,I learned ???? for at least 15 minutes
882475,"I ate ?????? and ""klapped Hoshanas"""
882476,I helped prepare for ??? ???
882477,"I reminded all the girls in my family to give ???? and light candles using their own candlesticks, and in their ??? clothing"
882478,I went to ??? and davened my ???? and ????? quotas nicely
882479,I participated in ????? and said ??? ????
882480,I went to ??? and davened my ????? and ???? quotas nicely
882481,I followed ????? ????? inside
882482,I went under the ???? for Duchening
882483,"I started saying ""???? ???? ?????? ????"""
882484,I ate and drank in the ????
882485,"I helped set up, serve, or clean up by any meal"
882486,I said a ??? ???? during any meal
882487,I went to ??? and davened my ???? & ????? quotas nicely
882488,I participated in ????? and said ??? ????
882489,I went to ??? and davened my ????? and ???? quotas nicely
882490,I went under the ???? for Duchening
882491,I had an ???-? with all the kinderlach
882492,"I said ""??? ??? ??????"" after we finished reading the whole ????"
882493,I participated in ????? and said ??? ????
882494,I followed along by ????? ?????
882495,"I helped set up, serve, or clean up by any meal"
882496,I said a ??? ???? during any meal
882497,I did something special on ??? ?????? because this ??? will affect my whole year.
882498,I did Kapparos (anytime before ??? ?????)
882499,I went to the ????
882500,I asked my friends for forgiveness
882501,I asked for Lekach- honey cake
882502,I gave extra ????
882503,I ate the first ????? (with kreplach)
882504,"I got ????? and said ""???? ????"""
882505,I davened my ???? quota with ?? ???
882506,I ate the ????? ??????
882507,I received a ???? ?????
882508,"I reminded all the girls in my family to give ???? and light candles using their own candlesticks, and in their ??? clothing"
882509,I went to ??? for ?? ???? and davened my quota nicely
882510,I said extra ?????? after ?????
882511,I fasted part of the day
882512,I behaved extra well because my parents were fasting
882513,I went to ??? and davened my ????? quota nicely
882514,I followed ????? ????? inside
882515,I davened my ???? quota nicely
882516,"I bowed down for ""Koyrim"""
882517,I went under the ???? for duchening
882518,I listened to ????? ????? & ????? ????
882519,I davened my ???? & ????? quotas nicely
882520,"I said "" ...???, ???? ??, ?' ???"" out loud"
882521,"I heard the ???? and said ""???? ??? ????????"""
882522,I spoke about or helped build the ???? on ????? ??? ?????
882523,I helped prepare for ??? ???
882524,"I reminded all the girls in my family to give ???? and light candles using their own candlesticks, and in their ??? clothing"
882525,I went to ??? and davened my ????? quota nicely
882526,"I ate & drank in the ???? and said ""???? ?????"""
882527,I said a ??? ???? during any meal
882528,I shook ???? and ????? before eating
882529,I went to ??? and davened my ????? and ???? quotas nicely
882530,I followed along by ????? ?????
882531,I went under the ???? for Duchening
882532,I went to ??? & davened my ???? quota nicely
882533,I davened my ????? quota nicely
882534,I shook ???? and ????? before eating
882535,I went to ??? and davened my ????? and ???? quotas nicely
882536,I followed along by ????? ?????
882537,I went under a ???? for Duchening
882538,"I ate & drank in the ???? and said ""???? ?????"""
882539,"I helped set up, serve, or clean up by any meal"
882540,I said a ??? ???? during any meal
882541,I went to ??? & davened my ???? & ????? quotas nicely
882542,"I davened my ?????, ????, & ??? quotas with a ????"
882543,I had a Rev'iis of grape juice
882544,"I ate & drank in the ???? and said ""???? ?????"""
882545,I learned ???? for at least 15 minutes
882546,I davened my ???? quota with a ????
882547,I davened my ????? quota
882548,I participated in ???? ??? ??????
882549,I shook the ???? and ????? before eating
882550,"I davened my ?????, ????, & ??? quotas with a ????"
882551,I had a Rev'iis of grape juice
882552,"I ate & drank in the ???? and said ""???? ?????"""
882553,I learned ???? for at least 15 minutes
882554,I davened my ???? quota with a ????
882555,I davened my ????? quota
882556,I participated in ???? ??? ??????
882557,I shook the ???? and ????? before eating
882558,"I davened my ?????, ????, & ??? quotas with a ????"
882559,I had a Rev'iis of grape juice
882560,"I ate & drank in the ???? and said ""???? ?????"""
882561,I learned ???? for at least 15 minutes
882562,I davened my ???? quota with a ????
882563,I davened my ????? quota
882564,I participated in ???? ??? ??????
882565,I shook the ???? and ????? before eating
882566,"I davened my ?????, ????, & ??? quotas with a ????"
882567,I had a Rev'iis of grape juice
882568,"I ate & drank in the ???? and said ""???? ?????"""
882569,I learned ???? for at least 15 minutes
882570,I davened my ???? quota with a ????
882571,I davened my ????? quota
882572,I participated in ???? ??? ??????
882573,I stayed up at night and said ?????
882574,I shook the ???? and ????? before eating
882575,"I davened my ?????, ????, & ??? quotas with a ????"
882576,I had a Rev'iis of grape juice
882577,"I ate & drank in the ???? and said ""???? ?????"""
882578,I learned ???? for at least 15 minutes
882579,"I ate ?????? and ""klapped Hoshanas"""
882580,I helped prepare for ??? ???
882581,"I reminded all the girls in my family to give ???? and light candles using their own candlesticks, and in their ??? clothing"
882582,I went to ??? and davened my ???? and ????? quotas nicely
882583,I participated in ????? and said ??? ????
882584,I went to ??? and davened my ????? and ???? quotas nicely
882585,I followed ????? ????? inside
882586,I went under the ???? for Duchening
882587,"I started saying ""???? ???? ?????? ????"""
882588,I ate and drank in the ????
882589,"I helped set up, serve, or clean up by any meal"
882590,I said a ??? ???? during any meal
882591,I went to ??? and davened my ???? & ????? quotas nicely
882592,I participated in ????? and said ??? ????
882593,I went to ??? and davened my ????? and ???? quotas nicely
882594,I went under the ???? for Duchening
882595,I had an ???-? with all the kinderlach
882596,"I said ""??? ??? ??????"" after we finished reading the whole ????"
882597,I participated in ????? and said ??? ????
882598,I followed along by ????? ?????
882599,"I helped set up, serve, or clean up by any meal"
882600,I said a ??? ???? during any meal
882601,I did something special on ??? ?????? because this ??? will affect my whole year.
882602,I did Kapparos (anytime before ??? ?????)
882603,I went to the ????
882604,I asked my friends for forgiveness
882605,I asked for Lekach- honey cake
882606,I gave extra ????
882607,I ate the first ????? (with kreplach)
882608,"I got ????? and said ""???? ????"""
882609,I davened my ???? quota with ?? ???
882610,I ate the ????? ??????
882611,I received a ???? ?????
882612,"I reminded all the girls in my family to give ???? and light candles using their own candlesticks, and in their ??? clothing"
882613,I went to ??? for ?? ???? and davened my quota nicely
882614,I said extra ?????? after ?????
882615,I fasted part of the day
882616,I behaved extra well because my parents were fasting
882617,I went to ??? and davened my ????? quota nicely
882618,I followed ????? ????? inside
882619,I davened my ???? quota nicely
882620,"I bowed down for ""Koyrim"""
882621,I went under the ???? for duchening
882622,I listened to ????? ????? & ????? ????
882623,I davened my ???? & ????? quotas nicely
882624,"I said "" ...???, ???? ??, ?' ???"" out loud"
882625,"I heard the ???? and said ""???? ??? ????????"""
882626,I spoke about or helped build the ???? on ????? ??? ?????
882627,I helped prepare for ??? ???
882628,"I reminded all the girls in my family to give ???? and light candles using their own candlesticks, and in their ??? clothing"
882629,I went to ??? and davened my ????? quota nicely
882630,"I ate & drank in the ???? and said ""???? ?????"""
882631,I said a ??? ???? during any meal
882632,I shook ???? and ????? before eating
882633,I went to ??? and davened my ????? and ???? quotas nicely
882634,I followed along by ????? ?????
882635,I went under the ???? for Duchening
882636,I went to ??? & davened my ???? quota nicely
882637,I davened my ????? quota nicely
882638,I shook ???? and ????? before eating
882639,I went to ??? and davened my ????? and ???? quotas nicely
882640,I followed along by ????? ?????
882641,I went under a ???? for Duchening
882642,"I ate & drank in the ???? and said ""???? ?????"""
882643,"I helped set up, serve, or clean up by any meal"
882644,I said a ??? ???? during any meal
882645,I went to ??? & davened my ???? & ????? quotas nicely
882646,"I davened my ?????, ????, & ??? quotas with a ????"
882647,I had a Rev'iis of grape juice
882648,"I ate & drank in the ???? and said ""???? ?????"""
882649,I learned ???? for at least 15 minutes
882650,I davened my ???? quota with a ????
882651,I davened my ????? quota
882652,I participated in ???? ??? ??????
882653,I shook the ???? and ????? before eating
882654,"I davened my ?????, ????, & ??? quotas with a ????"
882655,I had a Rev'iis of grape juice
882656,"I ate & drank in the ???? and said ""???? ?????"""
882657,I learned ???? for at least 15 minutes
882658,I davened my ???? quota with a ????
882659,I davened my ????? quota
882660,I participated in ???? ??? ??????
882661,I shook the ???? and ????? before eating
882662,"I davened my ?????, ????, & ??? quotas with a ????"
882663,I had a Rev'iis of grape juice
882664,"I ate & drank in the ???? and said ""???? ?????"""
882665,I learned ???? for at least 15 minutes
882666,I davened my ???? quota with a ????
882667,I davened my ????? quota
882668,I participated in ???? ??? ??????
882669,I shook the ???? and ????? before eating
882670,"I davened my ?????, ????, & ??? quotas with a ????"
882671,I had a Rev'iis of grape juice
882672,"I ate & drank in the ???? and said ""???? ?????"""
882673,I learned ???? for at least 15 minutes
882674,I davened my ???? quota with a ????
882675,I davened my ????? quota
882676,I participated in ???? ??? ??????
882677,I stayed up at night and said ?????
882678,I shook the ???? and ????? before eating
882679,"I davened my ?????, ????, & ??? quotas with a ????"
882680,I had a Rev'iis of grape juice
882681,"I ate & drank in the ???? and said ""???? ?????"""
882682,I learned ???? for at least 15 minutes
882683,"I ate ?????? and ""klapped Hoshanas"""
882684,I helped prepare for ??? ???
882685,"I reminded all the girls in my family to give ???? and light candles using their own candlesticks, and in their ??? clothing"
882686,I went to ??? and davened my ???? and ????? quotas nicely
882687,I participated in ????? and said ??? ????
882688,I went to ??? and davened my ????? and ???? quotas nicely
882689,I followed ????? ????? inside
882690,I went under the ???? for Duchening
882691,"I started saying ""???? ???? ?????? ????"""
882692,I ate and drank in the ????
882693,"I helped set up, serve, or clean up by any meal"
882694,I said a ??? ???? during any meal
882695,I went to ??? and davened my ???? & ????? quotas nicely
882696,I participated in ????? and said ??? ????
882697,I went to ??? and davened my ????? and ???? quotas nicely
882698,I went under the ???? for Duchening
882699,I had an ???-? with all the kinderlach
882700,"I said ""??? ??? ??????"" after we finished reading the whole ????"
882701,I participated in ????? and said ??? ????
882702,I followed along by ????? ?????
882703,"I helped set up, serve, or clean up by any meal"
882704,I said a ??? ???? during any meal
882705,I did something special on ??? ?????? because this ??? will affect my whole year.
882706,I did Kapparos (anytime before ??? ?????)
882707,I went to the ????
882708,I asked my friends for forgiveness
882709,I asked for Lekach- honey cake
882710,I gave extra ????
882711,I ate the first ????? (with kreplach)
882712,"I got ????? and said ""???? ????"""
882713,I davened my ???? quota with ?? ???
882714,I ate the ????? ??????
882715,I received a ???? ?????
882716,"I reminded all the girls in my family to give ???? and light candles using their own candlesticks, and in their ??? clothing"
882717,I went to ??? for ?? ???? and davened my quota nicely
882718,I said extra ?????? after ?????
882719,I fasted part of the day
882720,I behaved extra well because my parents were fasting
882721,I went to ??? and davened my ????? quota nicely
882722,I followed ????? ????? inside
882723,I davened my ???? quota nicely
882724,"I bowed down for ""Koyrim"""
882725,I went under the ???? for duchening
882726,I listened to ????? ????? & ????? ????
882727,I davened my ???? & ????? quotas nicely
882728,"I said "" ...???, ???? ??, ?' ???"" out loud"
882729,"I heard the ???? and said ""???? ??? ????????"""
882730,I spoke about or helped build the ???? on ????? ??? ?????
882731,I helped prepare for ??? ???
882732,"I reminded all the girls in my family to give ???? and light candles using their own candlesticks, and in their ??? clothing"
882733,I went to ??? and davened my ????? quota nicely
882734,"I ate & drank in the ???? and said ""???? ?????"""
882735,I said a ??? ???? during any meal
882736,I shook ???? and ????? before eating
882737,I went to ??? and davened my ????? and ???? quotas nicely
882738,I followed along by ????? ?????
882739,I went under the ???? for Duchening
882740,I went to ??? & davened my ???? quota nicely
882741,I davened my ????? quota nicely
882742,I shook ???? and ????? before eating
882743,I went to ??? and davened my ????? and ???? quotas nicely
882744,I followed along by ????? ?????
882745,I went under a ???? for Duchening
882746,"I ate & drank in the ???? and said ""???? ?????"""
882747,"I helped set up, serve, or clean up by any meal"
882748,I said a ??? ???? during any meal
882749,I went to ??? & davened my ???? & ????? quotas nicely
882750,"I davened my ?????, ????, & ??? quotas with a ????"
882751,I had a Rev'iis of grape juice
882752,"I ate & drank in the ???? and said ""???? ?????"""
882753,I learned ???? for at least 15 minutes
882754,I davened my ???? quota with a ????
882755,I davened my ????? quota
882756,I participated in ???? ??? ??????
882757,I shook the ???? and ????? before eating
882758,"I davened my ?????, ????, & ??? quotas with a ????"
882759,I had a Rev'iis of grape juice
882760,"I ate & drank in the ???? and said ""???? ?????"""
882761,I learned ???? for at least 15 minutes
882762,I davened my ???? quota with a ????
882763,I davened my ????? quota
882764,I participated in ???? ??? ??????
882765,I shook the ???? and ????? before eating
882766,"I davened my ?????, ????, & ??? quotas with a ????"
882767,I had a Rev'iis of grape juice
882768,"I ate & drank in the ???? and said ""???? ?????"""
882769,I learned ???? for at least 15 minutes
882770,I davened my ???? quota with a ????
882771,I davened my ????? quota
882772,I participated in ???? ??? ??????
882773,I shook the ???? and ????? before eating
882774,"I davened my ?????, ????, & ??? quotas with a ????"
882775,I had a Rev'iis of grape juice
882776,"I ate & drank in the ???? and said ""???? ?????"""
882777,I learned ???? for at least 15 minutes
882778,I davened my ???? quota with a ????
882779,I davened my ????? quota
882780,I participated in ???? ??? ??????
882781,I stayed up at night and said ?????
882782,I shook the ???? and ????? before eating
882783,"I davened my ?????, ????, & ??? quotas with a ????"
882784,I had a Rev'iis of grape juice
882785,"I ate & drank in the ???? and said ""???? ?????"""
882786,I learned ???? for at least 15 minutes
882787,"I ate ?????? and ""klapped Hoshanas"""
882788,I helped prepare for ??? ???
882789,"I reminded all the girls in my family to give ???? and light candles using their own candlesticks, and in their ??? clothing"
882790,I went to ??? and davened my ???? and ????? quotas nicely
882791,I participated in ????? and said ??? ????
882792,I went to ??? and davened my ????? and ???? quotas nicely
882793,I followed ????? ????? inside
882794,I went under the ???? for Duchening
882795,"I started saying ""???? ???? ?????? ????"""
882796,I ate and drank in the ????
882797,"I helped set up, serve, or clean up by any meal"
882798,I said a ??? ???? during any meal
882799,I went to ??? and davened my ???? & ????? quotas nicely
882800,I participated in ????? and said ??? ????
882801,I went to ??? and davened my ????? and ???? quotas nicely
882802,I went under the ???? for Duchening
882803,I had an ???-? with all the kinderlach
882804,"I said ""??? ??? ??????"" after we finished reading the whole ????"
882805,I participated in ????? and said ??? ????
882806,I followed along by ????? ?????
882807,"I helped set up, serve, or clean up by any meal"
882808,I said a ??? ???? during any meal
882809,I did something special on ??? ?????? because this ??? will affect my whole year.
882810,I did Kapparos (anytime before ??? ?????)
882811,I went to the ????
882812,I asked my friends for forgiveness
882813,I asked for Lekach- honey cake
882814,I gave extra ????
882815,I ate the first ????? (with kreplach)
882816,"I got ????? and said ""???? ????"""
882817,I davened my ???? quota with ?? ???
882818,I ate the ????? ??????
882819,I received a ???? ?????
882820,"I reminded all the girls in my family to give ???? and light candles using their own candlesticks, and in their ??? clothing"
882821,I went to ??? for ?? ???? and davened my quota nicely
882822,I said extra ?????? after ?????
882823,I fasted part of the day
882824,I behaved extra well because my parents were fasting
882825,I went to ??? and davened my ????? quota nicely
882826,I followed ????? ????? inside
882827,I davened my ???? quota nicely
882828,"I bowed down for ""Koyrim"""
882829,I went under the ???? for duchening
882830,I listened to ????? ????? & ????? ????
882831,I davened my ???? & ????? quotas nicely
882832,"I said "" ...???, ???? ??, ?' ???"" out loud"
882833,"I heard the ???? and said ""???? ??? ????????"""
882834,I spoke about or helped build the ???? on ????? ??? ?????
882835,I helped prepare for ??? ???
882836,"I reminded all the girls in my family to give ???? and light candles using their own candlesticks, and in their ??? clothing"
882837,I went to ??? and davened my ????? quota nicely
882838,"I ate & drank in the ???? and said ""???? ?????"""
882839,I said a ??? ???? during any meal
882840,I shook ???? and ????? before eating
882841,I went to ??? and davened my ????? and ???? quotas nicely
882842,I followed along by ????? ?????
882843,I went under the ???? for Duchening
882844,I went to ??? & davened my ???? quota nicely
882845,I davened my ????? quota nicely
882846,I shook ???? and ????? before eating
882847,I went to ??? and davened my ????? and ???? quotas nicely
882848,I followed along by ????? ?????
882849,I went under a ???? for Duchening
882850,"I ate & drank in the ???? and said ""???? ?????"""
882851,"I helped set up, serve, or clean up by any meal"
882852,I said a ??? ???? during any meal
882853,I went to ??? & davened my ???? & ????? quotas nicely
882854,"I davened my ?????, ????, & ??? quotas with a ????"
882855,I had a Rev'iis of grape juice
882856,"I ate & drank in the ???? and said ""???? ?????"""
882857,I learned ???? for at least 15 minutes
882858,I davened my ???? quota with a ????
882859,I davened my ????? quota
882860,I participated in ???? ??? ??????
882861,I shook the ???? and ????? before eating
882862,"I davened my ?????, ????, & ??? quotas with a ????"
882863,I had a Rev'iis of grape juice
882864,"I ate & drank in the ???? and said ""???? ?????"""
882865,I learned ???? for at least 15 minutes
882866,I davened my ???? quota with a ????
882867,I davened my ????? quota
882868,I participated in ???? ??? ??????
882869,I shook the ???? and ????? before eating
882870,"I davened my ?????, ????, & ??? quotas with a ????"
882871,I had a Rev'iis of grape juice
882872,"I ate & drank in the ???? and said ""???? ?????"""
882873,I learned ???? for at least 15 minutes
882874,I davened my ???? quota with a ????
882875,I davened my ????? quota
882876,I participated in ???? ??? ??????
882877,I shook the ???? and ????? before eating
882878,"I davened my ?????, ????, & ??? quotas with a ????"
882879,I had a Rev'iis of grape juice
882880,"I ate & drank in the ???? and said ""???? ?????"""
882881,I learned ???? for at least 15 minutes
882882,I davened my ???? quota with a ????
882883,I davened my ????? quota
882884,I participated in ???? ??? ??????
882885,I stayed up at night and said ?????
882886,I shook the ???? and ????? before eating
882887,"I davened my ?????, ????, & ??? quotas with a ????"
882888,I had a Rev'iis of grape juice
882889,"I ate & drank in the ???? and said ""???? ?????"""
882890,I learned ???? for at least 15 minutes
882891,"I ate ?????? and ""klapped Hoshanas"""
882892,I helped prepare for ??? ???
882893,"I reminded all the girls in my family to give ???? and light candles using their own candlesticks, and in their ??? clothing"
882894,I went to ??? and davened my ???? and ????? quotas nicely
882895,I participated in ????? and said ??? ????
882896,I went to ??? and davened my ????? and ???? quotas nicely
882897,I followed ????? ????? inside
882898,I went under the ???? for Duchening
882899,"I started saying ""???? ???? ?????? ????"""
882900,I ate and drank in the ????
882901,"I helped set up, serve, or clean up by any meal"
882902,I said a ??? ???? during any meal
882903,I went to ??? and davened my ???? & ????? quotas nicely
882904,I participated in ????? and said ??? ????
882905,I went to ??? and davened my ????? and ???? quotas nicely
882906,I went under the ???? for Duchening
882907,I had an ???-? with all the kinderlach
882908,"I said ""??? ??? ??????"" after we finished reading the whole ????"
882909,I participated in ????? and said ??? ????
882910,I followed along by ????? ?????
882911,"I helped set up, serve, or clean up by any meal"
882912,I said a ??? ???? during any meal
882913,I did something special on ??? ?????? because this ??? will affect my whole year.
882914,I did Kapparos (anytime before ??? ?????)
882915,I went to the ????
882916,I asked my friends for forgiveness
882917,I asked for Lekach- honey cake
882918,I gave extra ????
882919,I ate the first ????? (with kreplach)
882920,"I got ????? and said ""???? ????"""
882921,I davened my ???? quota with ?? ???
882922,I ate the ????? ??????
882923,I received a ???? ?????
882924,"I reminded all the girls in my family to give ???? and light candles using their own candlesticks, and in their ??? clothing"
882925,I went to ??? for ?? ???? and davened my quota nicely
882926,I said extra ?????? after ?????
882927,I fasted part of the day
882928,I behaved extra well because my parents were fasting
882929,I went to ??? and davened my ????? quota nicely
882930,I followed ????? ????? inside
882931,I davened my ???? quota nicely
882932,"I bowed down for ""Koyrim"""
882933,I went under the ???? for duchening
882934,I listened to ????? ????? & ????? ????
882935,I davened my ???? & ????? quotas nicely
882936,"I said "" ...???, ???? ??, ?' ???"" out loud"
882937,"I heard the ???? and said ""???? ??? ????????"""
882938,I spoke about or helped build the ???? on ????? ??? ?????
882939,I helped prepare for ??? ???
882940,"I reminded all the girls in my family to give ???? and light candles using their own candlesticks, and in their ??? clothing"
882941,I went to ??? and davened my ????? quota nicely
882942,"I ate & drank in the ???? and said ""???? ?????"""
882943,I said a ??? ???? during any meal
882944,I shook ???? and ????? before eating
882945,I went to ??? and davened my ????? and ???? quotas nicely
882946,I followed along by ????? ?????
882947,I went under the ???? for Duchening
882948,I went to ??? & davened my ???? quota nicely
882949,I davened my ????? quota nicely
882950,I shook ???? and ????? before eating
882951,I went to ??? and davened my ????? and ???? quotas nicely
882952,I followed along by ????? ?????
882953,I went under a ???? for Duchening
882954,"I ate & drank in the ???? and said ""???? ?????"""
882955,"I helped set up, serve, or clean up by any meal"
882956,I said a ??? ???? during any meal
882957,I went to ??? & davened my ???? & ????? quotas nicely
882958,"I davened my ?????, ????, & ??? quotas with a ????"
882959,I had a Rev'iis of grape juice
882960,"I ate & drank in the ???? and said ""???? ?????"""
882961,I learned ???? for at least 15 minutes
882962,I davened my ???? quota with a ????
882963,I davened my ????? quota
882964,I participated in ???? ??? ??????
882965,I shook the ???? and ????? before eating
882966,"I davened my ?????, ????, & ??? quotas with a ????"
882967,I had a Rev'iis of grape juice
882968,"I ate & drank in the ???? and said ""???? ?????"""
882969,I learned ???? for at least 15 minutes
882970,I davened my ???? quota with a ????
882971,I davened my ????? quota
882972,I participated in ???? ??? ??????
882973,I shook the ???? and ????? before eating
882974,"I davened my ?????, ????, & ??? quotas with a ????"
882975,I had a Rev'iis of grape juice
882976,"I ate & drank in the ???? and said ""???? ?????"""
882977,I learned ???? for at least 15 minutes
882978,I davened my ???? quota with a ????
882979,I davened my ????? quota
882980,I participated in ???? ??? ??????
882981,I shook the ???? and ????? before eating
882982,"I davened my ?????, ????, & ??? quotas with a ????"
882983,I had a Rev'iis of grape juice
882984,"I ate & drank in the ???? and said ""???? ?????"""
882985,I learned ???? for at least 15 minutes
882986,I davened my ???? quota with a ????
882987,I davened my ????? quota
882988,I participated in ???? ??? ??????
882989,I stayed up at night and said ?????
882990,I shook the ???? and ????? before eating
882991,"I davened my ?????, ????, & ??? quotas with a ????"
882992,I had a Rev'iis of grape juice
882993,"I ate & drank in the ???? and said ""???? ?????"""
882994,I learned ???? for at least 15 minutes
882995,"I ate ?????? and ""klapped Hoshanas"""
882996,I helped prepare for ??? ???
882997,"I reminded all the girls in my family to give ???? and light candles using their own candlesticks, and in their ??? clothing"
882998,I went to ??? and davened my ???? and ????? quotas nicely
882999,I participated in ????? and said ??? ????
883000,I went to ??? and davened my ????? and ???? quotas nicely
883001,I followed ????? ????? inside
883002,I went under the ???? for Duchening
883003,"I started saying ""???? ???? ?????? ????"""
883004,I ate and drank in the ????
883005,"I helped set up, serve, or clean up by any meal"
883006,I said a ??? ???? during any meal
883007,I went to ??? and davened my ???? & ????? quotas nicely
883008,I participated in ????? and said ??? ????
883009,I went to ??? and davened my ????? and ???? quotas nicely
883010,I went under the ???? for Duchening
883011,I had an ???-? with all the kinderlach
883012,"I said ""??? ??? ??????"" after we finished reading the whole ????"
883013,I participated in ????? and said ??? ????
883014,I followed along by ????? ?????
883015,"I helped set up, serve, or clean up by any meal"
883016,I said a ??? ???? during any meal
883017,I did something special on ??? ?????? because this ??? will affect my whole year.
883018,I did Kapparos (anytime before ??? ?????)
883019,I went to the ????
883020,I asked my friends for forgiveness
883021,I asked for Lekach- honey cake
883022,I gave extra ????
883023,I ate the first ????? (with kreplach)
883024,"I got ????? and said ""???? ????"""
883025,I davened my ???? quota with ?? ???
883026,I ate the ????? ??????
883027,I received a ???? ?????
883028,"I reminded all the girls in my family to give ???? and light candles using their own candlesticks, and in their ??? clothing"
883029,I went to ??? for ?? ???? and davened my quota nicely
883030,I said extra ?????? after ?????
883031,I fasted part of the day
883032,I behaved extra well because my parents were fasting
883033,I went to ??? and davened my ????? quota nicely
883034,I followed ????? ????? inside
883035,I davened my ???? quota nicely
883036,"I bowed down for ""Koyrim"""
883037,I went under the ???? for duchening
883038,I listened to ????? ????? & ????? ????
883039,I davened my ???? & ????? quotas nicely
883040,"I said "" ...???, ???? ??, ?' ???"" out loud"
883041,"I heard the ???? and said ""???? ??? ????????"""
883042,I spoke about or helped build the ???? on ????? ??? ?????
883043,I helped prepare for ??? ???
883044,"I reminded all the girls in my family to give ???? and light candles using their own candlesticks, and in their ??? clothing"
883045,I went to ??? and davened my ????? quota nicely
883046,"I ate & drank in the ???? and said ""???? ?????"""
883047,I said a ??? ???? during any meal
883048,I shook ???? and ????? before eating
883049,I went to ??? and davened my ????? and ???? quotas nicely
883050,I followed along by ????? ?????
883051,I went under the ???? for Duchening
883052,I went to ??? & davened my ???? quota nicely
883053,I davened my ????? quota nicely
883054,I shook ???? and ????? before eating
883055,I went to ??? and davened my ????? and ???? quotas nicely
883056,I followed along by ????? ?????
883057,I went under a ???? for Duchening
883058,"I ate & drank in the ???? and said ""???? ?????"""
883059,"I helped set up, serve, or clean up by any meal"
883060,I said a ??? ???? during any meal
883061,I went to ??? & davened my ???? & ????? quotas nicely
883062,"I davened my ?????, ????, & ??? quotas with a ????"
883063,I had a Rev'iis of grape juice
883064,"I ate & drank in the ???? and said ""???? ?????"""
883065,I learned ???? for at least 15 minutes
883066,I davened my ???? quota with a ????
883067,I davened my ????? quota
883068,I participated in ???? ??? ??????
883069,I shook the ???? and ????? before eating
883070,"I davened my ?????, ????, & ??? quotas with a ????"
883071,I had a Rev'iis of grape juice
883072,"I ate & drank in the ???? and said ""???? ?????"""
883073,I learned ???? for at least 15 minutes
883074,I davened my ???? quota with a ????
883075,I davened my ????? quota
883076,I participated in ???? ??? ??????
883077,I shook the ???? and ????? before eating
883078,"I davened my ?????, ????, & ??? quotas with a ????"
883079,I had a Rev'iis of grape juice
883080,"I ate & drank in the ???? and said ""???? ?????"""
883081,I learned ???? for at least 15 minutes
883082,I davened my ???? quota with a ????
883083,I davened my ????? quota
883084,I participated in ???? ??? ??????
883085,I shook the ???? and ????? before eating
883086,"I davened my ?????, ????, & ??? quotas with a ????"
883087,I had a Rev'iis of grape juice
883088,"I ate & drank in the ???? and said ""???? ?????"""
883089,I learned ???? for at least 15 minutes
883090,I davened my ???? quota with a ????
883091,I davened my ????? quota
883092,I participated in ???? ??? ??????
883093,I stayed up at night and said ?????
883094,I shook the ???? and ????? before eating
883095,"I davened my ?????, ????, & ??? quotas with a ????"
883096,I had a Rev'iis of grape juice
883097,"I ate & drank in the ???? and said ""???? ?????"""
883098,I learned ???? for at least 15 minutes
883099,"I ate ?????? and ""klapped Hoshanas"""
883100,I helped prepare for ??? ???
883101,"I reminded all the girls in my family to give ???? and light candles using their own candlesticks, and in their ??? clothing"
883102,I went to ??? and davened my ???? and ????? quotas nicely
883103,I participated in ????? and said ??? ????
883104,I went to ??? and davened my ????? and ???? quotas nicely
883105,I followed ????? ????? inside
883106,I went under the ???? for Duchening
883107,"I started saying ""???? ???? ?????? ????"""
883108,I ate and drank in the ????
883109,"I helped set up, serve, or clean up by any meal"
883110,I said a ??? ???? during any meal
883111,I went to ??? and davened my ???? & ????? quotas nicely
883112,I participated in ????? and said ??? ????
883113,I went to ??? and davened my ????? and ???? quotas nicely
883114,I went under the ???? for Duchening
883115,I had an ???-? with all the kinderlach
883116,"I said ""??? ??? ??????"" after we finished reading the whole ????"
883117,I participated in ????? and said ??? ????
883118,I followed along by ????? ?????
883119,"I helped set up, serve, or clean up by any meal"
883120,I said a ??? ???? during any meal
883121,I did something special on ??? ?????? because this ??? will affect my whole year.
883122,I did Kapparos (anytime before ??? ?????)
883123,I went to the ????
883124,I asked my friends for forgiveness
883125,I asked for Lekach- honey cake
883126,I gave extra ????
883127,I ate the first ????? (with kreplach)
883128,"I got ????? and said ""???? ????"""
883129,I davened my ???? quota with ?? ???
883130,I ate the ????? ??????
883131,I received a ???? ?????
883132,"I reminded all the girls in my family to give ???? and light candles using their own candlesticks, and in their ??? clothing"
883133,I went to ??? for ?? ???? and davened my quota nicely
883134,I said extra ?????? after ?????
883135,I fasted part of the day
883136,I behaved extra well because my parents were fasting
883137,I went to ??? and davened my ????? quota nicely
883138,I followed ????? ????? inside
883139,I davened my ???? quota nicely
883140,"I bowed down for ""Koyrim"""
883141,I went under the ???? for duchening
883142,I listened to ????? ????? & ????? ????
883143,I davened my ???? & ????? quotas nicely
883144,"I said "" ...???, ???? ??, ?' ???"" out loud"
883145,"I heard the ???? and said ""???? ??? ????????"""
883146,I spoke about or helped build the ???? on ????? ??? ?????
883147,I helped prepare for ??? ???
883148,"I reminded all the girls in my family to give ???? and light candles using their own candlesticks, and in their ??? clothing"
883149,I went to ??? and davened my ????? quota nicely
883150,"I ate & drank in the ???? and said ""???? ?????"""
883151,I said a ??? ???? during any meal
883152,I shook ???? and ????? before eating
883153,I went to ??? and davened my ????? and ???? quotas nicely
883154,I followed along by ????? ?????
883155,I went under the ???? for Duchening
883156,I went to ??? & davened my ???? quota nicely
883157,I davened my ????? quota nicely
883158,I shook ???? and ????? before eating
883159,I went to ??? and davened my ????? and ???? quotas nicely
883160,I followed along by ????? ?????
883161,I went under a ???? for Duchening
883162,"I ate & drank in the ???? and said ""???? ?????"""
883163,"I helped set up, serve, or clean up by any meal"
883164,I said a ??? ???? during any meal
883165,I went to ??? & davened my ???? & ????? quotas nicely
883166,"I davened my ?????, ????, & ??? quotas with a ????"
883167,I had a Rev'iis of grape juice
883168,"I ate & drank in the ???? and said ""???? ?????"""
883169,I learned ???? for at least 15 minutes
883170,I davened my ???? quota with a ????
883171,I davened my ????? quota
883172,I participated in ???? ??? ??????
883173,I shook the ???? and ????? before eating
883174,"I davened my ?????, ????, & ??? quotas with a ????"
883175,I had a Rev'iis of grape juice
883176,"I ate & drank in the ???? and said ""???? ?????"""
883177,I learned ???? for at least 15 minutes
883178,I davened my ???? quota with a ????
883179,I davened my ????? quota
883180,I participated in ???? ??? ??????
883181,I shook the ???? and ????? before eating
883182,"I davened my ?????, ????, & ??? quotas with a ????"
883183,I had a Rev'iis of grape juice
883184,"I ate & drank in the ???? and said ""???? ?????"""
883185,I learned ???? for at least 15 minutes
883186,I davened my ???? quota with a ????
883187,I davened my ????? quota
883188,I participated in ???? ??? ??????
883189,I shook the ???? and ????? before eating
883190,"I davened my ?????, ????, & ??? quotas with a ????"
883191,I had a Rev'iis of grape juice
883192,"I ate & drank in the ???? and said ""???? ?????"""
883193,I learned ???? for at least 15 minutes
883194,I davened my ???? quota with a ????
883195,I davened my ????? quota
883196,I participated in ???? ??? ??????
883197,I stayed up at night and said ?????
883198,I shook the ???? and ????? before eating
883199,"I davened my ?????, ????, & ??? quotas with a ????"
883200,I had a Rev'iis of grape juice
883201,"I ate & drank in the ???? and said ""???? ?????"""
883202,I learned ???? for at least 15 minutes
883203,"I ate ?????? and ""klapped Hoshanas"""
883204,I helped prepare for ??? ???
883205,"I reminded all the girls in my family to give ???? and light candles using their own candlesticks, and in their ??? clothing"
883206,I went to ??? and davened my ???? and ????? quotas nicely
883207,I participated in ????? and said ??? ????
883208,I went to ??? and davened my ????? and ???? quotas nicely
883209,I followed ????? ????? inside
883210,I went under the ???? for Duchening
883211,"I started saying ""???? ???? ?????? ????"""
883212,I ate and drank in the ????
883213,"I helped set up, serve, or clean up by any meal"
883214,I said a ??? ???? during any meal
883215,I went to ??? and davened my ???? & ????? quotas nicely
883216,I participated in ????? and said ??? ????
883217,I went to ??? and davened my ????? and ???? quotas nicely
883218,I went under the ???? for Duchening
883219,I had an ???-? with all the kinderlach
883220,"I said ""??? ??? ??????"" after we finished reading the whole ????"
883221,I participated in ????? and said ??? ????
883222,I followed along by ????? ?????
883223,"I helped set up, serve, or clean up by any meal"
883224,I said a ??? ???? during any meal
883225,I did something special on ??? ?????? because this ??? will affect my whole year.
883226,I did Kapparos (anytime before ??? ?????)
883228,I asked my friends for forgiveness
883229,I asked for Lekach- honey cake
883230,I gave extra ????
883231,I ate the first ????? (with kreplach)
883233,I davened my ???? quota with ?? ???
883234,I ate the ????? ??????
883235,I received a ???? ?????
883236,I lit candles and gave tzedokah using my OWN candlesticks and pushkas in my Shabbos clothing
883237,I went to ??? for ?? ???? and davened my quota nicely
883238,I said extra ?????? after ?????
883239,I fasted part of the day
883240,I behaved extra well because my parents were fasting
883241,I went to ??? and davened my ????? quota nicely
883242,I followed ????? ????? inside
883243,I davened my ???? quota nicely
883245,I listened to ???? ?????
883246,I listened to ????? ????? & ????? ????
883247,I davened my ???? & ????? quotas nicely
883248,"I said "" ...???, ???? ??, ?' ???"" out loud"
883249,"I heard the ???? and said ""???? ??? ????????"""
883251,I helped prepare for ??? ???
883252,"I gave ???? and lit candles using my own candlesticks, and in my ??? clothing"
883253,I davened my ????? quota nicely
883254,"I ate & drank in the ???? and said ""???? ?????"""
883255,I said a ??? ???? during any meal
883256,I shook ???? and ????? before eating
883257,I went to ??? and davened my ????? and ???? quotas nicely
883258,I followed along by ????? ?????
883259,I listened to ???? ?????
883260,I davened my ???? quota nicely
883261,I davened my ????? quota nicely
883262,I shook ???? and ????? before eating
883263,I went to ??? and davened my ????? and ???? quotas nicely
883264,I followed along by ????? ?????
883265,I listened to ???? ?????
883266,"I ate & drank in the ???? and said ""???? ?????"""
883267,"I helped set up, serve, or clean up by any meal"
883268,I said a ??? ???? during any meal
883269,I went to ??? & davened my ???? & ????? quotas nicely
883270,"I davened my ?????, ????, & ??? quotas with a ????"
883272,"I ate & drank in the ???? and said ""???? ?????"""
883273,I learned ???? for at least 15 minutes
883274,I davened my ???? quota with a ????
883275,I davened my ????? quota
883276,I participated in ???? ??? ??????
883277,I shook the ???? and ????? before eating
883278,"I davened my ?????, ????, & ??? quotas"
883280,"I ate & drank in the ???? and said ""???? ?????"""
883281,I learned ???? for at least 15 minutes
883282,I davened my ???? quota nicely
883283,I davened my ????? quota
883284,I participated in ???? ??? ??????
883285,I shook the ???? and ????? before eating
883286,"I davened my ?????, ????, & ??? quotas"
883288,"I ate & drank in the ???? and said ""???? ?????"""
883289,I learned ???? for at least 15 minutes
883290,I davened my ???? quota nicely
883291,I davened my ????? quota
883292,I participated in ???? ??? ??????
883293,I shook the ???? and ????? before eating
883294,"I davened my ?????, ????, & ??? quotas"
883296,"I ate & drank in the ???? and said ""???? ?????"""
883297,I learned ???? for at least 15 minutes
883298,I davened my ???? quota nicely
883299,I davened my ????? quota
883300,I participated in ???? ??? ??????
883302,I shook the ???? and ????? before eating
883303,"I davened my ?????, ????, & ??? quotas"
883305,"I ate & drank in the ???? and said ""???? ?????"""
883306,I learned ???? for at least 15 minutes
883307,"I ate ?????? and ""klapped Hoshanas"""
883308,I helped prepare for ??? ???
883309,"I gave ???? and lit candles using my own candlesticks, and in my ??? clothing"
883310,I davened my ???? and ????? quotas nicely
883311,I participated in ????? and said ??? ????
883312,I davened my ????? and ???? quotas nicely
883313,I followed ????? ????? inside
883314,I listened to ???? ?????
883315,"I started saying ""???? ???? ?????? ????"""
883316,I ate and drank in the ????
883317,"I helped set up, serve, or clean up by any meal"
883318,I said a ??? ???? during any meal
883319,I davened my ???? & ????? quotas nicely
883320,I participated in ????? and said ??? ????
883321,I davened my ????? and ???? quotas nicely
883322,I listened to a ??? ????-? Sicha 
883324,"I said ""??? ??? ??????"" after we finished reading the whole ????"
883325,I participated in ????? and said ??? ????
883326,I followed along by ????? ?????
883327,"I helped set up, serve, or clean up by any meal"
883328,I said a ??? ???? during any meal
883329,I did something special on ??? ?????? because this ??? will affect my whole year.
884434,I did Kapparos (anytime before ??? ?????)
884435,I asked my friends for forgiveness
884436,I asked for Lekach- honey cake
884437,I gave extra ????
884438,I ate the first ????? (with kreplach)
884440,I ate the ????? ??????
884441,I received a ???? ?????
884442,"I gave ???? and lit candles using my own candlesticks, and in my ??? clothing"
884443,I went to ??? and davened my quota of ?? ????
884444,I said extra ?????? after ?????
884445,I fasted part of the day
884446,I behaved extra well because my parents were fasting
884447,I went to ??? and davened my ????? quota nicely
884450,I listened to ???? ?????
884453,"I said "" ...???, ???? ??, ?' ???"" out loud"
884454,"I heard the ???? and said ""???? ??? ????????"""
884455,I helped prepare for ??? ???
884456,"I gave ???? and lit candles using my own candlesticks, and in my ??? clothing"
884457,I davened my ????? quota nicely
884458,"I ate & drank in the ???? and said ""???? ?????"""
884459,I said or heard a ??? ???? during any meal
884460,I shook ???? and ?????
884461,I went to ??? and davened my ????? and ???? quotas nicely
884463,I listened to ???? ?????
884466,I shook ???? and ?????
884467,I went to ??? and davened my ????? and ???? quotas nicely
884469,I listened to ???? ?????
884470,"I ate & drank in the ???? and said ""???? ?????"""
884471,"I helped set up, serve, or clean up by any meal"
884472,I said or heard a ??? ???? during any meal
884474,"I davened my ?????, ????, & ??? quotas"
884475,"I made a ""???? ?????"" in the ????"
884476,I learned ???? for at least 10 minutes
884479,I participated in ???? ??? ??????
884480,I shook the ???? and ?????
884481,"I davened my ?????, ????, & ??? quotas"
884482,"I made a ""???? ?????"" in the ????"
884483,I learned ???? for at least 10 minutes
884486,I participated in ???? ??? ??????
884487,I shook the ???? and ?????
884488,"I davened my ?????, ????, & ??? quotas"
884489,"I made a ""???? ?????"" in the ????"
884490,I learned ???? for at least 10 minutes
884493,I participated in ???? ??? ??????
884494,I shook the ???? and ?????
884495,"I davened my ?????, ????, & ??? quotas"
884496,"I made a ""???? ?????"" in the ????"
884497,I learned ???? for at least 10 minutes
884500,I participated in ???? ??? ??????
884501,I shook the ???? and ?????
884502,"I davened my ?????, ????, & ??? quotas nicely"
884503,"I made a ""???? ?????"" in the ????"
884504,I learned ???? for at least 10 minutes
884505,"I ate ?????? and ""klapped Hoshanas"""
884506,I helped prepare for ??? ???
884507,"I gave ???? and lit candles using my own candlesticks, and in my ??? clothing"
884508,I went to ??? and davened my ???? and ????? quotas nicely
884510,I went to ??? and davened my ????? and ???? quotas nicely
884512,I listened to ???? ?????
884513,"I started saying ""???? ???? ?????? ????"""
884515,"I helped set up, serve, or clean up by any meal"
884516,I said or heard a ??? ???? during any meal
884517,I lit ??? candles using my own candlesticks and in my ??? clothing
884518,I went to ????? and said ??? ????
884519,I went to ??? and davened my ????? and ???? quotas nicely
884520,I listened to ???? ?????
884521,"I said ""??? ??? ??????"" after we finished reading the whole ????"
884522,I went to ?????
884524,"I helped set up, serve, or clean up by any meal"
884525,I said or heard a ??? ???? during any meal
884526,I did something special on ??? ?????? because this ??? will affect my whole year.
884647,I spoke about or helped build the ???? on ????? ??? ?????
884768,"I gave ???? and lit candles using my own candlesticks, and in my ??? clothing"
884769,"I lit ??? candles before the ??? using my own candlesticks, and in my ??? clothing"
884770,I went to a Shiur on ??? ?????? and extended Yom Tov into the week.
884771,I did Kapparos (anytime before ??? ?????)
884772,I asked my friends for forgiveness
884773,I asked for Lekach- honey cake
884774,I gave extra ????
884775,I ate the first ????? (with kreplach)
884776,I ate the ????? ??????
884777,I received a ???? ?????
884778,"I gave ???? and lit candles using my own candlesticks, and in my ??? clothing"
884779,I went to ??? and davened my quota of ?? ????
884780,I said extra ?????? after ?????
884781,I fasted part of the day
884782,I behaved extra well because my parents were fasting
884783,I went to ??? and davened my ????? quota nicely
884784,I listened to ???? ?????
884785,"I said "" ...???, ???? ??, ?' ???"" out loud"
884786,"I heard the ???? and said ""???? ??? ????????"""
884787,I spoke about or helped build the ???? on ????? ??? ?????
884788,I helped prepare for ??? ???
884789,"I gave ???? and lit candles using my own candlesticks, and in my ??? clothing"
884790,I davened my ????? quota nicely
884791,"I ate & drank in the ???? and said ""???? ?????"""
884792,I said or heard a ??? ???? during any meal
884793,I shook ???? and ?????
884794,I went to ??? and davened my ????? and ???? quotas nicely
884795,I listened to ???? ?????
884796,"I gave ???? and lit candles using my own candlesticks, and in my ??? clothing"
884797,I shook ???? and ?????
884798,I went to ??? and davened my ????? and ???? quotas nicely
884799,I listened to ???? ?????
884800,"I ate & drank in the ???? and said ""???? ?????"""
884801,"I helped set up, serve, or clean up by any meal"
884802,I said or heard a ??? ???? during any meal
884803,"I davened my ?????, ????, & ??? quotas"
884804,"I made a ""???? ?????"" in the ????"
884805,I learned ???? for at least 10 minutes
884806,I participated in ???? ??? ??????
884807,I shook the ???? and ?????
884808,"I davened my ?????, ????, & ??? quotas"
884809,"I made a ""???? ?????"" in the ????"
884810,I learned ???? for at least 10 minutes
884811,I participated in ???? ??? ??????
884812,I shook the ???? and ?????
884813,"I davened my ?????, ????, & ??? quotas"
884814,"I made a ""???? ?????"" in the ????"
884815,I learned ???? for at least 10 minutes
884816,I participated in ???? ??? ??????
884817,I shook the ???? and ?????
884818,"I davened my ?????, ????, & ??? quotas"
884819,"I made a ""???? ?????"" in the ????"
884820,I learned ???? for at least 10 minutes
884821,I participated in ???? ??? ??????
884822,I shook the ???? and ?????
884823,"I davened my ?????, ????, & ??? quotas nicely"
884824,"I made a ""???? ?????"" in the ????"
884825,I learned ???? for at least 10 minutes
884826,"I ate ?????? and ""klapped Hoshanas"""
884827,I helped prepare for ??? ???
884828,"I gave ???? and lit candles using my own candlesticks, and in my ??? clothing"
884829,I went to ??? and davened my ???? and ????? quotas nicely
884830,I went to ??? and davened my ????? and ???? quotas nicely
884831,I listened to ???? ?????
884832,"I started saying ""???? ???? ?????? ????"""
884833,"I helped set up, serve, or clean up by any meal"
884834,I said or heard a ??? ???? during any meal
884835,I lit ??? candles using my own candlesticks and in my ??? clothing
884836,I went to ????? and said ??? ????
884837,I went to ??? and davened my ????? and ???? quotas nicely
884838,I listened to ???? ?????
884839,"I said ""??? ??? ??????"" after we finished reading the whole ????"
884840,I went to ?????
884841,"I helped set up, serve, or clean up by any meal"
884842,I said or heard a ??? ???? during any meal
884843,"I lit ??? candles before the ??? using my own candlesticks, and in my ??? clothing"
884844,I went to a Shiur on ??? ?????? and extended Yom Tov into the week.
884845,I did something special on ??? ?????? because this ??? will affect my whole year.
884846,I did Kapparos (anytime before ??? ?????)
884847,I asked my friends for forgiveness
884848,I asked for Lekach- honey cake
884849,I gave extra ????
884850,I ate the first ????? (with kreplach)
884851,I ate the ????? ??????
884852,I received a ???? ?????
884853,"I gave ???? and lit candles using my own candlesticks, and in my ??? clothing"
884854,I went to ??? and davened my quota of ?? ????
884855,I said extra ?????? after ?????
884856,I fasted part of the day
884857,I behaved extra well because my parents were fasting
884858,I went to ??? and davened my ????? quota nicely
884859,I listened to ???? ?????
884860,"I said "" ...???, ???? ??, ?' ???"" out loud"
884861,"I heard the ???? and said ""???? ??? ????????"""
884862,I spoke about or helped build the ???? on ????? ??? ?????
884863,I helped prepare for ??? ???
884864,"I gave ???? and lit candles using my own candlesticks, and in my ??? clothing"
884865,I davened my ????? quota nicely
884866,"I ate & drank in the ???? and said ""???? ?????"""
884867,I said or heard a ??? ???? during any meal
884868,I shook ???? and ?????
884869,I went to ??? and davened my ????? and ???? quotas nicely
884870,I listened to ???? ?????
884871,"I gave ???? and lit candles using my own candlesticks, and in my ??? clothing"
884872,I shook ???? and ?????
884873,I went to ??? and davened my ????? and ???? quotas nicely
884874,I listened to ???? ?????
884875,"I ate & drank in the ???? and said ""???? ?????"""
884876,"I helped set up, serve, or clean up by any meal"
884877,I said or heard a ??? ???? during any meal
884878,"I davened my ?????, ????, & ??? quotas"
884879,"I made a ""???? ?????"" in the ????"
884880,I learned ???? for at least 10 minutes
884881,I participated in ???? ??? ??????
884882,I shook the ???? and ?????
884883,"I davened my ?????, ????, & ??? quotas"
884884,"I made a ""???? ?????"" in the ????"
884885,I learned ???? for at least 10 minutes
884886,I participated in ???? ??? ??????
884887,I shook the ???? and ?????
884888,"I davened my ?????, ????, & ??? quotas"
884889,"I made a ""???? ?????"" in the ????"
884890,I learned ???? for at least 10 minutes
884891,I participated in ???? ??? ??????
884892,I shook the ???? and ?????
884893,"I davened my ?????, ????, & ??? quotas"
884894,"I made a ""???? ?????"" in the ????"
884895,I learned ???? for at least 10 minutes
884896,I participated in ???? ??? ??????
884897,I shook the ???? and ?????
884898,"I davened my ?????, ????, & ??? quotas nicely"
884899,"I made a ""???? ?????"" in the ????"
884900,I learned ???? for at least 10 minutes
884901,"I ate ?????? and ""klapped Hoshanas"""
884902,I helped prepare for ??? ???
884903,"I gave ???? and lit candles using my own candlesticks, and in my ??? clothing"
884904,I went to ??? and davened my ???? and ????? quotas nicely
884905,I went to ??? and davened my ????? and ???? quotas nicely
884906,I listened to ???? ?????
884907,"I started saying ""???? ???? ?????? ????"""
884908,"I helped set up, serve, or clean up by any meal"
884909,I said or heard a ??? ???? during any meal
884910,I lit ??? candles using my own candlesticks and in my ??? clothing
884911,I went to ????? and said ??? ????
884912,I went to ??? and davened my ????? and ???? quotas nicely
884913,I listened to ???? ?????
884914,"I said ""??? ??? ??????"" after we finished reading the whole ????"
884915,I went to ?????
884916,"I helped set up, serve, or clean up by any meal"
884917,I said or heard a ??? ???? during any meal
884918,"I lit ??? candles before the ??? using my own candlesticks, and in my ??? clothing"
884919,I went to a Shiur on ??? ?????? and extended Yom Tov into the week.
884920,I did something special on ??? ?????? because this ??? will affect my whole year.
884921,I did Kapparos (anytime before ??? ?????)
884922,I asked my friends for forgiveness
884923,I asked for Lekach- honey cake
884924,I gave extra ????
884925,I ate the first ????? (with kreplach)
884926,I ate the ????? ??????
884927,I received a ???? ?????
884928,"I gave ???? and lit candles using my own candlesticks, and in my ??? clothing"
884929,I went to ??? and davened my quota of ?? ????
884930,I said extra ?????? after ?????
884931,I fasted part of the day
884932,I behaved extra well because my parents were fasting
884933,I went to ??? and davened my ????? quota nicely
884934,I listened to ???? ?????
884935,"I said "" ...???, ???? ??, ?' ???"" out loud"
884936,"I heard the ???? and said ""???? ??? ????????"""
884937,I spoke about or helped build the ???? on ????? ??? ?????
884938,I helped prepare for ??? ???
884939,"I gave ???? and lit candles using my own candlesticks, and in my ??? clothing"
884940,I davened my ????? quota nicely
884941,"I ate & drank in the ???? and said ""???? ?????"""
884942,I said or heard a ??? ???? during any meal
884943,I shook ???? and ?????
884944,I went to ??? and davened my ????? and ???? quotas nicely
884945,I listened to ???? ?????
884946,"I gave ???? and lit candles using my own candlesticks, and in my ??? clothing"
884947,I shook ???? and ?????
884948,I went to ??? and davened my ????? and ???? quotas nicely
884949,I listened to ???? ?????
884950,"I ate & drank in the ???? and said ""???? ?????"""
884951,"I helped set up, serve, or clean up by any meal"
884952,I said or heard a ??? ???? during any meal
884953,"I davened my ?????, ????, & ??? quotas"
884954,"I made a ""???? ?????"" in the ????"
884955,I learned ???? for at least 10 minutes
884956,I participated in ???? ??? ??????
884957,I shook the ???? and ?????
884958,"I davened my ?????, ????, & ??? quotas"
884959,"I made a ""???? ?????"" in the ????"
884960,I learned ???? for at least 10 minutes
884961,I participated in ???? ??? ??????
884962,I shook the ???? and ?????
884963,"I davened my ?????, ????, & ??? quotas"
884964,"I made a ""???? ?????"" in the ????"
884965,I learned ???? for at least 10 minutes
884966,I participated in ???? ??? ??????
884967,I shook the ???? and ?????
884968,"I davened my ?????, ????, & ??? quotas"
884969,"I made a ""???? ?????"" in the ????"
884970,I learned ???? for at least 10 minutes
884971,I participated in ???? ??? ??????
884972,I shook the ???? and ?????
884973,"I davened my ?????, ????, & ??? quotas nicely"
884974,"I made a ""???? ?????"" in the ????"
884975,I learned ???? for at least 10 minutes
884976,"I ate ?????? and ""klapped Hoshanas"""
884977,I helped prepare for ??? ???
884978,"I gave ???? and lit candles using my own candlesticks, and in my ??? clothing"
884979,I went to ??? and davened my ???? and ????? quotas nicely
884980,I went to ??? and davened my ????? and ???? quotas nicely
884981,I listened to ???? ?????
884982,"I started saying ""???? ???? ?????? ????"""
884983,"I helped set up, serve, or clean up by any meal"
884984,I said or heard a ??? ???? during any meal
884985,I lit ??? candles using my own candlesticks and in my ??? clothing
884986,I went to ????? and said ??? ????
884987,I went to ??? and davened my ????? and ???? quotas nicely
884988,I listened to ???? ?????
884989,"I said ""??? ??? ??????"" after we finished reading the whole ????"
884990,I went to ?????
884991,"I helped set up, serve, or clean up by any meal"
884992,I said or heard a ??? ???? during any meal
884993,"I lit ??? candles before the ??? using my own candlesticks, and in my ??? clothing"
884994,I went to a Shiur on ??? ?????? and extended Yom Tov into the week.
884995,I did something special on ??? ?????? because this ??? will affect my whole year.
884996,I did Kapparos (anytime before ??? ?????)
884997,I asked my friends for forgiveness
884998,I asked for Lekach- honey cake
884999,I gave extra ????
885000,I ate the first ????? (with kreplach)
885001,I ate the ????? ??????
885002,I received a ???? ?????
885003,"I gave ???? and lit candles using my own candlesticks, and in my ??? clothing"
885004,I went to ??? and davened my quota of ?? ????
885005,I said extra ?????? after ?????
885006,I fasted part of the day
885007,I behaved extra well because my parents were fasting
885008,I went to ??? and davened my ????? quota nicely
885009,I listened to ???? ?????
885010,"I said "" ...???, ???? ??, ?' ???"" out loud"
885011,"I heard the ???? and said ""???? ??? ????????"""
885012,I spoke about or helped build the ???? on ????? ??? ?????
885013,I helped prepare for ??? ???
885014,"I gave ???? and lit candles using my own candlesticks, and in my ??? clothing"
885015,I davened my ????? quota nicely
885016,"I ate & drank in the ???? and said ""???? ?????"""
885017,I said or heard a ??? ???? during any meal
885018,I shook ???? and ?????
885019,I went to ??? and davened my ????? and ???? quotas nicely
885020,I listened to ???? ?????
885021,"I gave ???? and lit candles using my own candlesticks, and in my ??? clothing"
885022,I shook ???? and ?????
885023,I went to ??? and davened my ????? and ???? quotas nicely
885024,I listened to ???? ?????
885025,"I ate & drank in the ???? and said ""???? ?????"""
885026,"I helped set up, serve, or clean up by any meal"
885027,I said or heard a ??? ???? during any meal
885028,"I davened my ?????, ????, & ??? quotas"
885029,"I made a ""???? ?????"" in the ????"
885030,I learned ???? for at least 10 minutes
885031,I participated in ???? ??? ??????
885032,I shook the ???? and ?????
885033,"I davened my ?????, ????, & ??? quotas"
885034,"I made a ""???? ?????"" in the ????"
885035,I learned ???? for at least 10 minutes
885036,I participated in ???? ??? ??????
885037,I shook the ???? and ?????
885038,"I davened my ?????, ????, & ??? quotas"
885039,"I made a ""???? ?????"" in the ????"
885040,I learned ???? for at least 10 minutes
885041,I participated in ???? ??? ??????
885042,I shook the ???? and ?????
885043,"I davened my ?????, ????, & ??? quotas"
885044,"I made a ""???? ?????"" in the ????"
885045,I learned ???? for at least 10 minutes
885046,I participated in ???? ??? ??????
885047,I shook the ???? and ?????
885048,"I davened my ?????, ????, & ??? quotas nicely"
885049,"I made a ""???? ?????"" in the ????"
885050,I learned ???? for at least 10 minutes
885051,"I ate ?????? and ""klapped Hoshanas"""
885052,I helped prepare for ??? ???
885053,"I gave ???? and lit candles using my own candlesticks, and in my ??? clothing"
885054,I went to ??? and davened my ???? and ????? quotas nicely
885055,I went to ??? and davened my ????? and ???? quotas nicely
885056,I listened to ???? ?????
885057,"I started saying ""???? ???? ?????? ????"""
885058,"I helped set up, serve, or clean up by any meal"
885059,I said or heard a ??? ???? during any meal
885060,I lit ??? candles using my own candlesticks and in my ??? clothing
885061,I went to ????? and said ??? ????
885062,I went to ??? and davened my ????? and ???? quotas nicely
885063,I listened to ???? ?????
885064,"I said ""??? ??? ??????"" after we finished reading the whole ????"
885065,I went to ?????
885066,"I helped set up, serve, or clean up by any meal"
885067,I said or heard a ??? ???? during any meal
885068,"I lit ??? candles before the ??? using my own candlesticks, and in my ??? clothing"
885069,I went to a Shiur on ??? ?????? and extended Yom Tov into the week.
885070,I did something special on ??? ?????? because this ??? will affect my whole year.
885071,I did Kapparos (anytime before ??? ?????)
885072,I asked my friends for forgiveness
885073,I asked for Lekach- honey cake
885074,I gave extra ????
885075,I ate the first ????? (with kreplach)
885076,I ate the ????? ??????
885077,I received a ???? ?????
885078,"I gave ???? and lit candles using my own candlesticks, and in my ??? clothing"
885079,I went to ??? and davened my quota of ?? ????
885080,I said extra ?????? after ?????
885081,I fasted part of the day
885082,I behaved extra well because my parents were fasting
885083,I went to ??? and davened my ????? quota nicely
885084,I listened to ???? ?????
885085,"I said "" ...???, ???? ??, ?' ???"" out loud"
885086,"I heard the ???? and said ""???? ??? ????????"""
885087,I spoke about or helped build the ???? on ????? ??? ?????
885088,I helped prepare for ??? ???
885089,"I gave ???? and lit candles using my own candlesticks, and in my ??? clothing"
885090,I davened my ????? quota nicely
885091,"I ate & drank in the ???? and said ""???? ?????"""
885092,I said or heard a ??? ???? during any meal
885093,I shook ???? and ?????
885094,I went to ??? and davened my ????? and ???? quotas nicely
885095,I listened to ???? ?????
885096,"I gave ???? and lit candles using my own candlesticks, and in my ??? clothing"
885097,I shook ???? and ?????
885098,I went to ??? and davened my ????? and ???? quotas nicely
885099,I listened to ???? ?????
885100,"I ate & drank in the ???? and said ""???? ?????"""
885101,"I helped set up, serve, or clean up by any meal"
885102,I said or heard a ??? ???? during any meal
885103,"I davened my ?????, ????, & ??? quotas"
885104,"I made a ""???? ?????"" in the ????"
885105,I learned ???? for at least 10 minutes
885106,I participated in ???? ??? ??????
885107,I shook the ???? and ?????
885108,"I davened my ?????, ????, & ??? quotas"
885109,"I made a ""???? ?????"" in the ????"
885110,I learned ???? for at least 10 minutes
885111,I participated in ???? ??? ??????
885112,I shook the ???? and ?????
885113,"I davened my ?????, ????, & ??? quotas"
885114,"I made a ""???? ?????"" in the ????"
885115,I learned ???? for at least 10 minutes
885116,I participated in ???? ??? ??????
885117,I shook the ???? and ?????
885118,"I davened my ?????, ????, & ??? quotas"
885119,"I made a ""???? ?????"" in the ????"
885120,I learned ???? for at least 10 minutes
885121,I participated in ???? ??? ??????
885122,I shook the ???? and ?????
885123,"I davened my ?????, ????, & ??? quotas nicely"
885124,"I made a ""???? ?????"" in the ????"
885125,I learned ???? for at least 10 minutes
885126,"I ate ?????? and ""klapped Hoshanas"""
885127,I helped prepare for ??? ???
885128,"I gave ???? and lit candles using my own candlesticks, and in my ??? clothing"
885129,I went to ??? and davened my ???? and ????? quotas nicely
885130,I went to ??? and davened my ????? and ???? quotas nicely
885131,I listened to ???? ?????
885132,"I started saying ""???? ???? ?????? ????"""
885133,"I helped set up, serve, or clean up by any meal"
885134,I said or heard a ??? ???? during any meal
885135,I lit ??? candles using my own candlesticks and in my ??? clothing
885136,I went to ????? and said ??? ????
885137,I went to ??? and davened my ????? and ???? quotas nicely
885138,I listened to ???? ?????
885139,"I said ""??? ??? ??????"" after we finished reading the whole ????"
885140,I went to ?????
885141,"I helped set up, serve, or clean up by any meal"
885142,I said or heard a ??? ???? during any meal
885143,"I lit ??? candles before the ??? using my own candlesticks, and in my ??? clothing"
885144,I went to a Shiur on ??? ?????? and extended Yom Tov into the week.
885145,I did something special on ??? ?????? because this ??? will affect my whole year.
885146,I did Kapparos (anytime before ??? ?????)
885147,I asked my friends for forgiveness
885148,I asked for Lekach- honey cake
885149,I gave extra ????
885150,I ate the first ????? (with kreplach)
885151,I ate the ????? ??????
885152,I received a ???? ?????
885153,"I gave ???? and lit candles using my own candlesticks, and in my ??? clothing"
885154,I went to ??? and davened my quota of ?? ????
885155,I said extra ?????? after ?????
885156,I fasted part of the day
885157,I behaved extra well because my parents were fasting
885158,I went to ??? and davened my ????? quota nicely
885159,I listened to ???? ?????
885160,"I said "" ...???, ???? ??, ?' ???"" out loud"
885161,"I heard the ???? and said ""???? ??? ????????"""
885162,I spoke about or helped build the ???? on ????? ??? ?????
885163,I helped prepare for ??? ???
885164,"I gave ???? and lit candles using my own candlesticks, and in my ??? clothing"
885165,I davened my ????? quota nicely
885166,"I ate & drank in the ???? and said ""???? ?????"""
885167,I said or heard a ??? ???? during any meal
885168,I shook ???? and ?????
885169,I went to ??? and davened my ????? and ???? quotas nicely
885170,I listened to ???? ?????
885171,"I gave ???? and lit candles using my own candlesticks, and in my ??? clothing"
885172,I shook ???? and ?????
885173,I went to ??? and davened my ????? and ???? quotas nicely
885174,I listened to ???? ?????
885175,"I ate & drank in the ???? and said ""???? ?????"""
885176,"I helped set up, serve, or clean up by any meal"
885177,I said or heard a ??? ???? during any meal
885178,"I davened my ?????, ????, & ??? quotas"
885179,"I made a ""???? ?????"" in the ????"
885180,I learned ???? for at least 10 minutes
885181,I participated in ???? ??? ??????
885182,I shook the ???? and ?????
885183,"I davened my ?????, ????, & ??? quotas"
885184,"I made a ""???? ?????"" in the ????"
885185,I learned ???? for at least 10 minutes
885186,I participated in ???? ??? ??????
885187,I shook the ???? and ?????
885188,"I davened my ?????, ????, & ??? quotas"
885189,"I made a ""???? ?????"" in the ????"
885190,I learned ???? for at least 10 minutes
885191,I participated in ???? ??? ??????
885192,I shook the ???? and ?????
885193,"I davened my ?????, ????, & ??? quotas"
885194,"I made a ""???? ?????"" in the ????"
885195,I learned ???? for at least 10 minutes
885196,I participated in ???? ??? ??????
885197,I shook the ???? and ?????
885198,"I davened my ?????, ????, & ??? quotas nicely"
885199,"I made a ""???? ?????"" in the ????"
885200,I learned ???? for at least 10 minutes
885201,"I ate ?????? and ""klapped Hoshanas"""
885202,I helped prepare for ??? ???
885203,"I gave ???? and lit candles using my own candlesticks, and in my ??? clothing"
885204,I went to ??? and davened my ???? and ????? quotas nicely
885205,I went to ??? and davened my ????? and ???? quotas nicely
885206,I listened to ???? ?????
885207,"I started saying ""???? ???? ?????? ????"""
885208,"I helped set up, serve, or clean up by any meal"
885209,I said or heard a ??? ???? during any meal
885210,I lit ??? candles using my own candlesticks and in my ??? clothing
885211,I went to ????? and said ??? ????
885212,I went to ??? and davened my ????? and ???? quotas nicely
885213,I listened to ???? ?????
885214,"I said ""??? ??? ??????"" after we finished reading the whole ????"
885215,I went to ?????
885216,"I helped set up, serve, or clean up by any meal"
885217,I said or heard a ??? ???? during any meal
885218,"I lit ??? candles before the ??? using my own candlesticks, and in my ??? clothing"
885219,I went to a Shiur on ??? ?????? and extended Yom Tov into the week.
885220,I did something special on ??? ?????? because this ??? will affect my whole year.
885221,I did Kapparos (anytime before ??? ?????)
885222,I asked my friends for forgiveness
885223,I asked for Lekach- honey cake
885224,I gave extra ????
885225,I ate the first ????? (with kreplach)
885226,I ate the ????? ??????
885227,I received a ???? ?????
885228,"I gave ???? and lit candles using my own candlesticks, and in my ??? clothing"
885229,I went to ??? and davened my quota of ?? ????
885230,I said extra ?????? after ?????
885231,I fasted part of the day
885232,I behaved extra well because my parents were fasting
885233,I went to ??? and davened my ????? quota nicely
885234,I listened to ???? ?????
885235,"I said "" ...???, ???? ??, ?' ???"" out loud"
885236,"I heard the ???? and said ""???? ??? ????????"""
885237,I spoke about or helped build the ???? on ????? ??? ?????
885238,I helped prepare for ??? ???
885239,"I gave ???? and lit candles using my own candlesticks, and in my ??? clothing"
885240,I davened my ????? quota nicely
885241,"I ate & drank in the ???? and said ""???? ?????"""
885242,I said or heard a ??? ???? during any meal
885243,I shook ???? and ?????
885244,I went to ??? and davened my ????? and ???? quotas nicely
885245,I listened to ???? ?????
885246,"I gave ???? and lit candles using my own candlesticks, and in my ??? clothing"
885247,I shook ???? and ?????
885248,I went to ??? and davened my ????? and ???? quotas nicely
885249,I listened to ???? ?????
885250,"I ate & drank in the ???? and said ""???? ?????"""
885251,"I helped set up, serve, or clean up by any meal"
885252,I said or heard a ??? ???? during any meal
885253,"I davened my ?????, ????, & ??? quotas"
885254,"I made a ""???? ?????"" in the ????"
885255,I learned ???? for at least 10 minutes
885256,I participated in ???? ??? ??????
885257,I shook the ???? and ?????
885258,"I davened my ?????, ????, & ??? quotas"
885259,"I made a ""???? ?????"" in the ????"
885260,I learned ???? for at least 10 minutes
885261,I participated in ???? ??? ??????
885262,I shook the ???? and ?????
885263,"I davened my ?????, ????, & ??? quotas"
885264,"I made a ""???? ?????"" in the ????"
885265,I learned ???? for at least 10 minutes
885266,I participated in ???? ??? ??????
885267,I shook the ???? and ?????
885268,"I davened my ?????, ????, & ??? quotas"
885269,"I made a ""???? ?????"" in the ????"
885270,I learned ???? for at least 10 minutes
885271,I participated in ???? ??? ??????
885272,I shook the ???? and ?????
885273,"I davened my ?????, ????, & ??? quotas nicely"
885274,"I made a ""???? ?????"" in the ????"
885275,I learned ???? for at least 10 minutes
885276,"I ate ?????? and ""klapped Hoshanas"""
885277,I helped prepare for ??? ???
885278,"I gave ???? and lit candles using my own candlesticks, and in my ??? clothing"
885279,I went to ??? and davened my ???? and ????? quotas nicely
885280,I went to ??? and davened my ????? and ???? quotas nicely
885281,I listened to ???? ?????
885282,"I started saying ""???? ???? ?????? ????"""
885283,"I helped set up, serve, or clean up by any meal"
885284,I said or heard a ??? ???? during any meal
885285,I lit ??? candles using my own candlesticks and in my ??? clothing
885286,I went to ????? and said ??? ????
885287,I went to ??? and davened my ????? and ???? quotas nicely
885288,I listened to ???? ?????
885289,"I said ""??? ??? ??????"" after we finished reading the whole ????"
885290,I went to ?????
885291,"I helped set up, serve, or clean up by any meal"
885292,I said or heard a ??? ???? during any meal
885293,"I lit ??? candles before the ??? using my own candlesticks, and in my ??? clothing"
885294,I went to a Shiur on ??? ?????? and extended Yom Tov into the week.
885295,I did something special on ??? ?????? because this ??? will affect my whole year.
885296,I did Kapparos (anytime before ??? ?????)
885297,I asked my friends for forgiveness
885298,I asked for Lekach- honey cake
885299,I gave extra ????
885300,I ate the first ????? (with kreplach)
885301,I ate the ????? ??????
885302,I received a ???? ?????
885303,"I gave ???? and lit candles using my own candlesticks, and in my ??? clothing"
885304,I went to ??? and davened my quota of ?? ????
885305,I said extra ?????? after ?????
885306,I fasted part of the day
885307,I behaved extra well because my parents were fasting
885308,I went to ??? and davened my ????? quota nicely
885309,I listened to ???? ?????
885310,"I said "" ...???, ???? ??, ?' ???"" out loud"
885311,"I heard the ???? and said ""???? ??? ????????"""
885312,I spoke about or helped build the ???? on ????? ??? ?????
885313,I helped prepare for ??? ???
885314,"I gave ???? and lit candles using my own candlesticks, and in my ??? clothing"
885315,I davened my ????? quota nicely
885316,"I ate & drank in the ???? and said ""???? ?????"""
885317,I said or heard a ??? ???? during any meal
885318,I shook ???? and ?????
885319,I went to ??? and davened my ????? and ???? quotas nicely
885320,I listened to ???? ?????
885321,"I gave ???? and lit candles using my own candlesticks, and in my ??? clothing"
885322,I shook ???? and ?????
885323,I went to ??? and davened my ????? and ???? quotas nicely
885324,I listened to ???? ?????
885325,"I ate & drank in the ???? and said ""???? ?????"""
885326,"I helped set up, serve, or clean up by any meal"
885327,I said or heard a ??? ???? during any meal
885328,"I davened my ?????, ????, & ??? quotas"
885329,"I made a ""???? ?????"" in the ????"
885330,I learned ???? for at least 10 minutes
885331,I participated in ???? ??? ??????
885332,I shook the ???? and ?????
885333,"I davened my ?????, ????, & ??? quotas"
885334,"I made a ""???? ?????"" in the ????"
885335,I learned ???? for at least 10 minutes
885336,I participated in ???? ??? ??????
885337,I shook the ???? and ?????
885338,"I davened my ?????, ????, & ??? quotas"
885339,"I made a ""???? ?????"" in the ????"
885340,I learned ???? for at least 10 minutes
885341,I participated in ???? ??? ??????
885342,I shook the ???? and ?????
885343,"I davened my ?????, ????, & ??? quotas"
885344,"I made a ""???? ?????"" in the ????"
885345,I learned ???? for at least 10 minutes
885346,I participated in ???? ??? ??????
885347,I shook the ???? and ?????
885348,"I davened my ?????, ????, & ??? quotas nicely"
885349,"I made a ""???? ?????"" in the ????"
885350,I learned ???? for at least 10 minutes
885351,"I ate ?????? and ""klapped Hoshanas"""
885352,I helped prepare for ??? ???
885353,"I gave ???? and lit candles using my own candlesticks, and in my ??? clothing"
885354,I went to ??? and davened my ???? and ????? quotas nicely
885355,I went to ??? and davened my ????? and ???? quotas nicely
885356,I listened to ???? ?????
885357,"I started saying ""???? ???? ?????? ????"""
885358,"I helped set up, serve, or clean up by any meal"
885359,I said or heard a ??? ???? during any meal
885360,I lit ??? candles using my own candlesticks and in my ??? clothing
885361,I went to ????? and said ??? ????
885362,I went to ??? and davened my ????? and ???? quotas nicely
885363,I listened to ???? ?????
885364,"I said ""??? ??? ??????"" after we finished reading the whole ????"
885365,I went to ?????
885366,"I helped set up, serve, or clean up by any meal"
885367,I said or heard a ??? ???? during any meal
885368,"I lit ??? candles before the ??? using my own candlesticks, and in my ??? clothing"
885369,I went to a Shiur on ??? ?????? and extended Yom Tov into the week.
885370,I did something special on ??? ?????? because this ??? will affect my whole year.
885371,I did Kapparos (anytime before ??? ?????)
885372,I asked my friends for forgiveness
885373,I asked for Lekach- honey cake
885374,I gave extra ????
885375,I ate the first ????? (with kreplach)
885376,I davened my ???? quota with ?? ???
885377,I ate the ????? ??????
885378,I received a ???? ?????
885379,I lit candles and gave tzedokah using my OWN candlesticks and pushkas in my Shabbos clothing
885380,I went to ??? for ?? ???? and davened my quota nicely
885381,I said extra ?????? after ?????
885382,I fasted part of the day
885383,I behaved extra well because my parents were fasting
885384,I went to ??? and davened my ????? quota nicely
885385,I followed ????? ????? inside
885386,I davened my ???? quota nicely
885387,I listened to ???? ?????
885388,I listened to ????? ????? & ????? ????
885389,I davened my ???? & ????? quotas nicely
885390,"I said "" ...???, ???? ??, ?' ???"" out loud"
885391,"I heard the ???? and said ""???? ??? ????????"""
885392,I helped prepare for ??? ???
885393,"I gave ???? and lit candles using my own candlesticks, and in my ??? clothing"
885394,I davened my ????? quota nicely
885395,"I ate & drank in the ???? and said ""???? ?????"""
885396,I said a ??? ???? during any meal
885397,I shook ???? and ????? before eating
885398,I went to ??? and davened my ????? and ???? quotas nicely
885399,I followed along by ????? ?????
885400,I listened to ???? ?????
885401,I davened my ???? quota nicely
885402,I davened my ????? quota nicely
885403,I shook ???? and ????? before eating
885404,I went to ??? and davened my ????? and ???? quotas nicely
885405,I followed along by ????? ?????
885406,I listened to ???? ?????
885407,"I ate & drank in the ???? and said ""???? ?????"""
885408,"I helped set up, serve, or clean up by any meal"
885409,I said a ??? ???? during any meal
885410,I went to ??? & davened my ???? & ????? quotas nicely
885411,"I davened my ?????, ????, & ??? quotas with a ????"
885412,"I ate & drank in the ???? and said ""???? ?????"""
885413,I learned ???? for at least 15 minutes
885414,I davened my ???? quota with a ????
885415,I davened my ????? quota
885416,I participated in ???? ??? ??????
885417,I shook the ???? and ????? before eating
885418,"I davened my ?????, ????, & ??? quotas"
885419,"I ate & drank in the ???? and said ""???? ?????"""
885420,I learned ???? for at least 15 minutes
885421,I davened my ???? quota nicely
885422,I davened my ????? quota
885423,I participated in ???? ??? ??????
885424,I shook the ???? and ????? before eating
885425,"I davened my ?????, ????, & ??? quotas"
885426,"I ate & drank in the ???? and said ""???? ?????"""
885427,I learned ???? for at least 15 minutes
885428,I davened my ???? quota nicely
885429,I davened my ????? quota
885430,I participated in ???? ??? ??????
885431,I shook the ???? and ????? before eating
885432,"I davened my ?????, ????, & ??? quotas"
885433,"I ate & drank in the ???? and said ""???? ?????"""
885434,I learned ???? for at least 15 minutes
885435,I davened my ???? quota nicely
885436,I davened my ????? quota
885437,I participated in ???? ??? ??????
885438,I shook the ???? and ????? before eating
885439,"I davened my ?????, ????, & ??? quotas"
885440,"I ate & drank in the ???? and said ""???? ?????"""
885441,I learned ???? for at least 15 minutes
885442,"I ate ?????? and ""klapped Hoshanas"""
885443,I helped prepare for ??? ???
885444,"I gave ???? and lit candles using my own candlesticks, and in my ??? clothing"
885445,I davened my ???? and ????? quotas nicely
885446,I participated in ????? and said ??? ????
885447,I davened my ????? and ???? quotas nicely
885448,I followed ????? ????? inside
885449,I listened to ???? ?????
885450,"I started saying ""???? ???? ?????? ????"""
885451,I ate and drank in the ????
885452,"I helped set up, serve, or clean up by any meal"
885453,I said a ??? ???? during any meal
885454,I davened my ???? & ????? quotas nicely
885455,I participated in ????? and said ??? ????
885456,I davened my ????? and ???? quotas nicely
885457,I listened to a ??? ????-? Sicha 
885458,"I said ""??? ??? ??????"" after we finished reading the whole ????"
885459,I participated in ????? and said ??? ????
885460,I followed along by ????? ?????
885461,"I helped set up, serve, or clean up by any meal"
885462,I said a ??? ???? during any meal
885463,I did something special on ??? ?????? because this ??? will affect my whole year.
885464,I did Kapparos (anytime before ??? ?????)
885465,I asked my friends for forgiveness
885466,I asked for Lekach- honey cake
885467,I gave extra ????
885468,I ate the first ????? (with kreplach)
885469,I davened my ???? quota with ?? ???
885470,I ate the ????? ??????
885471,I received a ???? ?????
885472,I lit candles and gave tzedokah using my OWN candlesticks and pushkas in my Shabbos clothing
885473,I went to ??? for ?? ???? and davened my quota nicely
885474,I said extra ?????? after ?????
885475,I fasted part of the day
885476,I behaved extra well because my parents were fasting
885477,I went to ??? and davened my ????? quota nicely
885478,I followed ????? ????? inside
885479,I davened my ???? quota nicely
885480,I listened to ???? ?????
885481,I listened to ????? ????? & ????? ????
885482,I davened my ???? & ????? quotas nicely
885483,"I said "" ...???, ???? ??, ?' ???"" out loud"
885484,"I heard the ???? and said ""???? ??? ????????"""
885485,I helped prepare for ??? ???
885486,"I gave ???? and lit candles using my own candlesticks, and in my ??? clothing"
885487,I davened my ????? quota nicely
885488,"I ate & drank in the ???? and said ""???? ?????"""
885489,I said a ??? ???? during any meal
885490,I shook ???? and ????? before eating
885491,I went to ??? and davened my ????? and ???? quotas nicely
885492,I followed along by ????? ?????
885493,I listened to ???? ?????
885494,I davened my ???? quota nicely
885495,I davened my ????? quota nicely
885496,I shook ???? and ????? before eating
885497,I went to ??? and davened my ????? and ???? quotas nicely
885498,I followed along by ????? ?????
885499,I listened to ???? ?????
885500,"I ate & drank in the ???? and said ""???? ?????"""
885501,"I helped set up, serve, or clean up by any meal"
885502,I said a ??? ???? during any meal
885503,I went to ??? & davened my ???? & ????? quotas nicely
885504,"I davened my ?????, ????, & ??? quotas with a ????"
885505,"I ate & drank in the ???? and said ""???? ?????"""
885506,I learned ???? for at least 15 minutes
885507,I davened my ???? quota with a ????
885508,I davened my ????? quota
885509,I participated in ???? ??? ??????
885510,I shook the ???? and ????? before eating
885511,"I davened my ?????, ????, & ??? quotas"
885512,"I ate & drank in the ???? and said ""???? ?????"""
885513,I learned ???? for at least 15 minutes
885514,I davened my ???? quota nicely
885515,I davened my ????? quota
885516,I participated in ???? ??? ??????
885517,I shook the ???? and ????? before eating
885518,"I davened my ?????, ????, & ??? quotas"
885519,"I ate & drank in the ???? and said ""???? ?????"""
885520,I learned ???? for at least 15 minutes
885521,I davened my ???? quota nicely
885522,I davened my ????? quota
885523,I participated in ???? ??? ??????
885524,I shook the ???? and ????? before eating
885525,"I davened my ?????, ????, & ??? quotas"
885526,"I ate & drank in the ???? and said ""???? ?????"""
885527,I learned ???? for at least 15 minutes
885528,I davened my ???? quota nicely
885529,I davened my ????? quota
885530,I participated in ???? ??? ??????
885531,I shook the ???? and ????? before eating
885532,"I davened my ?????, ????, & ??? quotas"
885533,"I ate & drank in the ???? and said ""???? ?????"""
885534,I learned ???? for at least 15 minutes
885535,"I ate ?????? and ""klapped Hoshanas"""
885536,I helped prepare for ??? ???
885537,"I gave ???? and lit candles using my own candlesticks, and in my ??? clothing"
885538,I davened my ???? and ????? quotas nicely
885539,I participated in ????? and said ??? ????
885540,I davened my ????? and ???? quotas nicely
885541,I followed ????? ????? inside
885542,I listened to ???? ?????
885543,"I started saying ""???? ???? ?????? ????"""
885544,I ate and drank in the ????
885545,"I helped set up, serve, or clean up by any meal"
885546,I said a ??? ???? during any meal
885547,I davened my ???? & ????? quotas nicely
885548,I participated in ????? and said ??? ????
885549,I davened my ????? and ???? quotas nicely
885550,I listened to a ??? ????-? Sicha 
885551,"I said ""??? ??? ??????"" after we finished reading the whole ????"
885552,I participated in ????? and said ??? ????
885553,I followed along by ????? ?????
885554,"I helped set up, serve, or clean up by any meal"
885555,I said a ??? ???? during any meal
885556,I did something special on ??? ?????? because this ??? will affect my whole year.
885557,I did Kapparos (anytime before ??? ?????)
885558,I asked my friends for forgiveness
885559,I asked for Lekach- honey cake
885560,I gave extra ????
885561,I ate the first ????? (with kreplach)
885562,I davened my ???? quota with ?? ???
885563,I ate the ????? ??????
885564,I received a ???? ?????
885565,I lit candles and gave tzedokah using my OWN candlesticks and pushkas in my Shabbos clothing
885566,I went to ??? for ?? ???? and davened my quota nicely
885567,I said extra ?????? after ?????
885568,I fasted part of the day
885569,I behaved extra well because my parents were fasting
885570,I went to ??? and davened my ????? quota nicely
885571,I followed ????? ????? inside
885572,I davened my ???? quota nicely
885573,I listened to ???? ?????
885574,I listened to ????? ????? & ????? ????
885575,I davened my ???? & ????? quotas nicely
885576,"I said "" ...???, ???? ??, ?' ???"" out loud"
885577,"I heard the ???? and said ""???? ??? ????????"""
885578,I helped prepare for ??? ???
885579,"I gave ???? and lit candles using my own candlesticks, and in my ??? clothing"
885580,I davened my ????? quota nicely
885581,"I ate & drank in the ???? and said ""???? ?????"""
885582,I said a ??? ???? during any meal
885583,I shook ???? and ????? before eating
885584,I went to ??? and davened my ????? and ???? quotas nicely
885585,I followed along by ????? ?????
885586,I listened to ???? ?????
885587,I davened my ???? quota nicely
885588,I davened my ????? quota nicely
885589,I shook ???? and ????? before eating
885590,I went to ??? and davened my ????? and ???? quotas nicely
885591,I followed along by ????? ?????
885592,I listened to ???? ?????
885593,"I ate & drank in the ???? and said ""???? ?????"""
885594,"I helped set up, serve, or clean up by any meal"
885595,I said a ??? ???? during any meal
885596,I went to ??? & davened my ???? & ????? quotas nicely
885597,"I davened my ?????, ????, & ??? quotas with a ????"
885598,"I ate & drank in the ???? and said ""???? ?????"""
885599,I learned ???? for at least 15 minutes
885600,I davened my ???? quota with a ????
885601,I davened my ????? quota
885602,I participated in ???? ??? ??????
885603,I shook the ???? and ????? before eating
885604,"I davened my ?????, ????, & ??? quotas"
885605,"I ate & drank in the ???? and said ""???? ?????"""
885606,I learned ???? for at least 15 minutes
885607,I davened my ???? quota nicely
885608,I davened my ????? quota
885609,I participated in ???? ??? ??????
885610,I shook the ???? and ????? before eating
885611,"I davened my ?????, ????, & ??? quotas"
885612,"I ate & drank in the ???? and said ""???? ?????"""
885613,I learned ???? for at least 15 minutes
885614,I davened my ???? quota nicely
885615,I davened my ????? quota
885616,I participated in ???? ??? ??????
885617,I shook the ???? and ????? before eating
885618,"I davened my ?????, ????, & ??? quotas"
885619,"I ate & drank in the ???? and said ""???? ?????"""
885620,I learned ???? for at least 15 minutes
885621,I davened my ???? quota nicely
885622,I davened my ????? quota
885623,I participated in ???? ??? ??????
885624,I shook the ???? and ????? before eating
885625,"I davened my ?????, ????, & ??? quotas"
885626,"I ate & drank in the ???? and said ""???? ?????"""
885627,I learned ???? for at least 15 minutes
885628,"I ate ?????? and ""klapped Hoshanas"""
885629,I helped prepare for ??? ???
885630,"I gave ???? and lit candles using my own candlesticks, and in my ??? clothing"
885631,I davened my ???? and ????? quotas nicely
885632,I participated in ????? and said ??? ????
885633,I davened my ????? and ???? quotas nicely
885634,I followed ????? ????? inside
885635,I listened to ???? ?????
885636,"I started saying ""???? ???? ?????? ????"""
885637,I ate and drank in the ????
885638,"I helped set up, serve, or clean up by any meal"
885639,I said a ??? ???? during any meal
885640,I davened my ???? & ????? quotas nicely
885641,I participated in ????? and said ??? ????
885642,I davened my ????? and ???? quotas nicely
885643,I listened to a ??? ????-? Sicha 
885644,"I said ""??? ??? ??????"" after we finished reading the whole ????"
885645,I participated in ????? and said ??? ????
885646,I followed along by ????? ?????
885647,"I helped set up, serve, or clean up by any meal"
885648,I said a ??? ???? during any meal
885649,I did something special on ??? ?????? because this ??? will affect my whole year.
885650,I did Kapparos (anytime before ??? ?????)
885651,I asked my friends for forgiveness
885652,I asked for Lekach- honey cake
885653,I gave extra ????
885654,I ate the first ????? (with kreplach)
885655,I davened my ???? quota with ?? ???
885656,I ate the ????? ??????
885657,I received a ???? ?????
885658,I lit candles and gave tzedokah using my OWN candlesticks and pushkas in my Shabbos clothing
885659,I went to ??? for ?? ???? and davened my quota nicely
885660,I said extra ?????? after ?????
885661,I fasted part of the day
885662,I behaved extra well because my parents were fasting
885663,I went to ??? and davened my ????? quota nicely
885664,I followed ????? ????? inside
885665,I davened my ???? quota nicely
885666,I listened to ???? ?????
885667,I listened to ????? ????? & ????? ????
885668,I davened my ???? & ????? quotas nicely
885669,"I said "" ...???, ???? ??, ?' ???"" out loud"
885670,"I heard the ???? and said ""???? ??? ????????"""
885671,I helped prepare for ??? ???
885672,"I gave ???? and lit candles using my own candlesticks, and in my ??? clothing"
885673,I davened my ????? quota nicely
885674,"I ate & drank in the ???? and said ""???? ?????"""
885675,I said a ??? ???? during any meal
885676,I shook ???? and ????? before eating
885677,I went to ??? and davened my ????? and ???? quotas nicely
885678,I followed along by ????? ?????
885679,I listened to ???? ?????
885680,I davened my ???? quota nicely
885681,I davened my ????? quota nicely
885682,I shook ???? and ????? before eating
885683,I went to ??? and davened my ????? and ???? quotas nicely
885684,I followed along by ????? ?????
885685,I listened to ???? ?????
885686,"I ate & drank in the ???? and said ""???? ?????"""
885687,"I helped set up, serve, or clean up by any meal"
885688,I said a ??? ???? during any meal
885689,I went to ??? & davened my ???? & ????? quotas nicely
885690,"I davened my ?????, ????, & ??? quotas with a ????"
885691,"I ate & drank in the ???? and said ""???? ?????"""
885692,I learned ???? for at least 15 minutes
885693,I davened my ???? quota with a ????
885694,I davened my ????? quota
885695,I participated in ???? ??? ??????
885696,I shook the ???? and ????? before eating
885697,"I davened my ?????, ????, & ??? quotas"
885698,"I ate & drank in the ???? and said ""???? ?????"""
885699,I learned ???? for at least 15 minutes
885700,I davened my ???? quota nicely
885701,I davened my ????? quota
885702,I participated in ???? ??? ??????
885703,I shook the ???? and ????? before eating
885704,"I davened my ?????, ????, & ??? quotas"
885705,"I ate & drank in the ???? and said ""???? ?????"""
885706,I learned ???? for at least 15 minutes
885707,I davened my ???? quota nicely
885708,I davened my ????? quota
885709,I participated in ???? ??? ??????
885710,I shook the ???? and ????? before eating
885711,"I davened my ?????, ????, & ??? quotas"
885712,"I ate & drank in the ???? and said ""???? ?????"""
885713,I learned ???? for at least 15 minutes
885714,I davened my ???? quota nicely
885715,I davened my ????? quota
885716,I participated in ???? ??? ??????
885717,I shook the ???? and ????? before eating
885718,"I davened my ?????, ????, & ??? quotas"
885719,"I ate & drank in the ???? and said ""???? ?????"""
885720,I learned ???? for at least 15 minutes
885721,"I ate ?????? and ""klapped Hoshanas"""
885722,I helped prepare for ??? ???
885723,"I gave ???? and lit candles using my own candlesticks, and in my ??? clothing"
885724,I davened my ???? and ????? quotas nicely
885725,I participated in ????? and said ??? ????
885726,I davened my ????? and ???? quotas nicely
885727,I followed ????? ????? inside
885728,I listened to ???? ?????
885729,"I started saying ""???? ???? ?????? ????"""
885730,I ate and drank in the ????
885731,"I helped set up, serve, or clean up by any meal"
885732,I said a ??? ???? during any meal
885733,I davened my ???? & ????? quotas nicely
885734,I participated in ????? and said ??? ????
885735,I davened my ????? and ???? quotas nicely
885736,I listened to a ??? ????-? Sicha 
885737,"I said ""??? ??? ??????"" after we finished reading the whole ????"
885738,I participated in ????? and said ??? ????
885739,I followed along by ????? ?????
885740,"I helped set up, serve, or clean up by any meal"
885741,I said a ??? ???? during any meal
885742,I did something special on ??? ?????? because this ??? will affect my whole year.
885743,I did Kapparos (anytime before ??? ?????)
885744,I asked my friends for forgiveness
885745,I asked for Lekach- honey cake
885746,I gave extra ????
885747,I ate the first ????? (with kreplach)
885748,I davened my ???? quota with ?? ???
885749,I ate the ????? ??????
885750,I received a ???? ?????
885751,I lit candles and gave tzedokah using my OWN candlesticks and pushkas in my Shabbos clothing
885752,I went to ??? for ?? ???? and davened my quota nicely
885753,I said extra ?????? after ?????
885754,I fasted part of the day
885755,I behaved extra well because my parents were fasting
885756,I went to ??? and davened my ????? quota nicely
885757,I followed ????? ????? inside
885758,I davened my ???? quota nicely
885759,I listened to ???? ?????
885760,I listened to ????? ????? & ????? ????
885761,I davened my ???? & ????? quotas nicely
885762,"I said "" ...???, ???? ??, ?' ???"" out loud"
885763,"I heard the ???? and said ""???? ??? ????????"""
885764,I helped prepare for ??? ???
885765,"I gave ???? and lit candles using my own candlesticks, and in my ??? clothing"
885766,I davened my ????? quota nicely
885767,"I ate & drank in the ???? and said ""???? ?????"""
885768,I said a ??? ???? during any meal
885769,I shook ???? and ????? before eating
885770,I went to ??? and davened my ????? and ???? quotas nicely
885771,I followed along by ????? ?????
885772,I listened to ???? ?????
885773,I davened my ???? quota nicely
885774,I davened my ????? quota nicely
885775,I shook ???? and ????? before eating
885776,I went to ??? and davened my ????? and ???? quotas nicely
885777,I followed along by ????? ?????
885778,I listened to ???? ?????
885779,"I ate & drank in the ???? and said ""???? ?????"""
885780,"I helped set up, serve, or clean up by any meal"
885781,I said a ??? ???? during any meal
885782,I went to ??? & davened my ???? & ????? quotas nicely
885783,"I davened my ?????, ????, & ??? quotas with a ????"
885784,"I ate & drank in the ???? and said ""???? ?????"""
885785,I learned ???? for at least 15 minutes
885786,I davened my ???? quota with a ????
885787,I davened my ????? quota
885788,I participated in ???? ??? ??????
885789,I shook the ???? and ????? before eating
885790,"I davened my ?????, ????, & ??? quotas"
885791,"I ate & drank in the ???? and said ""???? ?????"""
885792,I learned ???? for at least 15 minutes
885793,I davened my ???? quota nicely
885794,I davened my ????? quota
885795,I participated in ???? ??? ??????
885796,I shook the ???? and ????? before eating
885797,"I davened my ?????, ????, & ??? quotas"
885798,"I ate & drank in the ???? and said ""???? ?????"""
885799,I learned ???? for at least 15 minutes
885800,I davened my ???? quota nicely
885801,I davened my ????? quota
885802,I participated in ???? ??? ??????
885803,I shook the ???? and ????? before eating
885804,"I davened my ?????, ????, & ??? quotas"
885805,"I ate & drank in the ???? and said ""???? ?????"""
885806,I learned ???? for at least 15 minutes
885807,I davened my ???? quota nicely
885808,I davened my ????? quota
885809,I participated in ???? ??? ??????
885810,I shook the ???? and ????? before eating
885811,"I davened my ?????, ????, & ??? quotas"
885812,"I ate & drank in the ???? and said ""???? ?????"""
885813,I learned ???? for at least 15 minutes
885814,"I ate ?????? and ""klapped Hoshanas"""
885815,I helped prepare for ??? ???
885816,"I gave ???? and lit candles using my own candlesticks, and in my ??? clothing"
885817,I davened my ???? and ????? quotas nicely
885818,I participated in ????? and said ??? ????
885819,I davened my ????? and ???? quotas nicely
885820,I followed ????? ????? inside
885821,I listened to ???? ?????
885822,"I started saying ""???? ???? ?????? ????"""
885823,I ate and drank in the ????
885824,"I helped set up, serve, or clean up by any meal"
885825,I said a ??? ???? during any meal
885826,I davened my ???? & ????? quotas nicely
885827,I participated in ????? and said ??? ????
885828,I davened my ????? and ???? quotas nicely
885829,I listened to a ??? ????-? Sicha 
885830,"I said ""??? ??? ??????"" after we finished reading the whole ????"
885831,I participated in ????? and said ??? ????
885832,I followed along by ????? ?????
885833,"I helped set up, serve, or clean up by any meal"
885834,I said a ??? ???? during any meal
885835,I did something special on ??? ?????? because this ??? will affect my whole year.
885836,I did Kapparos (anytime before ??? ?????)
885837,I asked my friends for forgiveness
885838,I asked for Lekach- honey cake
885839,I gave extra ????
885840,I ate the first ????? (with kreplach)
885841,I davened my ???? quota with ?? ???
885842,I ate the ????? ??????
885843,I received a ???? ?????
885844,I lit candles and gave tzedokah using my OWN candlesticks and pushkas in my Shabbos clothing
885845,I went to ??? for ?? ???? and davened my quota nicely
885846,I said extra ?????? after ?????
885847,I fasted part of the day
885848,I behaved extra well because my parents were fasting
885849,I went to ??? and davened my ????? quota nicely
885850,I followed ????? ????? inside
885851,I davened my ???? quota nicely
885852,I listened to ???? ?????
885853,I listened to ????? ????? & ????? ????
885854,I davened my ???? & ????? quotas nicely
885855,"I said "" ...???, ???? ??, ?' ???"" out loud"
885856,"I heard the ???? and said ""???? ??? ????????"""
885857,I helped prepare for ??? ???
885858,"I gave ???? and lit candles using my own candlesticks, and in my ??? clothing"
885859,I davened my ????? quota nicely
885860,"I ate & drank in the ???? and said ""???? ?????"""
885861,I said a ??? ???? during any meal
885862,I shook ???? and ????? before eating
885863,I went to ??? and davened my ????? and ???? quotas nicely
885864,I followed along by ????? ?????
885865,I listened to ???? ?????
885866,I davened my ???? quota nicely
885867,I davened my ????? quota nicely
885868,I shook ???? and ????? before eating
885869,I went to ??? and davened my ????? and ???? quotas nicely
885870,I followed along by ????? ?????
885871,I listened to ???? ?????
885872,"I ate & drank in the ???? and said ""???? ?????"""
885873,"I helped set up, serve, or clean up by any meal"
885874,I said a ??? ???? during any meal
885875,I went to ??? & davened my ???? & ????? quotas nicely
885876,"I davened my ?????, ????, & ??? quotas with a ????"
885877,"I ate & drank in the ???? and said ""???? ?????"""
885878,I learned ???? for at least 15 minutes
885879,I davened my ???? quota with a ????
885880,I davened my ????? quota
885881,I participated in ???? ??? ??????
885882,I shook the ???? and ????? before eating
885883,"I davened my ?????, ????, & ??? quotas"
885884,"I ate & drank in the ???? and said ""???? ?????"""
885885,I learned ???? for at least 15 minutes
885886,I davened my ???? quota nicely
885887,I davened my ????? quota
885888,I participated in ???? ??? ??????
885889,I shook the ???? and ????? before eating
885890,"I davened my ?????, ????, & ??? quotas"
885891,"I ate & drank in the ???? and said ""???? ?????"""
885892,I learned ???? for at least 15 minutes
885893,I davened my ???? quota nicely
885894,I davened my ????? quota
885895,I participated in ???? ??? ??????
885896,I shook the ???? and ????? before eating
885897,"I davened my ?????, ????, & ??? quotas"
885898,"I ate & drank in the ???? and said ""???? ?????"""
885899,I learned ???? for at least 15 minutes
885900,I davened my ???? quota nicely
885901,I davened my ????? quota
885902,I participated in ???? ??? ??????
885903,I shook the ???? and ????? before eating
885904,"I davened my ?????, ????, & ??? quotas"
885905,"I ate & drank in the ???? and said ""???? ?????"""
885906,I learned ???? for at least 15 minutes
885907,"I ate ?????? and ""klapped Hoshanas"""
885908,I helped prepare for ??? ???
885909,"I gave ???? and lit candles using my own candlesticks, and in my ??? clothing"
885910,I davened my ???? and ????? quotas nicely
885911,I participated in ????? and said ??? ????
885912,I davened my ????? and ???? quotas nicely
885913,I followed ????? ????? inside
885914,I listened to ???? ?????
885915,"I started saying ""???? ???? ?????? ????"""
885916,I ate and drank in the ????
885917,"I helped set up, serve, or clean up by any meal"
885918,I said a ??? ???? during any meal
885919,I davened my ???? & ????? quotas nicely
885920,I participated in ????? and said ??? ????
885921,I davened my ????? and ???? quotas nicely
885922,I listened to a ??? ????-? Sicha 
885923,"I said ""??? ??? ??????"" after we finished reading the whole ????"
885924,I participated in ????? and said ??? ????
885925,I followed along by ????? ?????
885926,"I helped set up, serve, or clean up by any meal"
885927,I said a ??? ???? during any meal
885928,I did something special on ??? ?????? because this ??? will affect my whole year.
885929,I did Kapparos (anytime before ??? ?????)
885930,I asked my friends for forgiveness
885931,I asked for Lekach- honey cake
885932,I gave extra ????
885933,I ate the first ????? (with kreplach)
885934,I davened my ???? quota with ?? ???
885935,I ate the ????? ??????
885936,I received a ???? ?????
885937,I lit candles and gave tzedokah using my OWN candlesticks and pushkas in my Shabbos clothing
885938,I went to ??? for ?? ???? and davened my quota nicely
885939,I said extra ?????? after ?????
885940,I fasted part of the day
885941,I behaved extra well because my parents were fasting
885942,I went to ??? and davened my ????? quota nicely
885943,I followed ????? ????? inside
885944,I davened my ???? quota nicely
885945,I listened to ???? ?????
885946,I listened to ????? ????? & ????? ????
885947,I davened my ???? & ????? quotas nicely
885948,"I said "" ...???, ???? ??, ?' ???"" out loud"
885949,"I heard the ???? and said ""???? ??? ????????"""
885950,I helped prepare for ??? ???
885951,"I gave ???? and lit candles using my own candlesticks, and in my ??? clothing"
885952,I davened my ????? quota nicely
885953,"I ate & drank in the ???? and said ""???? ?????"""
885954,I said a ??? ???? during any meal
885955,I shook ???? and ????? before eating
885956,I went to ??? and davened my ????? and ???? quotas nicely
885957,I followed along by ????? ?????
885958,I listened to ???? ?????
885959,I davened my ???? quota nicely
885960,I davened my ????? quota nicely
885961,I shook ???? and ????? before eating
885962,I went to ??? and davened my ????? and ???? quotas nicely
885963,I followed along by ????? ?????
885964,I listened to ???? ?????
885965,"I ate & drank in the ???? and said ""???? ?????"""
885966,"I helped set up, serve, or clean up by any meal"
885967,I said a ??? ???? during any meal
885968,I went to ??? & davened my ???? & ????? quotas nicely
885969,"I davened my ?????, ????, & ??? quotas with a ????"
885970,"I ate & drank in the ???? and said ""???? ?????"""
885971,I learned ???? for at least 15 minutes
885972,I davened my ???? quota with a ????
885973,I davened my ????? quota
885974,I participated in ???? ??? ??????
885975,I shook the ???? and ????? before eating
885976,"I davened my ?????, ????, & ??? quotas"
885977,"I ate & drank in the ???? and said ""???? ?????"""
885978,I learned ???? for at least 15 minutes
885979,I davened my ???? quota nicely
885980,I davened my ????? quota
885981,I participated in ???? ??? ??????
885982,I shook the ???? and ????? before eating
885983,"I davened my ?????, ????, & ??? quotas"
885984,"I ate & drank in the ???? and said ""???? ?????"""
885985,I learned ???? for at least 15 minutes
885986,I davened my ???? quota nicely
885987,I davened my ????? quota
885988,I participated in ???? ??? ??????
885989,I shook the ???? and ????? before eating
885990,"I davened my ?????, ????, & ??? quotas"
885991,"I ate & drank in the ???? and said ""???? ?????"""
885992,I learned ???? for at least 15 minutes
885993,I davened my ???? quota nicely
885994,I davened my ????? quota
885995,I participated in ???? ??? ??????
885996,I shook the ???? and ????? before eating
885997,"I davened my ?????, ????, & ??? quotas"
885998,"I ate & drank in the ???? and said ""???? ?????"""
885999,I learned ???? for at least 15 minutes
886000,"I ate ?????? and ""klapped Hoshanas"""
886001,I helped prepare for ??? ???
886002,"I gave ???? and lit candles using my own candlesticks, and in my ??? clothing"
886003,I davened my ???? and ????? quotas nicely
886004,I participated in ????? and said ??? ????
886005,I davened my ????? and ???? quotas nicely
886006,I followed ????? ????? inside
886007,I listened to ???? ?????
886008,"I started saying ""???? ???? ?????? ????"""
886009,I ate and drank in the ????
886010,"I helped set up, serve, or clean up by any meal"
886011,I said a ??? ???? during any meal
886012,I davened my ???? & ????? quotas nicely
886013,I participated in ????? and said ??? ????
886014,I davened my ????? and ???? quotas nicely
886015,I listened to a ??? ????-? Sicha 
886016,"I said ""??? ??? ??????"" after we finished reading the whole ????"
886017,I participated in ????? and said ??? ????
886018,I followed along by ????? ?????
886019,"I helped set up, serve, or clean up by any meal"
886020,I said a ??? ???? during any meal
886021,I did something special on ??? ?????? because this ??? will affect my whole year.
886022,I did Kapparos (anytime before ??? ?????)
886023,I asked my friends for forgiveness
886024,I asked for Lekach- honey cake
886025,I gave extra ????
886026,I ate the first ????? (with kreplach)
886027,I davened my ???? quota with ?? ???
886028,I ate the ????? ??????
886029,I received a ???? ?????
886030,I lit candles and gave tzedokah using my OWN candlesticks and pushkas in my Shabbos clothing
886031,I went to ??? for ?? ???? and davened my quota nicely
886032,I said extra ?????? after ?????
886033,I fasted part of the day
886034,I behaved extra well because my parents were fasting
886035,I went to ??? and davened my ????? quota nicely
886036,I followed ????? ????? inside
886037,I davened my ???? quota nicely
886038,I listened to ???? ?????
886039,I listened to ????? ????? & ????? ????
886040,I davened my ???? & ????? quotas nicely
886041,"I said "" ...???, ???? ??, ?' ???"" out loud"
886042,"I heard the ???? and said ""???? ??? ????????"""
886043,I helped prepare for ??? ???
886044,"I gave ???? and lit candles using my own candlesticks, and in my ??? clothing"
886045,I davened my ????? quota nicely
886046,"I ate & drank in the ???? and said ""???? ?????"""
886047,I said a ??? ???? during any meal
886048,I shook ???? and ????? before eating
886049,I went to ??? and davened my ????? and ???? quotas nicely
886050,I followed along by ????? ?????
886051,I listened to ???? ?????
886052,I davened my ???? quota nicely
886053,I davened my ????? quota nicely
886054,I shook ???? and ????? before eating
886055,I went to ??? and davened my ????? and ???? quotas nicely
886056,I followed along by ????? ?????
886057,I listened to ???? ?????
886058,"I ate & drank in the ???? and said ""???? ?????"""
886059,"I helped set up, serve, or clean up by any meal"
886060,I said a ??? ???? during any meal
886061,I went to ??? & davened my ???? & ????? quotas nicely
886062,"I davened my ?????, ????, & ??? quotas with a ????"
886063,"I ate & drank in the ???? and said ""???? ?????"""
886064,I learned ???? for at least 15 minutes
886065,I davened my ???? quota with a ????
886066,I davened my ????? quota
886067,I participated in ???? ??? ??????
886068,I shook the ???? and ????? before eating
886069,"I davened my ?????, ????, & ??? quotas"
886070,"I ate & drank in the ???? and said ""???? ?????"""
886071,I learned ???? for at least 15 minutes
886072,I davened my ???? quota nicely
886073,I davened my ????? quota
886074,I participated in ???? ??? ??????
886075,I shook the ???? and ????? before eating
886076,"I davened my ?????, ????, & ??? quotas"
886077,"I ate & drank in the ???? and said ""???? ?????"""
886078,I learned ???? for at least 15 minutes
886079,I davened my ???? quota nicely
886080,I davened my ????? quota
886081,I participated in ???? ??? ??????
886082,I shook the ???? and ????? before eating
886083,"I davened my ?????, ????, & ??? quotas"
886084,"I ate & drank in the ???? and said ""???? ?????"""
886085,I learned ???? for at least 15 minutes
886086,I davened my ???? quota nicely
886087,I davened my ????? quota
886088,I participated in ???? ??? ??????
886089,I shook the ???? and ????? before eating
886090,"I davened my ?????, ????, & ??? quotas"
886091,"I ate & drank in the ???? and said ""???? ?????"""
886092,I learned ???? for at least 15 minutes
886093,"I ate ?????? and ""klapped Hoshanas"""
886094,I helped prepare for ??? ???
886095,"I gave ???? and lit candles using my own candlesticks, and in my ??? clothing"
886096,I davened my ???? and ????? quotas nicely
886097,I participated in ????? and said ??? ????
886098,I davened my ????? and ???? quotas nicely
886099,I followed ????? ????? inside
886100,I listened to ???? ?????
886101,"I started saying ""???? ???? ?????? ????"""
886102,I ate and drank in the ????
886103,"I helped set up, serve, or clean up by any meal"
886104,I said a ??? ???? during any meal
886105,I davened my ???? & ????? quotas nicely
886106,I participated in ????? and said ??? ????
886107,I davened my ????? and ???? quotas nicely
886108,I listened to a ??? ????-? Sicha 
886109,"I said ""??? ??? ??????"" after we finished reading the whole ????"
886110,I participated in ????? and said ??? ????
886111,I followed along by ????? ?????
886112,"I helped set up, serve, or clean up by any meal"
886113,I said a ??? ???? during any meal
886114,I did something special on ??? ?????? because this ??? will affect my whole year.
886115,I did Kapparos (anytime before ??? ?????)
886117,I asked my friends for forgiveness
886118,I asked for Lekach- honey cake
886119,I gave extra ????
886120,I ate the first ????? (with kreplach)
886123,I ate the ????? ??????
886124,I received a ???? ?????
886125,"I reminded all the girls in my family to give ???? and light candles using their own candlesticks, and in their ??? clothing"
886126,I went to ??? for ?? ???? and davened my quota nicely
886127,I said extra ?????? after ?????
886128,I fasted part of the day
886129,I behaved extra well because my parents were fasting
886130,I went to ??? and davened my ????? quota nicely
886134,I went under the ???? for duchening
886137,"I said "" ...???, ???? ??, ?' ???"" out loud"
886138,"I heard the ???? and said ""???? ??? ????????"""
886139,I spoke about or helped build the ???? on ????? ??? ?????
886140,I helped prepare for ??? ???
886141,"I reminded all the girls in my family to give ???? and light candles using their own candlesticks, and in their ??? clothing"
886142,I went to ??? and davened my ????? quota nicely
886143,"I ate & drank in the ???? and said ""???? ?????"""
886145,I shook ???? and ?????
886146,I went to ??? and davened my ????? and ???? quotas nicely
886148,I went under the ???? for Duchening
886151,I shook ???? and ?????
886152,I went to ??? and davened my ????? and ???? quotas nicely
886154,I went under a ???? for Duchening
886155,"I ate & drank in the ???? and said ""???? ?????"""
886156,"I helped set up, serve, or clean up by any meal"
886157,I said a ??? ???? during any meal
886159,"I davened my ?????, ????, & ??? quotas"
886160,I had a Rev'iis of grape juice
886161,"I ate & drank in the ???? and said ""???? ?????"""
886162,I learned ???? for at least 10 minutes
886165,I participated in ???? ??? ??????
886166,I shook the ???? and ?????
886167,"I davened my ?????, ????, & ??? quotas"
886168,I had a Rev'iis of grape juice
886169,"I ate & drank in the ???? and said ""???? ?????"""
886170,I learned ???? for at least 10 minutes
886173,I participated in ???? ??? ??????
886174,I shook the ???? and ?????
886175,"I davened my ?????, ????, & ??? quotas"
886176,I had a Rev'iis of grape juice
886177,"I ate & drank in the ???? and said ""???? ?????"""
886178,I learned ???? for at least 10 minutes
886181,I participated in ???? ??? ??????
886182,I shook the ???? and ?????
886183,"I davened my ?????, ????, & ??? quotas"
886184,I had a Rev'iis of grape juice
886185,"I ate & drank in the ???? and said ""???? ?????"""
886186,I learned ???? for at least 10 minutes
886189,I participated in ???? ??? ??????
886191,I shook the ???? and ?????
886192,"I davened my ?????, ????, & ??? quotas"
886194,"I ate & drank in the ???? and said ""???? ?????"""
886195,I learned ???? for at least 10 minutes
886196,"I ate ?????? and ""klapped Hoshanas"""
886197,I helped prepare for ??? ???
886198,"I reminded all the girls in my family to give ???? and light candles using their own candlesticks, and in their ??? clothing"
886199,I went to ???
886200,I participated in ?????
886201,I went to ??? and davened my ????? and ???? quotas nicely
886203,I went under the ???? for Duchening
886204,"I started saying ""???? ???? ?????? ????"""
886206,"I helped set up, serve, or clean up by any meal"
886207,I said a ??? ???? during any meal
886208,I went to ???
886209,I participated in ?????
886210,I went to ??? and davened my ????? and ???? quotas nicely
886211,I went under the ???? for Duchening
886212,I had an ???-? with all the kinderlach
886213,"I said ""??? ??? ??????"" after we finished reading the whole ????"
886214,I participated in ?????
886216,"I helped set up, serve, or clean up by any meal"
886217,I said or heard a ??? ???? during any meal
886218,I did something special on ??? ?????? because this ??? will affect my whole year.
886219,I went to a Shiur on ??? ?????? and extended Yom Tov into the week.
886220,I did Kapparos (anytime before ??? ?????)
886221,I asked my friends for forgiveness
886222,I asked for Lekach- honey cake
886223,I gave extra ????
886224,I ate the first ????? (with kreplach)
886225,I ate the ????? ??????
886226,I received a ???? ?????
886227,"I reminded all the girls in my family to give ???? and light candles using their own candlesticks, and in their ??? clothing"
886228,I went to ??? for ?? ???? and davened my quota nicely
886229,I said extra ?????? after ?????
886230,I fasted part of the day
886231,I behaved extra well because my parents were fasting
886232,I went to ??? and davened my ????? quota nicely
886233,I went under the ???? for duchening
886234,"I said "" ...???, ???? ??, ?' ???"" out loud"
886235,"I heard the ???? and said ""???? ??? ????????"""
886236,I spoke about or helped build the ???? on ????? ??? ?????
886237,I helped prepare for ??? ???
886238,"I reminded all the girls in my family to give ???? and light candles using their own candlesticks, and in their ??? clothing"
886239,I went to ??? and davened my ????? quota nicely
886240,"I ate & drank in the ???? and said ""???? ?????"""
886241,I shook ???? and ?????
886242,I went to ??? and davened my ????? and ???? quotas nicely
886243,I went under the ???? for Duchening
886244,I shook ???? and ?????
886245,I went to ??? and davened my ????? and ???? quotas nicely
886246,I went under a ???? for Duchening
886247,"I ate & drank in the ???? and said ""???? ?????"""
886248,"I helped set up, serve, or clean up by any meal"
886249,I said a ??? ???? during any meal
886250,"I davened my ?????, ????, & ??? quotas"
886251,I had a Rev'iis of grape juice
886252,"I ate & drank in the ???? and said ""???? ?????"""
886253,I learned ???? for at least 10 minutes
886254,I participated in ???? ??? ??????
886255,I shook the ???? and ?????
886256,"I davened my ?????, ????, & ??? quotas"
886257,I had a Rev'iis of grape juice
886258,"I ate & drank in the ???? and said ""???? ?????"""
886259,I learned ???? for at least 10 minutes
886260,I participated in ???? ??? ??????
886261,I shook the ???? and ?????
886262,"I davened my ?????, ????, & ??? quotas"
886263,I had a Rev'iis of grape juice
886264,"I ate & drank in the ???? and said ""???? ?????"""
886265,I learned ???? for at least 10 minutes
886266,I participated in ???? ??? ??????
886267,I shook the ???? and ?????
886268,"I davened my ?????, ????, & ??? quotas"
886269,"I ate & drank in the ???? and said ""???? ?????"""
886270,I learned ???? for at least 10 minutes
886271,"I ate ?????? and ""klapped Hoshanas"""
886272,I helped prepare for ??? ???
886273,"I reminded all the girls in my family to give ???? and light candles using their own candlesticks, and in their ??? clothing"
886274,I went to ???
886275,I participated in ?????
886276,I went to ??? and davened my ????? and ???? quotas nicely
886277,I went under the ???? for Duchening
886278,"I started saying ""???? ???? ?????? ????"""
886279,"I helped set up, serve, or clean up by any meal"
886280,I said a ??? ???? during any meal
886281,I went to ???
886282,I participated in ?????
886283,I went to ??? and davened my ????? and ???? quotas nicely
886284,I went under the ???? for Duchening
886285,I had an ???-? with all the kinderlach
886286,"I said ""??? ??? ??????"" after we finished reading the whole ????"
886287,I participated in ?????
886288,"I helped set up, serve, or clean up by any meal"
886289,I said or heard a ??? ???? during any meal
886290,I went to a Shiur on ??? ?????? and extended Yom Tov into the week.
886291,I did something special on ??? ?????? because this ??? will affect my whole year.
886292,I did Kapparos (anytime before ??? ?????)
886293,I asked my friends for forgiveness
886294,I asked for Lekach- honey cake
886295,I gave extra ????
886296,I ate the first ????? (with kreplach)
886297,I ate the ????? ??????
886298,I received a ???? ?????
886299,"I reminded all the girls in my family to give ???? and light candles using their own candlesticks, and in their ??? clothing"
886300,I went to ??? for ?? ???? and davened my quota nicely
886301,I said extra ?????? after ?????
886302,I fasted part of the day
886303,I behaved extra well because my parents were fasting
886304,I went to ??? and davened my ????? quota nicely
886305,I went under the ???? for duchening
886306,"I said "" ...???, ???? ??, ?' ???"" out loud"
886307,"I heard the ???? and said ""???? ??? ????????"""
886308,I spoke about or helped build the ???? on ????? ??? ?????
886309,I helped prepare for ??? ???
886310,"I reminded all the girls in my family to give ???? and light candles using their own candlesticks, and in their ??? clothing"
886311,I went to ??? and davened my ????? quota nicely
886312,"I ate & drank in the ???? and said ""???? ?????"""
886313,I shook ???? and ?????
886314,I went to ??? and davened my ????? and ???? quotas nicely
886315,I went under the ???? for Duchening
886316,I shook ???? and ?????
886317,I went to ??? and davened my ????? and ???? quotas nicely
886318,I went under a ???? for Duchening
886319,"I ate & drank in the ???? and said ""???? ?????"""
886320,"I helped set up, serve, or clean up by any meal"
886321,I said a ??? ???? during any meal
886322,"I davened my ?????, ????, & ??? quotas"
886323,I had a Rev'iis of grape juice
886324,"I ate & drank in the ???? and said ""???? ?????"""
886325,I learned ???? for at least 10 minutes
886326,I participated in ???? ??? ??????
886327,I shook the ???? and ?????
886328,"I davened my ?????, ????, & ??? quotas"
886329,I had a Rev'iis of grape juice
886330,"I ate & drank in the ???? and said ""???? ?????"""
886331,I learned ???? for at least 10 minutes
886332,I participated in ???? ??? ??????
886333,I shook the ???? and ?????
886334,"I davened my ?????, ????, & ??? quotas"
886335,I had a Rev'iis of grape juice
886336,"I ate & drank in the ???? and said ""???? ?????"""
886337,I learned ???? for at least 10 minutes
886338,I participated in ???? ??? ??????
886339,I shook the ???? and ?????
886340,"I davened my ?????, ????, & ??? quotas"
886341,"I ate & drank in the ???? and said ""???? ?????"""
886342,I learned ???? for at least 10 minutes
886343,"I ate ?????? and ""klapped Hoshanas"""
886344,I helped prepare for ??? ???
886345,"I reminded all the girls in my family to give ???? and light candles using their own candlesticks, and in their ??? clothing"
886346,I went to ???
886347,I participated in ?????
886348,I went to ??? and davened my ????? and ???? quotas nicely
886349,I went under the ???? for Duchening
886350,"I started saying ""???? ???? ?????? ????"""
886351,"I helped set up, serve, or clean up by any meal"
886352,I said a ??? ???? during any meal
886353,I went to ???
886354,I participated in ?????
886355,I went to ??? and davened my ????? and ???? quotas nicely
886356,I went under the ???? for Duchening
886357,I had an ???-? with all the kinderlach
886358,"I said ""??? ??? ??????"" after we finished reading the whole ????"
886359,I participated in ?????
886360,"I helped set up, serve, or clean up by any meal"
886361,I said or heard a ??? ???? during any meal
886362,I went to a Shiur on ??? ?????? and extended Yom Tov into the week.
886363,I did something special on ??? ?????? because this ??? will affect my whole year.
886364,I did Kapparos (anytime before ??? ?????)
886365,I asked my friends for forgiveness
886366,I asked for Lekach- honey cake
886367,I gave extra ????
886368,I ate the first ????? (with kreplach)
886369,I ate the ????? ??????
886370,I received a ???? ?????
886371,"I reminded all the girls in my family to give ???? and light candles using their own candlesticks, and in their ??? clothing"
886372,I went to ??? for ?? ???? and davened my quota nicely
886373,I said extra ?????? after ?????
886374,I fasted part of the day
886375,I behaved extra well because my parents were fasting
886376,I went to ??? and davened my ????? quota nicely
886377,I went under the ???? for duchening
886378,"I said "" ...???, ???? ??, ?' ???"" out loud"
886379,"I heard the ???? and said ""???? ??? ????????"""
886380,I spoke about or helped build the ???? on ????? ??? ?????
886381,I helped prepare for ??? ???
886382,"I reminded all the girls in my family to give ???? and light candles using their own candlesticks, and in their ??? clothing"
886383,I went to ??? and davened my ????? quota nicely
886384,"I ate & drank in the ???? and said ""???? ?????"""
886385,I shook ???? and ?????
886386,I went to ??? and davened my ????? and ???? quotas nicely
886387,I went under the ???? for Duchening
886388,I shook ???? and ?????
886389,I went to ??? and davened my ????? and ???? quotas nicely
886390,I went under a ???? for Duchening
886391,"I ate & drank in the ???? and said ""???? ?????"""
886392,"I helped set up, serve, or clean up by any meal"
886393,I said a ??? ???? during any meal
886394,"I davened my ?????, ????, & ??? quotas"
886395,I had a Rev'iis of grape juice
886396,"I ate & drank in the ???? and said ""???? ?????"""
886397,I learned ???? for at least 10 minutes
886398,I participated in ???? ??? ??????
886399,I shook the ???? and ?????
886400,"I davened my ?????, ????, & ??? quotas"
886401,I had a Rev'iis of grape juice
886402,"I ate & drank in the ???? and said ""???? ?????"""
886403,I learned ???? for at least 10 minutes
886404,I participated in ???? ??? ??????
886405,I shook the ???? and ?????
886406,"I davened my ?????, ????, & ??? quotas"
886407,I had a Rev'iis of grape juice
886408,"I ate & drank in the ???? and said ""???? ?????"""
886409,I learned ???? for at least 10 minutes
886410,I participated in ???? ??? ??????
886411,I shook the ???? and ?????
886412,"I davened my ?????, ????, & ??? quotas"
886413,"I ate & drank in the ???? and said ""???? ?????"""
886414,I learned ???? for at least 10 minutes
886415,"I ate ?????? and ""klapped Hoshanas"""
886416,I helped prepare for ??? ???
886417,"I reminded all the girls in my family to give ???? and light candles using their own candlesticks, and in their ??? clothing"
886418,I went to ???
886419,I participated in ?????
886420,I went to ??? and davened my ????? and ???? quotas nicely
886421,I went under the ???? for Duchening
886422,"I started saying ""???? ???? ?????? ????"""
886423,"I helped set up, serve, or clean up by any meal"
886424,I said a ??? ???? during any meal
886425,I went to ???
886426,I participated in ?????
886427,I went to ??? and davened my ????? and ???? quotas nicely
886428,I went under the ???? for Duchening
886429,I had an ???-? with all the kinderlach
886430,"I said ""??? ??? ??????"" after we finished reading the whole ????"
886431,I participated in ?????
886432,"I helped set up, serve, or clean up by any meal"
886433,I said or heard a ??? ???? during any meal
886434,I went to a Shiur on ??? ?????? and extended Yom Tov into the week.
886435,I did something special on ??? ?????? because this ??? will affect my whole year.
886436,I did Kapparos (anytime before ??? ?????)
886437,I asked my friends for forgiveness
886438,I asked for Lekach- honey cake
886439,I gave extra ????
886440,I ate the first ????? (with kreplach)
886441,I ate the ????? ??????
886442,I received a ???? ?????
886443,"I reminded all the girls in my family to give ???? and light candles using their own candlesticks, and in their ??? clothing"
886444,I went to ??? for ?? ???? and davened my quota nicely
886445,I said extra ?????? after ?????
886446,I fasted part of the day
886447,I behaved extra well because my parents were fasting
886448,I went to ??? and davened my ????? quota nicely
886449,I went under the ???? for duchening
886450,"I said "" ...???, ???? ??, ?' ???"" out loud"
886451,"I heard the ???? and said ""???? ??? ????????"""
886452,I spoke about or helped build the ???? on ????? ??? ?????
886453,I helped prepare for ??? ???
886454,"I reminded all the girls in my family to give ???? and light candles using their own candlesticks, and in their ??? clothing"
886455,I went to ??? and davened my ????? quota nicely
886456,"I ate & drank in the ???? and said ""???? ?????"""
886457,I shook ???? and ?????
886458,I went to ??? and davened my ????? and ???? quotas nicely
886459,I went under the ???? for Duchening
886460,I shook ???? and ?????
886461,I went to ??? and davened my ????? and ???? quotas nicely
886462,I went under a ???? for Duchening
886463,"I ate & drank in the ???? and said ""???? ?????"""
886464,"I helped set up, serve, or clean up by any meal"
886465,I said a ??? ???? during any meal
886466,"I davened my ?????, ????, & ??? quotas"
886467,I had a Rev'iis of grape juice
886468,"I ate & drank in the ???? and said ""???? ?????"""
886469,I learned ???? for at least 10 minutes
886470,I participated in ???? ??? ??????
886471,I shook the ???? and ?????
886472,"I davened my ?????, ????, & ??? quotas"
886473,I had a Rev'iis of grape juice
886474,"I ate & drank in the ???? and said ""???? ?????"""
886475,I learned ???? for at least 10 minutes
886476,I participated in ???? ??? ??????
886477,I shook the ???? and ?????
886478,"I davened my ?????, ????, & ??? quotas"
886479,I had a Rev'iis of grape juice
886480,"I ate & drank in the ???? and said ""???? ?????"""
886481,I learned ???? for at least 10 minutes
886482,I participated in ???? ??? ??????
886483,I shook the ???? and ?????
886484,"I davened my ?????, ????, & ??? quotas"
886485,"I ate & drank in the ???? and said ""???? ?????"""
886486,I learned ???? for at least 10 minutes
886487,"I ate ?????? and ""klapped Hoshanas"""
886488,I helped prepare for ??? ???
886489,"I reminded all the girls in my family to give ???? and light candles using their own candlesticks, and in their ??? clothing"
886490,I went to ???
886491,I participated in ?????
886492,I went to ??? and davened my ????? and ???? quotas nicely
886493,I went under the ???? for Duchening
886494,"I started saying ""???? ???? ?????? ????"""
886495,"I helped set up, serve, or clean up by any meal"
886496,I said a ??? ???? during any meal
886497,I went to ???
886498,I participated in ?????
886499,I went to ??? and davened my ????? and ???? quotas nicely
886500,I went under the ???? for Duchening
886501,I had an ???-? with all the kinderlach
886502,"I said ""??? ??? ??????"" after we finished reading the whole ????"
886503,I participated in ?????
886504,"I helped set up, serve, or clean up by any meal"
886505,I said or heard a ??? ???? during any meal
886506,I went to a Shiur on ??? ?????? and extended Yom Tov into the week.
886507,I did something special on ??? ?????? because this ??? will affect my whole year.
886508,I did Kapparos (anytime before ??? ?????)
886509,I asked my friends for forgiveness
886510,I asked for Lekach- honey cake
886511,I gave extra ????
886512,I ate the first ????? (with kreplach)
886513,I ate the ????? ??????
886514,I received a ???? ?????
886515,"I reminded all the girls in my family to give ???? and light candles using their own candlesticks, and in their ??? clothing"
886516,I went to ??? for ?? ???? and davened my quota nicely
886517,I said extra ?????? after ?????
886518,I fasted part of the day
886519,I behaved extra well because my parents were fasting
886520,I went to ??? and davened my ????? quota nicely
886521,I went under the ???? for duchening
886522,"I said "" ...???, ???? ??, ?' ???"" out loud"
886523,"I heard the ???? and said ""???? ??? ????????"""
886524,I spoke about or helped build the ???? on ????? ??? ?????
886525,I helped prepare for ??? ???
886526,"I reminded all the girls in my family to give ???? and light candles using their own candlesticks, and in their ??? clothing"
886527,I went to ??? and davened my ????? quota nicely
886528,"I ate & drank in the ???? and said ""???? ?????"""
886529,I shook ???? and ?????
886530,I went to ??? and davened my ????? and ???? quotas nicely
886531,I went under the ???? for Duchening
886532,I shook ???? and ?????
886533,I went to ??? and davened my ????? and ???? quotas nicely
886534,I went under a ???? for Duchening
886535,"I ate & drank in the ???? and said ""???? ?????"""
886536,"I helped set up, serve, or clean up by any meal"
886537,I said a ??? ???? during any meal
886538,"I davened my ?????, ????, & ??? quotas"
886539,I had a Rev'iis of grape juice
886540,"I ate & drank in the ???? and said ""???? ?????"""
886541,I learned ???? for at least 10 minutes
886542,I participated in ???? ??? ??????
886543,I shook the ???? and ?????
886544,"I davened my ?????, ????, & ??? quotas"
886545,I had a Rev'iis of grape juice
886546,"I ate & drank in the ???? and said ""???? ?????"""
886547,I learned ???? for at least 10 minutes
886548,I participated in ???? ??? ??????
886549,I shook the ???? and ?????
886550,"I davened my ?????, ????, & ??? quotas"
886551,I had a Rev'iis of grape juice
886552,"I ate & drank in the ???? and said ""???? ?????"""
886553,I learned ???? for at least 10 minutes
886554,I participated in ???? ??? ??????
886555,I shook the ???? and ?????
886556,"I davened my ?????, ????, & ??? quotas"
886557,"I ate & drank in the ???? and said ""???? ?????"""
886558,I learned ???? for at least 10 minutes
886559,"I ate ?????? and ""klapped Hoshanas"""
886560,I helped prepare for ??? ???
886561,"I reminded all the girls in my family to give ???? and light candles using their own candlesticks, and in their ??? clothing"
886562,I went to ???
886563,I participated in ?????
886564,I went to ??? and davened my ????? and ???? quotas nicely
886565,I went under the ???? for Duchening
886566,"I started saying ""???? ???? ?????? ????"""
886567,"I helped set up, serve, or clean up by any meal"
886568,I said a ??? ???? during any meal
886569,I went to ???
886570,I participated in ?????
886571,I went to ??? and davened my ????? and ???? quotas nicely
886572,I went under the ???? for Duchening
886573,I had an ???-? with all the kinderlach
886574,"I said ""??? ??? ??????"" after we finished reading the whole ????"
886575,I participated in ?????
886576,"I helped set up, serve, or clean up by any meal"
886577,I said or heard a ??? ???? during any meal
886578,I went to a Shiur on ??? ?????? and extended Yom Tov into the week.
886579,I did something special on ??? ?????? because this ??? will affect my whole year.
886580,I did Kapparos (anytime before ??? ?????)
886581,I asked my friends for forgiveness
886582,I asked for Lekach- honey cake
886583,I gave extra ????
886584,I ate the first ????? (with kreplach)
886585,I ate the ????? ??????
886586,I received a ???? ?????
886587,"I reminded all the girls in my family to give ???? and light candles using their own candlesticks, and in their ??? clothing"
886588,I went to ??? for ?? ???? and davened my quota nicely
886589,I said extra ?????? after ?????
886590,I fasted part of the day
886591,I behaved extra well because my parents were fasting
886592,I went to ??? and davened my ????? quota nicely
886593,I went under the ???? for duchening
886594,"I said "" ...???, ???? ??, ?' ???"" out loud"
886595,"I heard the ???? and said ""???? ??? ????????"""
886596,I spoke about or helped build the ???? on ????? ??? ?????
886597,I helped prepare for ??? ???
886598,"I reminded all the girls in my family to give ???? and light candles using their own candlesticks, and in their ??? clothing"
886599,I went to ??? and davened my ????? quota nicely
886600,"I ate & drank in the ???? and said ""???? ?????"""
886601,I shook ???? and ?????
886602,I went to ??? and davened my ????? and ???? quotas nicely
886603,I went under the ???? for Duchening
886604,I shook ???? and ?????
886605,I went to ??? and davened my ????? and ???? quotas nicely
886606,I went under a ???? for Duchening
886607,"I ate & drank in the ???? and said ""???? ?????"""
886608,"I helped set up, serve, or clean up by any meal"
886609,I said a ??? ???? during any meal
886610,"I davened my ?????, ????, & ??? quotas"
886611,I had a Rev'iis of grape juice
886612,"I ate & drank in the ???? and said ""???? ?????"""
886613,I learned ???? for at least 10 minutes
886614,I participated in ???? ??? ??????
886615,I shook the ???? and ?????
886616,"I davened my ?????, ????, & ??? quotas"
886617,I had a Rev'iis of grape juice
886618,"I ate & drank in the ???? and said ""???? ?????"""
886619,I learned ???? for at least 10 minutes
886620,I participated in ???? ??? ??????
886621,I shook the ???? and ?????
886622,"I davened my ?????, ????, & ??? quotas"
886623,I had a Rev'iis of grape juice
886624,"I ate & drank in the ???? and said ""???? ?????"""
886625,I learned ???? for at least 10 minutes
886626,I participated in ???? ??? ??????
886627,I shook the ???? and ?????
886628,"I davened my ?????, ????, & ??? quotas"
886629,"I ate & drank in the ???? and said ""???? ?????"""
886630,I learned ???? for at least 10 minutes
886631,"I ate ?????? and ""klapped Hoshanas"""
886632,I helped prepare for ??? ???
886633,"I reminded all the girls in my family to give ???? and light candles using their own candlesticks, and in their ??? clothing"
886634,I went to ???
886635,I participated in ?????
886636,I went to ??? and davened my ????? and ???? quotas nicely
886637,I went under the ???? for Duchening
886638,"I started saying ""???? ???? ?????? ????"""
886639,"I helped set up, serve, or clean up by any meal"
886640,I said a ??? ???? during any meal
886641,I went to ???
886642,I participated in ?????
886643,I went to ??? and davened my ????? and ???? quotas nicely
886644,I went under the ???? for Duchening
886645,I had an ???-? with all the kinderlach
886646,"I said ""??? ??? ??????"" after we finished reading the whole ????"
886647,I participated in ?????
886648,"I helped set up, serve, or clean up by any meal"
886649,I said or heard a ??? ???? during any meal
886650,I went to a Shiur on ??? ?????? and extended Yom Tov into the week.
886651,I did something special on ??? ?????? because this ??? will affect my whole year.
886652,I did Kapparos (anytime before ??? ?????)
886653,I asked my friends for forgiveness
886654,I asked for Lekach- honey cake
886655,I gave extra ????
886656,I ate the first ????? (with kreplach)
886657,I ate the ????? ??????
886658,I received a ???? ?????
886659,"I reminded all the girls in my family to give ???? and light candles using their own candlesticks, and in their ??? clothing"
886660,I went to ??? for ?? ???? and davened my quota nicely
886661,I said extra ?????? after ?????
886662,I fasted part of the day
886663,I behaved extra well because my parents were fasting
886664,I went to ??? and davened my ????? quota nicely
886665,I went under the ???? for duchening
886666,"I said "" ...???, ???? ??, ?' ???"" out loud"
886667,"I heard the ???? and said ""???? ??? ????????"""
886668,I spoke about or helped build the ???? on ????? ??? ?????
886669,I helped prepare for ??? ???
886670,"I reminded all the girls in my family to give ???? and light candles using their own candlesticks, and in their ??? clothing"
886671,I went to ??? and davened my ????? quota nicely
886672,"I ate & drank in the ???? and said ""???? ?????"""
886673,I shook ???? and ?????
886674,I went to ??? and davened my ????? and ???? quotas nicely
886675,I went under the ???? for Duchening
886676,I shook ???? and ?????
886677,I went to ??? and davened my ????? and ???? quotas nicely
886678,I went under a ???? for Duchening
886679,"I ate & drank in the ???? and said ""???? ?????"""
886680,"I helped set up, serve, or clean up by any meal"
886681,I said a ??? ???? during any meal
886682,"I davened my ?????, ????, & ??? quotas"
886683,I had a Rev'iis of grape juice
886684,"I ate & drank in the ???? and said ""???? ?????"""
886685,I learned ???? for at least 10 minutes
886686,I participated in ???? ??? ??????
886687,I shook the ???? and ?????
886688,"I davened my ?????, ????, & ??? quotas"
886689,I had a Rev'iis of grape juice
886690,"I ate & drank in the ???? and said ""???? ?????"""
886691,I learned ???? for at least 10 minutes
886692,I participated in ???? ??? ??????
886693,I shook the ???? and ?????
886694,"I davened my ?????, ????, & ??? quotas"
886695,I had a Rev'iis of grape juice
886696,"I ate & drank in the ???? and said ""???? ?????"""
886697,I learned ???? for at least 10 minutes
886698,I participated in ???? ??? ??????
886699,I shook the ???? and ?????
886700,"I davened my ?????, ????, & ??? quotas"
886701,"I ate & drank in the ???? and said ""???? ?????"""
886702,I learned ???? for at least 10 minutes
886703,"I ate ?????? and ""klapped Hoshanas"""
886704,I helped prepare for ??? ???
886705,"I reminded all the girls in my family to give ???? and light candles using their own candlesticks, and in their ??? clothing"
886706,I went to ???
886707,I participated in ?????
886708,I went to ??? and davened my ????? and ???? quotas nicely
886709,I went under the ???? for Duchening
886710,"I started saying ""???? ???? ?????? ????"""
886711,"I helped set up, serve, or clean up by any meal"
886712,I said a ??? ???? during any meal
886713,I went to ???
886714,I participated in ?????
886715,I went to ??? and davened my ????? and ???? quotas nicely
886716,I went under the ???? for Duchening
886717,I had an ???-? with all the kinderlach
886718,"I said ""??? ??? ??????"" after we finished reading the whole ????"
886719,I participated in ?????
886720,"I helped set up, serve, or clean up by any meal"
886721,I said or heard a ??? ???? during any meal
886722,I went to a Shiur on ??? ?????? and extended Yom Tov into the week.
886723,I did something special on ??? ?????? because this ??? will affect my whole year.
886724,I did Kapparos (anytime before ??? ?????)
886725,I asked my friends for forgiveness
886726,I asked for Lekach- honey cake
886727,I gave extra ????
886728,I ate the first ????? (with kreplach)
886729,I ate the ????? ??????
886730,I received a ???? ?????
886731,"I reminded all the girls in my family to give ???? and light candles using their own candlesticks, and in their ??? clothing"
886732,I went to ??? for ?? ???? and davened my quota nicely
886733,I said extra ?????? after ?????
886734,I fasted part of the day
886735,I behaved extra well because my parents were fasting
886736,I went to ??? and davened my ????? quota nicely
886737,I went under the ???? for duchening
886738,"I said "" ...???, ???? ??, ?' ???"" out loud"
886739,"I heard the ???? and said ""???? ??? ????????"""
886740,I spoke about or helped build the ???? on ????? ??? ?????
886741,I helped prepare for ??? ???
886742,"I reminded all the girls in my family to give ???? and light candles using their own candlesticks, and in their ??? clothing"
886743,I went to ??? and davened my ????? quota nicely
886744,"I ate & drank in the ???? and said ""???? ?????"""
886745,I shook ???? and ?????
886746,I went to ??? and davened my ????? and ???? quotas nicely
886747,I went under the ???? for Duchening
886748,I shook ???? and ?????
886749,I went to ??? and davened my ????? and ???? quotas nicely
886750,I went under a ???? for Duchening
886751,"I ate & drank in the ???? and said ""???? ?????"""
886752,"I helped set up, serve, or clean up by any meal"
886753,I said a ??? ???? during any meal
886754,"I davened my ?????, ????, & ??? quotas"
886755,I had a Rev'iis of grape juice
886756,"I ate & drank in the ???? and said ""???? ?????"""
886757,I learned ???? for at least 10 minutes
886758,I participated in ???? ??? ??????
886759,I shook the ???? and ?????
886760,"I davened my ?????, ????, & ??? quotas"
886761,I had a Rev'iis of grape juice
886762,"I ate & drank in the ???? and said ""???? ?????"""
886763,I learned ???? for at least 10 minutes
886764,I participated in ???? ??? ??????
886765,I shook the ???? and ?????
886766,"I davened my ?????, ????, & ??? quotas"
886767,I had a Rev'iis of grape juice
886768,"I ate & drank in the ???? and said ""???? ?????"""
886769,I learned ???? for at least 10 minutes
886770,I participated in ???? ??? ??????
886771,I shook the ???? and ?????
886772,"I davened my ?????, ????, & ??? quotas"
886773,"I ate & drank in the ???? and said ""???? ?????"""
886774,I learned ???? for at least 10 minutes
886775,"I ate ?????? and ""klapped Hoshanas"""
886776,I helped prepare for ??? ???
886777,"I reminded all the girls in my family to give ???? and light candles using their own candlesticks, and in their ??? clothing"
886778,I went to ???
886779,I participated in ?????
886780,I went to ??? and davened my ????? and ???? quotas nicely
886781,I went under the ???? for Duchening
886782,"I started saying ""???? ???? ?????? ????"""
886783,"I helped set up, serve, or clean up by any meal"
886784,I said a ??? ???? during any meal
886785,I went to ???
886786,I participated in ?????
886787,I went to ??? and davened my ????? and ???? quotas nicely
886788,I went under the ???? for Duchening
886789,I had an ???-? with all the kinderlach
886790,"I said ""??? ??? ??????"" after we finished reading the whole ????"
886791,I participated in ?????
886792,"I helped set up, serve, or clean up by any meal"
886793,I said or heard a ??? ???? during any meal
886794,I went to a Shiur on ??? ?????? and extended Yom Tov into the week.
886795,I did something special on ??? ?????? because this ??? will affect my whole year.
886796,I did Kapparos (anytime before ??? ?????)
886797,I asked my friends for forgiveness
886798,I asked for Lekach- honey cake
886799,I gave extra ????
886800,I ate the first ????? (with kreplach)
886801,I ate the ????? ??????
886802,I received a ???? ?????
886803,"I reminded all the girls in my family to give ???? and light candles using their own candlesticks, and in their ??? clothing"
886804,I went to ??? for ?? ???? and davened my quota nicely
886805,I said extra ?????? after ?????
886806,I fasted part of the day
886807,I behaved extra well because my parents were fasting
886808,I went to ??? and davened my ????? quota nicely
886809,I went under the ???? for duchening
886810,"I said "" ...???, ???? ??, ?' ???"" out loud"
886811,"I heard the ???? and said ""???? ??? ????????"""
886812,I spoke about or helped build the ???? on ????? ??? ?????
886813,I helped prepare for ??? ???
886814,"I reminded all the girls in my family to give ???? and light candles using their own candlesticks, and in their ??? clothing"
886815,I went to ??? and davened my ????? quota nicely
886816,"I ate & drank in the ???? and said ""???? ?????"""
886817,I shook ???? and ?????
886818,I went to ??? and davened my ????? and ???? quotas nicely
886819,I went under the ???? for Duchening
886820,I shook ???? and ?????
886821,I went to ??? and davened my ????? and ???? quotas nicely
886822,I went under a ???? for Duchening
886823,"I ate & drank in the ???? and said ""???? ?????"""
886824,"I helped set up, serve, or clean up by any meal"
886825,I said a ??? ???? during any meal
886826,"I davened my ?????, ????, & ??? quotas"
886827,I had a Rev'iis of grape juice
886828,"I ate & drank in the ???? and said ""???? ?????"""
886829,I learned ???? for at least 10 minutes
886830,I participated in ???? ??? ??????
886831,I shook the ???? and ?????
886832,"I davened my ?????, ????, & ??? quotas"
886833,I had a Rev'iis of grape juice
886834,"I ate & drank in the ???? and said ""???? ?????"""
886835,I learned ???? for at least 10 minutes
886836,I participated in ???? ??? ??????
886837,I shook the ???? and ?????
886838,"I davened my ?????, ????, & ??? quotas"
886839,I had a Rev'iis of grape juice
886840,"I ate & drank in the ???? and said ""???? ?????"""
886841,I learned ???? for at least 10 minutes
886842,I participated in ???? ??? ??????
886843,I shook the ???? and ?????
886844,"I davened my ?????, ????, & ??? quotas"
886845,"I ate & drank in the ???? and said ""???? ?????"""
886846,I learned ???? for at least 10 minutes
886847,"I ate ?????? and ""klapped Hoshanas"""
886848,I helped prepare for ??? ???
886849,"I reminded all the girls in my family to give ???? and light candles using their own candlesticks, and in their ??? clothing"
886850,I went to ???
886851,I participated in ?????
886852,I went to ??? and davened my ????? and ???? quotas nicely
886853,I went under the ???? for Duchening
886854,"I started saying ""???? ???? ?????? ????"""
886855,"I helped set up, serve, or clean up by any meal"
886856,I said a ??? ???? during any meal
886857,I went to ???
886858,I participated in ?????
886859,I went to ??? and davened my ????? and ???? quotas nicely
886860,I went under the ???? for Duchening
886861,I had an ???-? with all the kinderlach
886862,"I said ""??? ??? ??????"" after we finished reading the whole ????"
886863,I participated in ?????
886864,"I helped set up, serve, or clean up by any meal"
886865,I said or heard a ??? ???? during any meal
886866,I went to a Shiur on ??? ?????? and extended Yom Tov into the week.
886867,I did something special on ??? ?????? because this ??? will affect my whole year.
886868,I did Kapparos (anytime before ??? ?????)
886869,I asked my friends for forgiveness
886870,I asked for Lekach- honey cake
886871,I gave extra ????
886872,I ate the first ????? (with kreplach)
886873,I ate the ????? ??????
886874,I received a ???? ?????
886875,"I reminded all the girls in my family to give ???? and light candles using their own candlesticks, and in their ??? clothing"
886876,I went to ??? for ?? ???? and davened my quota nicely
886877,I said extra ?????? after ?????
886878,I fasted part of the day
886879,I behaved extra well because my parents were fasting
886880,I went to ??? and davened my ????? quota nicely
886881,I went under the ???? for duchening
886882,"I said "" ...???, ???? ??, ?' ???"" out loud"
886883,"I heard the ???? and said ""???? ??? ????????"""
886884,I spoke about or helped build the ???? on ????? ??? ?????
886885,I helped prepare for ??? ???
886886,"I reminded all the girls in my family to give ???? and light candles using their own candlesticks, and in their ??? clothing"
886887,I went to ??? and davened my ????? quota nicely
886888,"I ate & drank in the ???? and said ""???? ?????"""
886889,I shook ???? and ?????
886890,I went to ??? and davened my ????? and ???? quotas nicely
886891,I went under the ???? for Duchening
886892,I shook ???? and ?????
886893,I went to ??? and davened my ????? and ???? quotas nicely
886894,I went under a ???? for Duchening
886895,"I ate & drank in the ???? and said ""???? ?????"""
886896,"I helped set up, serve, or clean up by any meal"
886897,I said a ??? ???? during any meal
886898,"I davened my ?????, ????, & ??? quotas"
886899,I had a Rev'iis of grape juice
886900,"I ate & drank in the ???? and said ""???? ?????"""
886901,I learned ???? for at least 10 minutes
886902,I participated in ???? ??? ??????
886903,I shook the ???? and ?????
886904,"I davened my ?????, ????, & ??? quotas"
886905,I had a Rev'iis of grape juice
886906,"I ate & drank in the ???? and said ""???? ?????"""
886907,I learned ???? for at least 10 minutes
886908,I participated in ???? ??? ??????
886909,I shook the ???? and ?????
886910,"I davened my ?????, ????, & ??? quotas"
886911,I had a Rev'iis of grape juice
886912,"I ate & drank in the ???? and said ""???? ?????"""
886913,I learned ???? for at least 10 minutes
886914,I participated in ???? ??? ??????
886915,I shook the ???? and ?????
886916,"I davened my ?????, ????, & ??? quotas"
886917,I had a Rev'iis of grape juice
886918,"I ate & drank in the ???? and said ""???? ?????"""
886919,I learned ???? for at least 10 minutes
886920,I participated in ???? ??? ??????
886921,I shook the ???? and ?????
886922,"I davened my ?????, ????, & ??? quotas"
886923,"I ate & drank in the ???? and said ""???? ?????"""
886924,I learned ???? for at least 10 minutes
886925,"I ate ?????? and ""klapped Hoshanas"""
886926,I helped prepare for ??? ???
886927,"I reminded all the girls in my family to give ???? and light candles using their own candlesticks, and in their ??? clothing"
886928,I went to ???
886929,I participated in ?????
886930,I went to ??? and davened my ????? and ???? quotas nicely
886931,I went under the ???? for Duchening
886932,"I started saying ""???? ???? ?????? ????"""
886933,"I helped set up, serve, or clean up by any meal"
886934,I said a ??? ???? during any meal
886935,I went to ???
886936,I participated in ?????
886937,I went to ??? and davened my ????? and ???? quotas nicely
886938,I went under the ???? for Duchening
886939,I had an ???-? with all the kinderlach
886940,"I said ""??? ??? ??????"" after we finished reading the whole ????"
886941,I participated in ?????
886942,"I helped set up, serve, or clean up by any meal"
886943,I said or heard a ??? ???? during any meal
886944,I went to a Shiur on ??? ?????? and extended Yom Tov into the week.
886945,I did something special on ??? ?????? because this ??? will affect my whole year.
886946,I did Kapparos (anytime before ??? ?????)
886947,I asked my friends for forgiveness
886948,I asked for Lekach- honey cake
886949,I gave extra ????
886950,I ate the first ????? (with kreplach)
886951,I ate the ????? ??????
886952,I received a ???? ?????
886953,"I reminded all the girls in my family to give ???? and light candles using their own candlesticks, and in their ??? clothing"
886954,I went to ??? for ?? ???? and davened my quota nicely
886955,I said extra ?????? after ?????
886956,I fasted part of the day
886957,I behaved extra well because my parents were fasting
886958,I went to ??? and davened my ????? quota nicely
886959,I went under the ???? for duchening
886960,"I said "" ...???, ???? ??, ?' ???"" out loud"
886961,"I heard the ???? and said ""???? ??? ????????"""
886962,I spoke about or helped build the ???? on ????? ??? ?????
886963,I helped prepare for ??? ???
886964,"I reminded all the girls in my family to give ???? and light candles using their own candlesticks, and in their ??? clothing"
886965,I went to ??? and davened my ????? quota nicely
886966,"I ate & drank in the ???? and said ""???? ?????"""
886967,I shook ???? and ?????
886968,I went to ??? and davened my ????? and ???? quotas nicely
886969,I went under the ???? for Duchening
886970,I shook ???? and ?????
886971,I went to ??? and davened my ????? and ???? quotas nicely
886972,I went under a ???? for Duchening
886973,"I ate & drank in the ???? and said ""???? ?????"""
886974,"I helped set up, serve, or clean up by any meal"
886975,I said a ??? ???? during any meal
886976,"I davened my ?????, ????, & ??? quotas"
886977,I had a Rev'iis of grape juice
886978,"I ate & drank in the ???? and said ""???? ?????"""
886979,I learned ???? for at least 10 minutes
886980,I participated in ???? ??? ??????
886981,I shook the ???? and ?????
886982,"I davened my ?????, ????, & ??? quotas"
886983,I had a Rev'iis of grape juice
886984,"I ate & drank in the ???? and said ""???? ?????"""
886985,I learned ???? for at least 10 minutes
886986,I participated in ???? ??? ??????
886987,I shook the ???? and ?????
886988,"I davened my ?????, ????, & ??? quotas"
886989,I had a Rev'iis of grape juice
886990,"I ate & drank in the ???? and said ""???? ?????"""
886991,I learned ???? for at least 10 minutes
886992,I participated in ???? ??? ??????
886993,I shook the ???? and ?????
886994,"I davened my ?????, ????, & ??? quotas"
886995,I had a Rev'iis of grape juice
886996,"I ate & drank in the ???? and said ""???? ?????"""
886997,I learned ???? for at least 10 minutes
886998,I participated in ???? ??? ??????
886999,I shook the ???? and ?????
887000,"I davened my ?????, ????, & ??? quotas"
887001,"I ate & drank in the ???? and said ""???? ?????"""
887002,I learned ???? for at least 10 minutes
887003,"I ate ?????? and ""klapped Hoshanas"""
887004,I helped prepare for ??? ???
887005,"I reminded all the girls in my family to give ???? and light candles using their own candlesticks, and in their ??? clothing"
887006,I went to ???
887007,I participated in ?????
887008,I went to ??? and davened my ????? and ???? quotas nicely
887009,I went under the ???? for Duchening
887010,"I started saying ""???? ???? ?????? ????"""
887011,"I helped set up, serve, or clean up by any meal"
887012,I said a ??? ???? during any meal
887013,I went to ???
887014,I participated in ?????
887015,I went to ??? and davened my ????? and ???? quotas nicely
887016,I went under the ???? for Duchening
887017,I had an ???-? with all the kinderlach
887018,"I said ""??? ??? ??????"" after we finished reading the whole ????"
887019,I participated in ?????
887020,"I helped set up, serve, or clean up by any meal"
887021,I said or heard a ??? ???? during any meal
887022,I went to a Shiur on ??? ?????? and extended Yom Tov into the week.
887023,I did something special on ??? ?????? because this ??? will affect my whole year.
887024,I did Kapparos (anytime before ??? ?????)
887025,I asked my friends for forgiveness
887026,I asked for Lekach- honey cake
887027,I gave extra ????
887028,I ate the first ????? (with kreplach)
887029,I ate the ????? ??????
887030,I received a ???? ?????
887031,"I reminded all the girls in my family to give ???? and light candles using their own candlesticks, and in their ??? clothing"
887032,I went to ??? for ?? ???? and davened my quota nicely
887033,I said extra ?????? after ?????
887034,I fasted part of the day
887035,I behaved extra well because my parents were fasting
887036,I went to ??? and davened my ????? quota nicely
887037,I went under the ???? for duchening
887038,"I said "" ...???, ???? ??, ?' ???"" out loud"
887039,"I heard the ???? and said ""???? ??? ????????"""
887040,I spoke about or helped build the ???? on ????? ??? ?????
887041,I helped prepare for ??? ???
887042,"I reminded all the girls in my family to give ???? and light candles using their own candlesticks, and in their ??? clothing"
887043,I went to ??? and davened my ????? quota nicely
887044,"I ate & drank in the ???? and said ""???? ?????"""
887045,I shook ???? and ?????
887046,I went to ??? and davened my ????? and ???? quotas nicely
887047,I went under the ???? for Duchening
887048,I shook ???? and ?????
887049,I went to ??? and davened my ????? and ???? quotas nicely
887050,I went under a ???? for Duchening
887051,"I ate & drank in the ???? and said ""???? ?????"""
887052,"I helped set up, serve, or clean up by any meal"
887053,I said a ??? ???? during any meal
887054,"I davened my ?????, ????, & ??? quotas"
887055,I had a Rev'iis of grape juice
887056,"I ate & drank in the ???? and said ""???? ?????"""
887057,I learned ???? for at least 10 minutes
887058,I participated in ???? ??? ??????
887059,I shook the ???? and ?????
887060,"I davened my ?????, ????, & ??? quotas"
887061,I had a Rev'iis of grape juice
887062,"I ate & drank in the ???? and said ""???? ?????"""
887063,I learned ???? for at least 10 minutes
887064,I participated in ???? ??? ??????
887065,I shook the ???? and ?????
887066,"I davened my ?????, ????, & ??? quotas"
887067,I had a Rev'iis of grape juice
887068,"I ate & drank in the ???? and said ""???? ?????"""
887069,I learned ???? for at least 10 minutes
887070,I participated in ???? ??? ??????
887071,I shook the ???? and ?????
887072,"I davened my ?????, ????, & ??? quotas"
887073,I had a Rev'iis of grape juice
887074,"I ate & drank in the ???? and said ""???? ?????"""
887075,I learned ???? for at least 10 minutes
887076,I participated in ???? ??? ??????
887077,I shook the ???? and ?????
887078,"I davened my ?????, ????, & ??? quotas"
887079,"I ate & drank in the ???? and said ""???? ?????"""
887080,I learned ???? for at least 10 minutes
887081,"I ate ?????? and ""klapped Hoshanas"""
887082,I helped prepare for ??? ???
887083,"I reminded all the girls in my family to give ???? and light candles using their own candlesticks, and in their ??? clothing"
887084,I went to ???
887085,I participated in ?????
887086,I went to ??? and davened my ????? and ???? quotas nicely
887087,I went under the ???? for Duchening
887088,"I started saying ""???? ???? ?????? ????"""
887089,"I helped set up, serve, or clean up by any meal"
887090,I said a ??? ???? during any meal
887091,I went to ???
887092,I participated in ?????
887093,I went to ??? and davened my ????? and ???? quotas nicely
887094,I went under the ???? for Duchening
887095,I had an ???-? with all the kinderlach
887096,"I said ""??? ??? ??????"" after we finished reading the whole ????"
887097,I participated in ?????
887098,"I helped set up, serve, or clean up by any meal"
887099,I said or heard a ??? ???? during any meal
887100,I went to a Shiur on ??? ?????? and extended Yom Tov into the week.
887101,I did something special on ??? ?????? because this ??? will affect my whole year.
887102,I did Kapparos (anytime before ??? ?????)
887103,I asked my friends for forgiveness
887104,I asked for Lekach- honey cake
887105,I gave extra ????
887106,I ate the first ????? (with kreplach)
887107,I ate the ????? ??????
887108,I received a ???? ?????
887109,"I reminded all the girls in my family to give ???? and light candles using their own candlesticks, and in their ??? clothing"
887110,I went to ??? for ?? ???? and davened my quota nicely
887111,I said extra ?????? after ?????
887112,I fasted part of the day
887113,I behaved extra well because my parents were fasting
887114,I went to ??? and davened my ????? quota nicely
887115,I went under the ???? for duchening
887116,"I said "" ...???, ???? ??, ?' ???"" out loud"
887117,"I heard the ???? and said ""???? ??? ????????"""
887118,I spoke about or helped build the ???? on ????? ??? ?????
887119,I helped prepare for ??? ???
887120,"I reminded all the girls in my family to give ???? and light candles using their own candlesticks, and in their ??? clothing"
887121,I went to ??? and davened my ????? quota nicely
887122,"I ate & drank in the ???? and said ""???? ?????"""
887123,I shook ???? and ?????
887124,I went to ??? and davened my ????? and ???? quotas nicely
887125,I went under the ???? for Duchening
887126,I shook ???? and ?????
887127,I went to ??? and davened my ????? and ???? quotas nicely
887128,I went under a ???? for Duchening
887129,"I ate & drank in the ???? and said ""???? ?????"""
887130,"I helped set up, serve, or clean up by any meal"
887131,I said a ??? ???? during any meal
887132,"I davened my ?????, ????, & ??? quotas"
887133,I had a Rev'iis of grape juice
887134,"I ate & drank in the ???? and said ""???? ?????"""
887135,I learned ???? for at least 10 minutes
887136,I participated in ???? ??? ??????
887137,I shook the ???? and ?????
887138,"I davened my ?????, ????, & ??? quotas"
887139,I had a Rev'iis of grape juice
887140,"I ate & drank in the ???? and said ""???? ?????"""
887141,I learned ???? for at least 10 minutes
887142,I participated in ???? ??? ??????
887143,I shook the ???? and ?????
887144,"I davened my ?????, ????, & ??? quotas"
887145,I had a Rev'iis of grape juice
887146,"I ate & drank in the ???? and said ""???? ?????"""
887147,I learned ???? for at least 10 minutes
887148,I participated in ???? ??? ??????
887149,I shook the ???? and ?????
887150,"I davened my ?????, ????, & ??? quotas"
887151,I had a Rev'iis of grape juice
887152,"I ate & drank in the ???? and said ""???? ?????"""
887153,I learned ???? for at least 10 minutes
887154,I participated in ???? ??? ??????
887155,I shook the ???? and ?????
887156,"I davened my ?????, ????, & ??? quotas"
887157,"I ate & drank in the ???? and said ""???? ?????"""
887158,I learned ???? for at least 10 minutes
887159,"I ate ?????? and ""klapped Hoshanas"""
887160,I helped prepare for ??? ???
887161,"I reminded all the girls in my family to give ???? and light candles using their own candlesticks, and in their ??? clothing"
887162,I went to ???
887163,I participated in ?????
887164,I went to ??? and davened my ????? and ???? quotas nicely
887165,I went under the ???? for Duchening
887166,"I started saying ""???? ???? ?????? ????"""
887167,"I helped set up, serve, or clean up by any meal"
887168,I said a ??? ???? during any meal
887169,I went to ???
887170,I participated in ?????
887171,I went to ??? and davened my ????? and ???? quotas nicely
887172,I went under the ???? for Duchening
887173,I had an ???-? with all the kinderlach
887174,"I said ""??? ??? ??????"" after we finished reading the whole ????"
887175,I participated in ?????
887176,"I helped set up, serve, or clean up by any meal"
887177,I said or heard a ??? ???? during any meal
887178,I went to a Shiur on ??? ?????? and extended Yom Tov into the week.
887179,I did something special on ??? ?????? because this ??? will affect my whole year.
887180,I did Kapparos (anytime before ??? ?????)
887181,I asked my friends for forgiveness
887182,I asked for Lekach- honey cake
887183,I gave extra ????
887184,I ate the first ????? (with kreplach)
887185,I ate the ????? ??????
887186,I received a ???? ?????
887187,"I reminded all the girls in my family to give ???? and light candles using their own candlesticks, and in their ??? clothing"
887188,I went to ??? for ?? ???? and davened my quota nicely
887189,I said extra ?????? after ?????
887190,I fasted part of the day
887191,I behaved extra well because my parents were fasting
887192,I went to ??? and davened my ????? quota nicely
887193,I went under the ???? for duchening
887194,"I said "" ...???, ???? ??, ?' ???"" out loud"
887195,"I heard the ???? and said ""???? ??? ????????"""
887196,I spoke about or helped build the ???? on ????? ??? ?????
887197,I helped prepare for ??? ???
887198,"I reminded all the girls in my family to give ???? and light candles using their own candlesticks, and in their ??? clothing"
887199,I went to ??? and davened my ????? quota nicely
887200,"I ate & drank in the ???? and said ""???? ?????"""
887201,I shook ???? and ?????
887202,I went to ??? and davened my ????? and ???? quotas nicely
887203,I went under the ???? for Duchening
887204,I shook ???? and ?????
887205,I went to ??? and davened my ????? and ???? quotas nicely
887206,I went under a ???? for Duchening
887207,"I ate & drank in the ???? and said ""???? ?????"""
887208,"I helped set up, serve, or clean up by any meal"
887209,I said a ??? ???? during any meal
887210,"I davened my ?????, ????, & ??? quotas"
887211,I had a Rev'iis of grape juice
887212,"I ate & drank in the ???? and said ""???? ?????"""
887213,I learned ???? for at least 10 minutes
887214,I participated in ???? ??? ??????
887215,I shook the ???? and ?????
887216,"I davened my ?????, ????, & ??? quotas"
887217,I had a Rev'iis of grape juice
887218,"I ate & drank in the ???? and said ""???? ?????"""
887219,I learned ???? for at least 10 minutes
887220,I participated in ???? ??? ??????
887221,I shook the ???? and ?????
887222,"I davened my ?????, ????, & ??? quotas"
887223,I had a Rev'iis of grape juice
887224,"I ate & drank in the ???? and said ""???? ?????"""
887225,I learned ???? for at least 10 minutes
887226,I participated in ???? ??? ??????
887227,I shook the ???? and ?????
887228,"I davened my ?????, ????, & ??? quotas"
887229,I had a Rev'iis of grape juice
887230,"I ate & drank in the ???? and said ""???? ?????"""
887231,I learned ???? for at least 10 minutes
887232,I participated in ???? ??? ??????
887233,I shook the ???? and ?????
887234,"I davened my ?????, ????, & ??? quotas"
887235,"I ate & drank in the ???? and said ""???? ?????"""
887236,I learned ???? for at least 10 minutes
887237,"I ate ?????? and ""klapped Hoshanas"""
887238,I helped prepare for ??? ???
887239,"I reminded all the girls in my family to give ???? and light candles using their own candlesticks, and in their ??? clothing"
887240,I went to ???
887241,I participated in ?????
887242,I went to ??? and davened my ????? and ???? quotas nicely
887243,I went under the ???? for Duchening
887244,"I started saying ""???? ???? ?????? ????"""
887245,"I helped set up, serve, or clean up by any meal"
887246,I said a ??? ???? during any meal
887247,I went to ???
887248,I participated in ?????
887249,I went to ??? and davened my ????? and ???? quotas nicely
887250,I went under the ???? for Duchening
887251,I had an ???-? with all the kinderlach
887252,"I said ""??? ??? ??????"" after we finished reading the whole ????"
887253,I participated in ?????
887254,"I helped set up, serve, or clean up by any meal"
887255,I said or heard a ??? ???? during any meal
887256,I went to a Shiur on ??? ?????? and extended Yom Tov into the week.
887257,I did something special on ??? ?????? because this ??? will affect my whole year.
887258,I did Kapparos (anytime before ??? ?????)
887259,I asked my friends for forgiveness
887260,I asked for Lekach- honey cake
887261,I gave extra ????
887262,I ate the first ????? (with kreplach)
887263,I ate the ????? ??????
887264,I received a ???? ?????
887265,"I reminded all the girls in my family to give ???? and light candles using their own candlesticks, and in their ??? clothing"
887266,I went to ??? for ?? ???? and davened my quota nicely
887267,I said extra ?????? after ?????
887268,I fasted part of the day
887269,I behaved extra well because my parents were fasting
887270,I went to ??? and davened my ????? quota nicely
887271,I went under the ???? for duchening
887272,"I said "" ...???, ???? ??, ?' ???"" out loud"
887273,"I heard the ???? and said ""???? ??? ????????"""
887274,I spoke about or helped build the ???? on ????? ??? ?????
887275,I helped prepare for ??? ???
887276,"I reminded all the girls in my family to give ???? and light candles using their own candlesticks, and in their ??? clothing"
887277,I went to ??? and davened my ????? quota nicely
887278,"I ate & drank in the ???? and said ""???? ?????"""
887279,I shook ???? and ?????
887280,I went to ??? and davened my ????? and ???? quotas nicely
887281,I went under the ???? for Duchening
887282,I shook ???? and ?????
887283,I went to ??? and davened my ????? and ???? quotas nicely
887284,I went under a ???? for Duchening
887285,"I ate & drank in the ???? and said ""???? ?????"""
887286,"I helped set up, serve, or clean up by any meal"
887287,I said a ??? ???? during any meal
887288,"I davened my ?????, ????, & ??? quotas"
887289,I had a Rev'iis of grape juice
887290,"I ate & drank in the ???? and said ""???? ?????"""
887291,I learned ???? for at least 10 minutes
887292,I participated in ???? ??? ??????
887293,I shook the ???? and ?????
887294,"I davened my ?????, ????, & ??? quotas"
887295,I had a Rev'iis of grape juice
887296,"I ate & drank in the ???? and said ""???? ?????"""
887297,I learned ???? for at least 10 minutes
887298,I participated in ???? ??? ??????
887299,I shook the ???? and ?????
887300,"I davened my ?????, ????, & ??? quotas"
887301,I had a Rev'iis of grape juice
887302,"I ate & drank in the ???? and said ""???? ?????"""
887303,I learned ???? for at least 10 minutes
887304,I participated in ???? ??? ??????
887305,I shook the ???? and ?????
887306,"I davened my ?????, ????, & ??? quotas"
887307,I had a Rev'iis of grape juice
887308,"I ate & drank in the ???? and said ""???? ?????"""
887309,I learned ???? for at least 10 minutes
887310,I participated in ???? ??? ??????
887311,I shook the ???? and ?????
887312,"I davened my ?????, ????, & ??? quotas"
887313,"I ate & drank in the ???? and said ""???? ?????"""
887314,I learned ???? for at least 10 minutes
887315,"I ate ?????? and ""klapped Hoshanas"""
887316,I helped prepare for ??? ???
887317,"I reminded all the girls in my family to give ???? and light candles using their own candlesticks, and in their ??? clothing"
887318,I went to ???
887319,I participated in ?????
887320,I went to ??? and davened my ????? and ???? quotas nicely
887321,I went under the ???? for Duchening
887322,"I started saying ""???? ???? ?????? ????"""
887323,"I helped set up, serve, or clean up by any meal"
887324,I said a ??? ???? during any meal
887325,I went to ???
887326,I participated in ?????
887327,I went to ??? and davened my ????? and ???? quotas nicely
887328,I went under the ???? for Duchening
887329,I had an ???-? with all the kinderlach
887330,"I said ""??? ??? ??????"" after we finished reading the whole ????"
887331,I participated in ?????
887332,"I helped set up, serve, or clean up by any meal"
887333,I said or heard a ??? ???? during any meal
887334,I went to a Shiur on ??? ?????? and extended Yom Tov into the week.
887335,I did something special on ??? ?????? because this ??? will affect my whole year.
887336,I did Kapparos (anytime before ??? ?????)
887337,I asked my friends for forgiveness
887338,I asked for Lekach- honey cake
887339,I gave extra ????
887340,I ate the first ????? (with kreplach)
887341,I ate the ????? ??????
887342,I received a ???? ?????
887343,"I reminded all the girls in my family to give ???? and light candles using their own candlesticks, and in their ??? clothing"
887344,I went to ??? for ?? ???? and davened my quota nicely
887345,I said extra ?????? after ?????
887346,I fasted part of the day
887347,I behaved extra well because my parents were fasting
887348,I went to ??? and davened my ????? quota nicely
887349,I went under the ???? for duchening
887350,"I said "" ...???, ???? ??, ?' ???"" out loud"
887351,"I heard the ???? and said ""???? ??? ????????"""
887352,I spoke about or helped build the ???? on ????? ??? ?????
887353,I helped prepare for ??? ???
887354,"I reminded all the girls in my family to give ???? and light candles using their own candlesticks, and in their ??? clothing"
887355,I went to ??? and davened my ????? quota nicely
887356,"I ate & drank in the ???? and said ""???? ?????"""
887357,I shook ???? and ?????
887358,I went to ??? and davened my ????? and ???? quotas nicely
887359,I went under the ???? for Duchening
887360,I shook ???? and ?????
887361,I went to ??? and davened my ????? and ???? quotas nicely
887362,I went under a ???? for Duchening
887363,"I ate & drank in the ???? and said ""???? ?????"""
887364,"I helped set up, serve, or clean up by any meal"
887365,I said a ??? ???? during any meal
887366,"I davened my ?????, ????, & ??? quotas"
887367,I had a Rev'iis of grape juice
887368,"I ate & drank in the ???? and said ""???? ?????"""
887369,I learned ???? for at least 10 minutes
887370,I participated in ???? ??? ??????
887371,I shook the ???? and ?????
887372,"I davened my ?????, ????, & ??? quotas"
887373,I had a Rev'iis of grape juice
887374,"I ate & drank in the ???? and said ""???? ?????"""
887375,I learned ???? for at least 10 minutes
887376,I participated in ???? ??? ??????
887377,I shook the ???? and ?????
887378,"I davened my ?????, ????, & ??? quotas"
887379,I had a Rev'iis of grape juice
887380,"I ate & drank in the ???? and said ""???? ?????"""
887381,I learned ???? for at least 10 minutes
887382,I participated in ???? ??? ??????
887383,I shook the ???? and ?????
887384,"I davened my ?????, ????, & ??? quotas"
887385,I had a Rev'iis of grape juice
887386,"I ate & drank in the ???? and said ""???? ?????"""
887387,I learned ???? for at least 10 minutes
887388,I participated in ???? ??? ??????
887389,I shook the ???? and ?????
887390,"I davened my ?????, ????, & ??? quotas"
887391,"I ate & drank in the ???? and said ""???? ?????"""
887392,I learned ???? for at least 10 minutes
887393,"I ate ?????? and ""klapped Hoshanas"""
887394,I helped prepare for ??? ???
887395,"I reminded all the girls in my family to give ???? and light candles using their own candlesticks, and in their ??? clothing"
887396,I went to ???
887397,I participated in ?????
887398,I went to ??? and davened my ????? and ???? quotas nicely
887399,I went under the ???? for Duchening
887400,"I started saying ""???? ???? ?????? ????"""
887401,"I helped set up, serve, or clean up by any meal"
887402,I said a ??? ???? during any meal
887403,I went to ???
887404,I participated in ?????
887405,I went to ??? and davened my ????? and ???? quotas nicely
887406,I went under the ???? for Duchening
887407,I had an ???-? with all the kinderlach
887408,"I said ""??? ??? ??????"" after we finished reading the whole ????"
887409,I participated in ?????
887410,"I helped set up, serve, or clean up by any meal"
887411,I said or heard a ??? ???? during any meal
887412,I went to a Shiur on ??? ?????? and extended Yom Tov into the week.
887413,I did something special on ??? ?????? because this ??? will affect my whole year.
887414,I did Kapparos (anytime before ??? ?????)
887415,I asked my friends for forgiveness
887416,I asked for Lekach- honey cake
887417,I gave extra ????
887418,I ate the first ????? (with kreplach)
887419,I ate the ????? ??????
887420,I received a ???? ?????
887421,"I reminded all the girls in my family to give ???? and light candles using their own candlesticks, and in their ??? clothing"
887422,I went to ??? for ?? ???? and davened my quota nicely
887423,I said extra ?????? after ?????
887424,I fasted part of the day
887425,I behaved extra well because my parents were fasting
887426,I went to ??? and davened my ????? quota nicely
887427,I went under the ???? for duchening
887428,"I said "" ...???, ???? ??, ?' ???"" out loud"
887429,"I heard the ???? and said ""???? ??? ????????"""
887430,I spoke about or helped build the ???? on ????? ??? ?????
887431,I helped prepare for ??? ???
887432,"I reminded all the girls in my family to give ???? and light candles using their own candlesticks, and in their ??? clothing"
887433,I went to ??? and davened my ????? quota nicely
887434,"I ate & drank in the ???? and said ""???? ?????"""
887435,I shook ???? and ?????
887436,I went to ??? and davened my ????? and ???? quotas nicely
887437,I went under the ???? for Duchening
887438,I shook ???? and ?????
887439,I went to ??? and davened my ????? and ???? quotas nicely
887440,I went under a ???? for Duchening
887441,"I ate & drank in the ???? and said ""???? ?????"""
887442,"I helped set up, serve, or clean up by any meal"
887443,I said a ??? ???? during any meal
887444,"I davened my ?????, ????, & ??? quotas"
887445,I had a Rev'iis of grape juice
887446,"I ate & drank in the ???? and said ""???? ?????"""
887447,I learned ???? for at least 10 minutes
887448,I participated in ???? ??? ??????
887449,I shook the ???? and ?????
887450,"I davened my ?????, ????, & ??? quotas"
887451,I had a Rev'iis of grape juice
887452,"I ate & drank in the ???? and said ""???? ?????"""
887453,I learned ???? for at least 10 minutes
887454,I participated in ???? ??? ??????
887455,I shook the ???? and ?????
887456,"I davened my ?????, ????, & ??? quotas"
887457,I had a Rev'iis of grape juice
887458,"I ate & drank in the ???? and said ""???? ?????"""
887459,I learned ???? for at least 10 minutes
887460,I participated in ???? ??? ??????
887461,I shook the ???? and ?????
887462,"I davened my ?????, ????, & ??? quotas"
887463,I had a Rev'iis of grape juice
887464,"I ate & drank in the ???? and said ""???? ?????"""
887465,I learned ???? for at least 10 minutes
887466,I participated in ???? ??? ??????
887467,I shook the ???? and ?????
887468,"I davened my ?????, ????, & ??? quotas"
887469,"I ate & drank in the ???? and said ""???? ?????"""
887470,I learned ???? for at least 10 minutes
887471,"I ate ?????? and ""klapped Hoshanas"""
887472,I helped prepare for ??? ???
887473,"I reminded all the girls in my family to give ???? and light candles using their own candlesticks, and in their ??? clothing"
887474,I went to ???
887475,I participated in ?????
887476,I went to ??? and davened my ????? and ???? quotas nicely
887477,I went under the ???? for Duchening
887478,"I started saying ""???? ???? ?????? ????"""
887479,"I helped set up, serve, or clean up by any meal"
887480,I said a ??? ???? during any meal
887481,I went to ???
887482,I participated in ?????
887483,I went to ??? and davened my ????? and ???? quotas nicely
887484,I went under the ???? for Duchening
887485,I had an ???-? with all the kinderlach
887486,"I said ""??? ??? ??????"" after we finished reading the whole ????"
887487,I participated in ?????
887488,"I helped set up, serve, or clean up by any meal"
887489,I said or heard a ??? ???? during any meal
887490,I went to a Shiur on ??? ?????? and extended Yom Tov into the week.
887491,I did something special on ??? ?????? because this ??? will affect my whole year.
892394,I did Kapparos (anytime before ??? ?????)
892395,I asked my friends for forgiveness
892396,I asked for Lekach- honey cake
892397,I gave extra ????
892398,I ate the first ????? (with kreplach)
892400,I ate the ????? ??????
892401,I received a ???? ?????
892402,I lit candles and gave tzedokah using my OWN candlesticks and pushkas in my Shabbos clothing
892403,I went to ??? for ?? ???? and davened my quota nicely
892404,I said extra ?????? after ?????
892405,I fasted part of the day/night
892406,I behaved extra well because my parents were fasting
892407,I went to ??? and davened my ????? quota nicely
892410,I listened to ???? ?????
892413,"I said "" ...???, ???? ??, ?' ???"" out loud"
892414,"I heard the ???? and said ""???? ??? ????????"""
892415,I helped prepare for ??? ???
892416,"I gave ???? and lit candles using my own candlesticks, and in my ??? clothing"
892417,I davened my ????? quota nicely
892418,"I ate & drank in the ???? and said ""???? ?????"""
892419,I said or heard a ??? ???? during any meal
892420,I shook ???? and ?????
892421,I went to ??? and davened my ????? and ???? quotas nicely
892423,I listened to ???? ?????
892426,I shook ???? and ?????
892427,I went to ??? and davened my ????? and ???? quotas nicely
892429,I listened to ???? ?????
892430,"I ate & drank in the ???? and said ""???? ?????"""
892431,"I helped set up, serve, or clean up by any meal"
892432,I said or heard a ??? ???? during any meal
892433,I lit ??? candles using my own candlesticks and in my ??? clothing
892434,"I davened my ?????, ????, & ??? quotas"
892435,"I made a ""???? ?????"" in the ????"
892436,I learned ???? for at least 10 minutes
892439,I participated in ???? ??? ??????
892440,I shook the ???? and ?????
892441,"I davened my ?????, ????, & ??? quotas nicely"
892442,"I made a ""???? ?????"" in the ????"
892443,I learned ???? for at least 10 minutes
892446,I participated in ???? ??? ??????
892447,I shook the ???? and ?????
892448,"I davened my ?????, ????, & ??? quotas nicely"
892449,"I made a ""???? ?????"" in the ????"
892450,I learned ???? for at least 10 minutes
892453,I participated in ???? ??? ??????
892454,I shook the ???? and ?????
892455,"I davened my ?????, ????, & ??? quotas nicely"
892456,"I made a ""???? ?????"" in the ????"
892457,I learned ???? for at least 10 minutes
892460,I participated in ???? ??? ??????
892461,I shook the ???? and ?????
892462,"I davened my ?????, ????, & ??? quotas nicely"
892463,"I made a ""???? ?????"" in the ????"
892464,I learned ???? for at least 10 minutes
892465,"I ate ?????? and ""klapped Hoshanas"""
892466,I helped prepare for ??? ???
892467,"I gave ???? and lit candles using my own candlesticks, and in my ??? clothing"
892469,I went to ??? and davened my ????? quota
892470,I went to ??? and davened my ????? and ???? quotas nicely
892472,I listened to ???? ?????
892473,"I started saying ""???? ???? ?????? ????"""
892475,"I helped set up, serve, or clean up by any meal"
892476,I said or heard a ??? ???? during any meal
892477,I lit ??? candles using my own candlesticks and in my ??? clothing
892478,I went to ????? and said ??? ????
892479,I davened my ????? and ???? quotas nicely
892480,I listened to ???? ?????
892481,"I said ""??? ??? ??????"" after we finished reading the whole ????"
892482,I went to ????? and said ??? ????
892484,"I helped set up, serve, or clean up by any meal"
892485,I said or heard a ??? ???? during any meal
892486,I did something special on ??? ?????? because this ??? will affect my whole year.
892487,"I lit ??? candles before the ??? using my own candlesticks, and in my ??? clothing"
892488,I spoke about or helped build the ???? on ????? ??? ?????
892489,I did Kapparos (anytime before ??? ?????)
892490,I asked my friends for forgiveness
892491,I asked for Lekach- honey cake
892492,I gave extra ????
892493,I ate the first ????? (with kreplach)
892494,I ate the ????? ??????
892495,I received a ???? ?????
892496,I lit candles and gave tzedokah using my OWN candlesticks and pushkas in my Shabbos clothing
892497,I went to ??? for ?? ???? and davened my quota nicely
892498,I said extra ?????? after ?????
892499,I fasted part of the day/night
892500,I behaved extra well because my parents were fasting
892501,I went to ??? and davened my ????? quota nicely
892502,I listened to ???? ?????
892503,"I said "" ...???, ???? ??, ?' ???"" out loud"
892504,"I heard the ???? and said ""???? ??? ????????"""
892505,I spoke about or helped build the ???? on ????? ??? ?????
892506,I helped prepare for ??? ???
892507,"I gave ???? and lit candles using my own candlesticks, and in my ??? clothing"
892508,I davened my ????? quota nicely
892509,"I ate & drank in the ???? and said ""???? ?????"""
892510,I said or heard a ??? ???? during any meal
892511,I shook ???? and ?????
892512,I went to ??? and davened my ????? and ???? quotas nicely
892513,I listened to ???? ?????
892514,I lit ??? candles using my own candlesticks and in my ??? clothing
892515,I shook ???? and ?????
892516,I went to ??? and davened my ????? and ???? quotas nicely
892517,I listened to ???? ?????
892518,"I ate & drank in the ???? and said ""???? ?????"""
892519,"I helped set up, serve, or clean up by any meal"
892520,I said or heard a ??? ???? during any meal
892521,"I davened my ?????, ????, & ??? quotas"
892522,"I made a ""???? ?????"" in the ????"
892523,I learned ???? for at least 10 minutes
892524,I participated in ???? ??? ??????
892525,I shook the ???? and ?????
892526,"I davened my ?????, ????, & ??? quotas nicely"
892527,"I made a ""???? ?????"" in the ????"
892528,I learned ???? for at least 10 minutes
892529,I participated in ???? ??? ??????
892530,I shook the ???? and ?????
892531,"I davened my ?????, ????, & ??? quotas nicely"
892532,"I made a ""???? ?????"" in the ????"
892533,I learned ???? for at least 10 minutes
892534,I participated in ???? ??? ??????
892535,I shook the ???? and ?????
892536,"I davened my ?????, ????, & ??? quotas nicely"
892537,"I made a ""???? ?????"" in the ????"
892538,I learned ???? for at least 10 minutes
892539,I participated in ???? ??? ??????
892540,I shook the ???? and ?????
892541,"I davened my ?????, ????, & ??? quotas nicely"
892542,"I made a ""???? ?????"" in the ????"
892543,I learned ???? for at least 10 minutes
892544,"I ate ?????? and ""klapped Hoshanas"""
892545,I helped prepare for ??? ???
892546,"I gave ???? and lit candles using my own candlesticks, and in my ??? clothing"
892547,I went to ??? and davened my ????? quota
892548,I went to ??? and davened my ????? and ???? quotas nicely
892549,I listened to ???? ?????
892550,"I started saying ""???? ???? ?????? ????"""
892551,"I helped set up, serve, or clean up by any meal"
892552,I said or heard a ??? ???? during any meal
892553,I lit ??? candles using my own candlesticks and in my ??? clothing
892554,I went to ????? and said ??? ????
892555,I davened my ????? and ???? quotas nicely
892556,I listened to ???? ?????
892557,"I said ""??? ??? ??????"" after we finished reading the whole ????"
892558,I went to ????? and said ??? ????
892559,"I helped set up, serve, or clean up by any meal"
892560,I said or heard a ??? ???? during any meal
892561,"I lit ??? candles before the ??? using my own candlesticks, and in my ??? clothing"
892562,I did something special on ??? ?????? because this ??? will affect my whole year.
892563,I did Kapparos (anytime before ??? ?????)
892564,I asked my friends for forgiveness
892565,I asked for Lekach- honey cake
892566,I gave extra ????
892567,I ate the first ????? (with kreplach)
892568,I ate the ????? ??????
892569,I received a ???? ?????
892570,I lit candles and gave tzedokah using my OWN candlesticks and pushkas in my Shabbos clothing
892571,I went to ??? for ?? ???? and davened my quota nicely
892572,I said extra ?????? after ?????
892573,I fasted part of the day/night
892574,I behaved extra well because my parents were fasting
892575,I went to ??? and davened my ????? quota nicely
892576,I listened to ???? ?????
892577,"I said "" ...???, ???? ??, ?' ???"" out loud"
892578,"I heard the ???? and said ""???? ??? ????????"""
892579,I spoke about or helped build the ???? on ????? ??? ?????
892580,I helped prepare for ??? ???
892581,"I gave ???? and lit candles using my own candlesticks, and in my ??? clothing"
892582,I davened my ????? quota nicely
892583,"I ate & drank in the ???? and said ""???? ?????"""
892584,I said or heard a ??? ???? during any meal
892585,I shook ???? and ?????
892586,I went to ??? and davened my ????? and ???? quotas nicely
892587,I listened to ???? ?????
892588,I lit ??? candles using my own candlesticks and in my ??? clothing
892589,I shook ???? and ?????
892590,I went to ??? and davened my ????? and ???? quotas nicely
892591,I listened to ???? ?????
892592,"I ate & drank in the ???? and said ""???? ?????"""
892593,"I helped set up, serve, or clean up by any meal"
892594,I said or heard a ??? ???? during any meal
892595,"I davened my ?????, ????, & ??? quotas"
892596,"I made a ""???? ?????"" in the ????"
892597,I learned ???? for at least 10 minutes
892598,I participated in ???? ??? ??????
892599,I shook the ???? and ?????
892600,"I davened my ?????, ????, & ??? quotas nicely"
892601,"I made a ""???? ?????"" in the ????"
892602,I learned ???? for at least 10 minutes
892603,I participated in ???? ??? ??????
892604,I shook the ???? and ?????
892605,"I davened my ?????, ????, & ??? quotas nicely"
892606,"I made a ""???? ?????"" in the ????"
892607,I learned ???? for at least 10 minutes
892608,I participated in ???? ??? ??????
892609,I shook the ???? and ?????
892610,"I davened my ?????, ????, & ??? quotas nicely"
892611,"I made a ""???? ?????"" in the ????"
892612,I learned ???? for at least 10 minutes
892613,I participated in ???? ??? ??????
892614,I shook the ???? and ?????
892615,"I davened my ?????, ????, & ??? quotas nicely"
892616,"I made a ""???? ?????"" in the ????"
892617,I learned ???? for at least 10 minutes
892618,"I ate ?????? and ""klapped Hoshanas"""
892619,I helped prepare for ??? ???
892620,"I gave ???? and lit candles using my own candlesticks, and in my ??? clothing"
892621,I went to ??? and davened my ????? quota
892622,I went to ??? and davened my ????? and ???? quotas nicely
892623,I listened to ???? ?????
892624,"I started saying ""???? ???? ?????? ????"""
892625,"I helped set up, serve, or clean up by any meal"
892626,I said or heard a ??? ???? during any meal
892627,I lit ??? candles using my own candlesticks and in my ??? clothing
892628,I went to ????? and said ??? ????
892629,I davened my ????? and ???? quotas nicely
892630,I listened to ???? ?????
892631,"I said ""??? ??? ??????"" after we finished reading the whole ????"
892632,I went to ????? and said ??? ????
892633,"I helped set up, serve, or clean up by any meal"
892634,I said or heard a ??? ???? during any meal
892635,"I lit ??? candles before the ??? using my own candlesticks, and in my ??? clothing"
892636,I did something special on ??? ?????? because this ??? will affect my whole year.
892637,I did Kapparos (anytime before ??? ?????)
892638,I asked my friends for forgiveness
892639,I asked for Lekach- honey cake
892640,I gave extra ????
892641,I ate the first ????? (with kreplach)
892642,I ate the ????? ??????
892643,I received a ???? ?????
892644,I lit candles and gave tzedokah using my OWN candlesticks and pushkas in my Shabbos clothing
892645,I went to ??? for ?? ???? and davened my quota nicely
892646,I said extra ?????? after ?????
892647,I fasted part of the day/night
892648,I behaved extra well because my parents were fasting
892649,I went to ??? and davened my ????? quota nicely
892650,I listened to ???? ?????
892651,"I said "" ...???, ???? ??, ?' ???"" out loud"
892652,"I heard the ???? and said ""???? ??? ????????"""
892653,I spoke about or helped build the ???? on ????? ??? ?????
892654,I helped prepare for ??? ???
892655,"I gave ???? and lit candles using my own candlesticks, and in my ??? clothing"
892656,I davened my ????? quota nicely
892657,"I ate & drank in the ???? and said ""???? ?????"""
892658,I said or heard a ??? ???? during any meal
892659,I shook ???? and ?????
892660,I went to ??? and davened my ????? and ???? quotas nicely
892661,I listened to ???? ?????
892662,I lit ??? candles using my own candlesticks and in my ??? clothing
892663,I shook ???? and ?????
892664,I went to ??? and davened my ????? and ???? quotas nicely
892665,I listened to ???? ?????
892666,"I ate & drank in the ???? and said ""???? ?????"""
892667,"I helped set up, serve, or clean up by any meal"
892668,I said or heard a ??? ???? during any meal
892669,"I davened my ?????, ????, & ??? quotas"
892670,"I made a ""???? ?????"" in the ????"
892671,I learned ???? for at least 10 minutes
892672,I participated in ???? ??? ??????
892673,I shook the ???? and ?????
892674,"I davened my ?????, ????, & ??? quotas nicely"
892675,"I made a ""???? ?????"" in the ????"
892676,I learned ???? for at least 10 minutes
892677,I participated in ???? ??? ??????
892678,I shook the ???? and ?????
892679,"I davened my ?????, ????, & ??? quotas nicely"
892680,"I made a ""???? ?????"" in the ????"
892681,I learned ???? for at least 10 minutes
892682,I participated in ???? ??? ??????
892683,I shook the ???? and ?????
892684,"I davened my ?????, ????, & ??? quotas nicely"
892685,"I made a ""???? ?????"" in the ????"
892686,I learned ???? for at least 10 minutes
892687,I participated in ???? ??? ??????
892688,I shook the ???? and ?????
892689,"I davened my ?????, ????, & ??? quotas nicely"
892690,"I made a ""???? ?????"" in the ????"
892691,I learned ???? for at least 10 minutes
892692,"I ate ?????? and ""klapped Hoshanas"""
892693,I helped prepare for ??? ???
892694,"I gave ???? and lit candles using my own candlesticks, and in my ??? clothing"
892695,I went to ??? and davened my ????? quota
892696,I went to ??? and davened my ????? and ???? quotas nicely
892697,I listened to ???? ?????
892698,"I started saying ""???? ???? ?????? ????"""
892699,"I helped set up, serve, or clean up by any meal"
892700,I said or heard a ??? ???? during any meal
892701,I lit ??? candles using my own candlesticks and in my ??? clothing
892702,I went to ????? and said ??? ????
892703,I davened my ????? and ???? quotas nicely
892704,I listened to ???? ?????
892705,"I said ""??? ??? ??????"" after we finished reading the whole ????"
892706,I went to ????? and said ??? ????
892707,"I helped set up, serve, or clean up by any meal"
892708,I said or heard a ??? ???? during any meal
892709,"I lit ??? candles before the ??? using my own candlesticks, and in my ??? clothing"
892710,I did something special on ??? ?????? because this ??? will affect my whole year.
892711,I did Kapparos (anytime before ??? ?????)
892712,I asked my friends for forgiveness
892713,I asked for Lekach- honey cake
892714,I gave extra ????
892715,I ate the first ????? (with kreplach)
892716,I ate the ????? ??????
892717,I received a ???? ?????
892718,I lit candles and gave tzedokah using my OWN candlesticks and pushkas in my Shabbos clothing
892719,I went to ??? for ?? ???? and davened my quota nicely
892720,I said extra ?????? after ?????
892721,I fasted part of the day/night
892722,I behaved extra well because my parents were fasting
892723,I went to ??? and davened my ????? quota nicely
892724,I listened to ???? ?????
892725,"I said "" ...???, ???? ??, ?' ???"" out loud"
892726,"I heard the ???? and said ""???? ??? ????????"""
892727,I spoke about or helped build the ???? on ????? ??? ?????
892728,I helped prepare for ??? ???
892729,"I gave ???? and lit candles using my own candlesticks, and in my ??? clothing"
892730,I davened my ????? quota nicely
892731,"I ate & drank in the ???? and said ""???? ?????"""
892732,I said or heard a ??? ???? during any meal
892733,I shook ???? and ?????
892734,I went to ??? and davened my ????? and ???? quotas nicely
892735,I listened to ???? ?????
892736,I lit ??? candles using my own candlesticks and in my ??? clothing
892737,I shook ???? and ?????
892738,I went to ??? and davened my ????? and ???? quotas nicely
892739,I listened to ???? ?????
892740,"I ate & drank in the ???? and said ""???? ?????"""
892741,"I helped set up, serve, or clean up by any meal"
892742,I said or heard a ??? ???? during any meal
892743,"I davened my ?????, ????, & ??? quotas"
892744,"I made a ""???? ?????"" in the ????"
892745,I learned ???? for at least 10 minutes
892746,I participated in ???? ??? ??????
892747,I shook the ???? and ?????
892748,"I davened my ?????, ????, & ??? quotas nicely"
892749,"I made a ""???? ?????"" in the ????"
892750,I learned ???? for at least 10 minutes
892751,I participated in ???? ??? ??????
892752,I shook the ???? and ?????
892753,"I davened my ?????, ????, & ??? quotas nicely"
892754,"I made a ""???? ?????"" in the ????"
892755,I learned ???? for at least 10 minutes
892756,I participated in ???? ??? ??????
892757,I shook the ???? and ?????
892758,"I davened my ?????, ????, & ??? quotas nicely"
892759,"I made a ""???? ?????"" in the ????"
892760,I learned ???? for at least 10 minutes
892761,I participated in ???? ??? ??????
892762,I shook the ???? and ?????
892763,"I davened my ?????, ????, & ??? quotas nicely"
892764,"I made a ""???? ?????"" in the ????"
892765,I learned ???? for at least 10 minutes
892766,"I ate ?????? and ""klapped Hoshanas"""
892767,I helped prepare for ??? ???
892768,"I gave ???? and lit candles using my own candlesticks, and in my ??? clothing"
892769,I went to ??? and davened my ????? quota
892770,I went to ??? and davened my ????? and ???? quotas nicely
892771,I listened to ???? ?????
892772,"I started saying ""???? ???? ?????? ????"""
892773,"I helped set up, serve, or clean up by any meal"
892774,I said or heard a ??? ???? during any meal
892775,I lit ??? candles using my own candlesticks and in my ??? clothing
892776,I went to ????? and said ??? ????
892777,I davened my ????? and ???? quotas nicely
892778,I listened to ???? ?????
892779,"I said ""??? ??? ??????"" after we finished reading the whole ????"
892780,I went to ????? and said ??? ????
892781,"I helped set up, serve, or clean up by any meal"
892782,I said or heard a ??? ???? during any meal
892783,"I lit ??? candles before the ??? using my own candlesticks, and in my ??? clothing"
892784,I did something special on ??? ?????? because this ??? will affect my whole year.
892785,I did Kapparos (anytime before ??? ?????)
892786,I asked my friends for forgiveness
892787,I asked for Lekach- honey cake
892788,I gave extra ????
892789,I ate the first ????? (with kreplach)
892790,I ate the ????? ??????
892791,I received a ???? ?????
892792,I lit candles and gave tzedokah using my OWN candlesticks and pushkas in my Shabbos clothing
892793,I went to ??? for ?? ???? and davened my quota nicely
892794,I said extra ?????? after ?????
892795,I fasted part of the day/night
892796,I behaved extra well because my parents were fasting
892797,I went to ??? and davened my ????? quota nicely
892798,I listened to ???? ?????
892799,"I said "" ...???, ???? ??, ?' ???"" out loud"
892800,"I heard the ???? and said ""???? ??? ????????"""
892801,I spoke about or helped build the ???? on ????? ??? ?????
892802,I helped prepare for ??? ???
892803,"I gave ???? and lit candles using my own candlesticks, and in my ??? clothing"
892804,I davened my ????? quota nicely
892805,"I ate & drank in the ???? and said ""???? ?????"""
892806,I said or heard a ??? ???? during any meal
892807,I shook ???? and ?????
892808,I went to ??? and davened my ????? and ???? quotas nicely
892809,I listened to ???? ?????
892810,I lit ??? candles using my own candlesticks and in my ??? clothing
892811,I shook ???? and ?????
892812,I went to ??? and davened my ????? and ???? quotas nicely
892813,I listened to ???? ?????
892814,"I ate & drank in the ???? and said ""???? ?????"""
892815,"I helped set up, serve, or clean up by any meal"
892816,I said or heard a ??? ???? during any meal
892817,"I davened my ?????, ????, & ??? quotas"
892818,"I made a ""???? ?????"" in the ????"
892819,I learned ???? for at least 10 minutes
892820,I participated in ???? ??? ??????
892821,I shook the ???? and ?????
892822,"I davened my ?????, ????, & ??? quotas nicely"
892823,"I made a ""???? ?????"" in the ????"
892824,I learned ???? for at least 10 minutes
892825,I participated in ???? ??? ??????
892826,I shook the ???? and ?????
892827,"I davened my ?????, ????, & ??? quotas nicely"
892828,"I made a ""???? ?????"" in the ????"
892829,I learned ???? for at least 10 minutes
892830,I participated in ???? ??? ??????
892831,I shook the ???? and ?????
892832,"I davened my ?????, ????, & ??? quotas nicely"
892833,"I made a ""???? ?????"" in the ????"
892834,I learned ???? for at least 10 minutes
892835,I participated in ???? ??? ??????
892836,I shook the ???? and ?????
892837,"I davened my ?????, ????, & ??? quotas nicely"
892838,"I made a ""???? ?????"" in the ????"
892839,I learned ???? for at least 10 minutes
892840,"I ate ?????? and ""klapped Hoshanas"""
892841,I helped prepare for ??? ???
892842,"I gave ???? and lit candles using my own candlesticks, and in my ??? clothing"
892843,I went to ??? and davened my ????? quota
892844,I went to ??? and davened my ????? and ???? quotas nicely
892845,I listened to ???? ?????
892846,"I started saying ""???? ???? ?????? ????"""
892847,"I helped set up, serve, or clean up by any meal"
892848,I said or heard a ??? ???? during any meal
892849,I lit ??? candles using my own candlesticks and in my ??? clothing
892850,I went to ????? and said ??? ????
892851,I davened my ????? and ???? quotas nicely
892852,I listened to ???? ?????
892853,"I said ""??? ??? ??????"" after we finished reading the whole ????"
892854,I went to ????? and said ??? ????
892855,"I helped set up, serve, or clean up by any meal"
892856,I said or heard a ??? ???? during any meal
892857,"I lit ??? candles before the ??? using my own candlesticks, and in my ??? clothing"
892858,I did something special on ??? ?????? because this ??? will affect my whole year.
892859,I did Kapparos (anytime before ??? ?????)
892860,I asked my friends for forgiveness
892861,I asked for Lekach- honey cake
892862,I gave extra ????
892863,I ate the first ????? (with kreplach)
892864,I ate the ????? ??????
892865,I received a ???? ?????
892866,I lit candles and gave tzedokah using my OWN candlesticks and pushkas in my Shabbos clothing
892867,I went to ??? for ?? ???? and davened my quota nicely
892868,I said extra ?????? after ?????
892869,I fasted part of the day/night
892870,I behaved extra well because my parents were fasting
892871,I went to ??? and davened my ????? quota nicely
892872,I listened to ???? ?????
892873,"I said "" ...???, ???? ??, ?' ???"" out loud"
892874,"I heard the ???? and said ""???? ??? ????????"""
892875,I spoke about or helped build the ???? on ????? ??? ?????
892876,I helped prepare for ??? ???
892877,"I gave ???? and lit candles using my own candlesticks, and in my ??? clothing"
892878,I davened my ????? quota nicely
892879,"I ate & drank in the ???? and said ""???? ?????"""
892880,I said or heard a ??? ???? during any meal
892881,I shook ???? and ?????
892882,I went to ??? and davened my ????? and ???? quotas nicely
892883,I listened to ???? ?????
892884,I lit ??? candles using my own candlesticks and in my ??? clothing
892885,I shook ???? and ?????
892886,I went to ??? and davened my ????? and ???? quotas nicely
892887,I listened to ???? ?????
892888,"I ate & drank in the ???? and said ""???? ?????"""
892889,"I helped set up, serve, or clean up by any meal"
892890,I said or heard a ??? ???? during any meal
892891,"I davened my ?????, ????, & ??? quotas"
892892,"I made a ""???? ?????"" in the ????"
892893,I learned ???? for at least 10 minutes
892894,I participated in ???? ??? ??????
892895,I shook the ???? and ?????
892896,"I davened my ?????, ????, & ??? quotas nicely"
892897,"I made a ""???? ?????"" in the ????"
892898,I learned ???? for at least 10 minutes
892899,I participated in ???? ??? ??????
892900,I shook the ???? and ?????
892901,"I davened my ?????, ????, & ??? quotas nicely"
892902,"I made a ""???? ?????"" in the ????"
892903,I learned ???? for at least 10 minutes
892904,I participated in ???? ??? ??????
892905,I shook the ???? and ?????
892906,"I davened my ?????, ????, & ??? quotas nicely"
892907,"I made a ""???? ?????"" in the ????"
892908,I learned ???? for at least 10 minutes
892909,I participated in ???? ??? ??????
892910,I shook the ???? and ?????
892911,"I davened my ?????, ????, & ??? quotas nicely"
892912,"I made a ""???? ?????"" in the ????"
892913,I learned ???? for at least 10 minutes
892914,"I ate ?????? and ""klapped Hoshanas"""
892915,I helped prepare for ??? ???
892916,"I gave ???? and lit candles using my own candlesticks, and in my ??? clothing"
892917,I went to ??? and davened my ????? quota
892918,I went to ??? and davened my ????? and ???? quotas nicely
892919,I listened to ???? ?????
892920,"I started saying ""???? ???? ?????? ????"""
892921,"I helped set up, serve, or clean up by any meal"
892922,I said or heard a ??? ???? during any meal
892923,I lit ??? candles using my own candlesticks and in my ??? clothing
892924,I went to ????? and said ??? ????
892925,I davened my ????? and ???? quotas nicely
892926,I listened to ???? ?????
892927,"I said ""??? ??? ??????"" after we finished reading the whole ????"
892928,I went to ????? and said ??? ????
892929,"I helped set up, serve, or clean up by any meal"
892930,I said or heard a ??? ???? during any meal
892931,"I lit ??? candles before the ??? using my own candlesticks, and in my ??? clothing"
892932,I did something special on ??? ?????? because this ??? will affect my whole year.
892933,I did Kapparos (anytime before ??? ?????)
892934,I asked my friends for forgiveness
892935,I asked for Lekach- honey cake
892936,I gave extra ????
892937,I ate the first ????? (with kreplach)
892938,I ate the ????? ??????
892939,I received a ???? ?????
892940,I lit candles and gave tzedokah using my OWN candlesticks and pushkas in my Shabbos clothing
892941,I went to ??? for ?? ???? and davened my quota nicely
892942,I said extra ?????? after ?????
892943,I fasted part of the day/night
892944,I behaved extra well because my parents were fasting
892945,I went to ??? and davened my ????? quota nicely
892946,I listened to ???? ?????
892947,"I said "" ...???, ???? ??, ?' ???"" out loud"
892948,"I heard the ???? and said ""???? ??? ????????"""
892949,I spoke about or helped build the ???? on ????? ??? ?????
892950,I helped prepare for ??? ???
892951,"I gave ???? and lit candles using my own candlesticks, and in my ??? clothing"
892952,I davened my ????? quota nicely
892953,"I ate & drank in the ???? and said ""???? ?????"""
892954,I said or heard a ??? ???? during any meal
892955,I shook ???? and ?????
892956,I went to ??? and davened my ????? and ???? quotas nicely
892957,I listened to ???? ?????
892958,I lit ??? candles using my own candlesticks and in my ??? clothing
892959,I shook ???? and ?????
892960,I went to ??? and davened my ????? and ???? quotas nicely
892961,I listened to ???? ?????
892962,"I ate & drank in the ???? and said ""???? ?????"""
892963,"I helped set up, serve, or clean up by any meal"
892964,I said or heard a ??? ???? during any meal
892965,"I davened my ?????, ????, & ??? quotas"
892966,"I made a ""???? ?????"" in the ????"
892967,I learned ???? for at least 10 minutes
892968,I participated in ???? ??? ??????
892969,I shook the ???? and ?????
892970,"I davened my ?????, ????, & ??? quotas nicely"
892971,"I made a ""???? ?????"" in the ????"
892972,I learned ???? for at least 10 minutes
892973,I participated in ???? ??? ??????
892974,I shook the ???? and ?????
892975,"I davened my ?????, ????, & ??? quotas nicely"
892976,"I made a ""???? ?????"" in the ????"
892977,I learned ???? for at least 10 minutes
892978,I participated in ???? ??? ??????
892979,I shook the ???? and ?????
892980,"I davened my ?????, ????, & ??? quotas nicely"
892981,"I made a ""???? ?????"" in the ????"
892982,I learned ???? for at least 10 minutes
892983,I participated in ???? ??? ??????
892984,I shook the ???? and ?????
892985,"I davened my ?????, ????, & ??? quotas nicely"
892986,"I made a ""???? ?????"" in the ????"
892987,I learned ???? for at least 10 minutes
892988,"I ate ?????? and ""klapped Hoshanas"""
892989,I helped prepare for ??? ???
892990,"I gave ???? and lit candles using my own candlesticks, and in my ??? clothing"
892991,I went to ??? and davened my ????? quota
892992,I went to ??? and davened my ????? and ???? quotas nicely
892993,I listened to ???? ?????
892994,"I started saying ""???? ???? ?????? ????"""
892995,"I helped set up, serve, or clean up by any meal"
892996,I said or heard a ??? ???? during any meal
892997,I lit ??? candles using my own candlesticks and in my ??? clothing
892998,I went to ????? and said ??? ????
892999,I davened my ????? and ???? quotas nicely
893000,I listened to ???? ?????
893001,"I said ""??? ??? ??????"" after we finished reading the whole ????"
893002,I went to ????? and said ??? ????
893003,"I helped set up, serve, or clean up by any meal"
893004,I said or heard a ??? ???? during any meal
893005,"I lit ??? candles before the ??? using my own candlesticks, and in my ??? clothing"
893006,I did something special on ??? ?????? because this ??? will affect my whole year.
893007,I did Kapparos (anytime before ??? ?????)
893008,I asked my friends for forgiveness
893009,I asked for Lekach- honey cake
893010,I gave extra ????
893011,I ate the first ????? (with kreplach)
893012,I ate the ????? ??????
893013,I received a ???? ?????
893014,I lit candles and gave tzedokah using my OWN candlesticks and pushkas in my Shabbos clothing
893015,I went to ??? for ?? ???? and davened my quota nicely
893016,I said extra ?????? after ?????
893017,I fasted part of the day/night
893018,I behaved extra well because my parents were fasting
893019,I went to ??? and davened my ????? quota nicely
893020,I listened to ???? ?????
893021,"I said "" ...???, ???? ??, ?' ???"" out loud"
893022,"I heard the ???? and said ""???? ??? ????????"""
893023,I spoke about or helped build the ???? on ????? ??? ?????
893024,I helped prepare for ??? ???
893025,"I gave ???? and lit candles using my own candlesticks, and in my ??? clothing"
893026,I davened my ????? quota nicely
893027,"I ate & drank in the ???? and said ""???? ?????"""
893028,I said or heard a ??? ???? during any meal
893029,I shook ???? and ?????
893030,I went to ??? and davened my ????? and ???? quotas nicely
893031,I listened to ???? ?????
893032,I lit ??? candles using my own candlesticks and in my ??? clothing
893033,I shook ???? and ?????
893034,I went to ??? and davened my ????? and ???? quotas nicely
893035,I listened to ???? ?????
893036,"I ate & drank in the ???? and said ""???? ?????"""
893037,"I helped set up, serve, or clean up by any meal"
893038,I said or heard a ??? ???? during any meal
893039,"I davened my ?????, ????, & ??? quotas"
893040,"I made a ""???? ?????"" in the ????"
893041,I learned ???? for at least 10 minutes
893042,I participated in ???? ??? ??????
893043,I shook the ???? and ?????
893044,"I davened my ?????, ????, & ??? quotas nicely"
893045,"I made a ""???? ?????"" in the ????"
893046,I learned ???? for at least 10 minutes
893047,I participated in ???? ??? ??????
893048,I shook the ???? and ?????
893049,"I davened my ?????, ????, & ??? quotas nicely"
893050,"I made a ""???? ?????"" in the ????"
893051,I learned ???? for at least 10 minutes
893052,I participated in ???? ??? ??????
893053,I shook the ???? and ?????
893054,"I davened my ?????, ????, & ??? quotas nicely"
893055,"I made a ""???? ?????"" in the ????"
893056,I learned ???? for at least 10 minutes
893057,I participated in ???? ??? ??????
893058,I shook the ???? and ?????
893059,"I davened my ?????, ????, & ??? quotas nicely"
893060,"I made a ""???? ?????"" in the ????"
893061,I learned ???? for at least 10 minutes
893062,"I ate ?????? and ""klapped Hoshanas"""
893063,I helped prepare for ??? ???
893064,"I gave ???? and lit candles using my own candlesticks, and in my ??? clothing"
893065,I went to ??? and davened my ????? quota
893066,I went to ??? and davened my ????? and ???? quotas nicely
893067,I listened to ???? ?????
893068,"I started saying ""???? ???? ?????? ????"""
893069,"I helped set up, serve, or clean up by any meal"
893070,I said or heard a ??? ???? during any meal
893071,I lit ??? candles using my own candlesticks and in my ??? clothing
893072,I went to ????? and said ??? ????
893073,I davened my ????? and ???? quotas nicely
893074,I listened to ???? ?????
893075,"I said ""??? ??? ??????"" after we finished reading the whole ????"
893076,I went to ????? and said ??? ????
893077,"I helped set up, serve, or clean up by any meal"
893078,I said or heard a ??? ???? during any meal
893079,"I lit ??? candles before the ??? using my own candlesticks, and in my ??? clothing"
893080,I did something special on ??? ?????? because this ??? will affect my whole year.
