"Task ID","SUBJECT","MISSION","# OF TASKS","Task Name","Label","Sequence Name","Sequence Number"
137979,"???? ??? ??","Parshas Shmos",1,"Did tanaya all seven days","Davening like a Chayol","TBP",20
137977,"???? ??? ??","Parshas Shmos",1,"Friday","Davening like a Chayol","TBP",20
137973,"???? ??? ??","Parshas Shmos",1,"MOnday","Davening like a Chayol","TBP",20
137978,"???? ??? ??","Parshas Shmos",1,"Shabbos","Davening like a Chayol","TBP",20
137972,"???? ??? ??","Parshas Shmos",1,"sunday","Davening like a Chayol","TBP",20
137976,"???? ??? ??","Parshas Shmos",1,"Thursday","Davening like a Chayol","TBP",20
137974,"???? ??? ??","Parshas Shmos",1,"Tuesday","Davening like a Chayol","TBP",20
63443,"???????","???? ??",66527,"I said my quota of the Rebbe's kapital every day of the week","Davening like a Chayol","Rebbe's Kapital ",40
63491,"???????","???? ??",97,"I said the Rebbe's kapital every day","Davening like a Chayol","Rebbe's Kapital ",40
96359,"???????","???? ??????",66,"I said the Rebbe's kapital every day of the week","Davening like a Chayol","Rebbe's Kapital ",40
104285,"???????","???? ???",51,"Part 1 ???? ??? I said my quota of the Rebbe's kapital every day of the week","Davening like a Chayol","Rebbe's Kapital ",40
104048,"???????","???? ??",1,"Part 4 ???? ???? I said my quota of the Rebbe's kapital every day of the week","Davening like a Chayol","Rebbe's Kapital ",40
104511,"???????","???? ????",1,"? I said my quota of the Rebbe's kapital every day of the week","Davening like a Chayol","Rebbe's Kapital ",40
72633,"???????","Chodesh Cheshvan",64,"???? ???? I said my quota of the Rebbe's kapital every day of the week","Davening like a Chayol","Rebbe's Kapital ",40
65889,"???????","Chodesh Cheshvan",28,"???? ???? I said the Rebbe's kapital every day","Davening like a Chayol","Rebbe's Kapital ",40
96305,"???????","???? ?????",1,"???? ????? I said the Rebbe's kapital every day of the week","Davening like a Chayol","Rebbe's Kapital ",40
72634,"???????","Chodesh Cheshvan",64,"???? ??? ??? I said my quota of the Rebbe's kapital every day of the week","Davening like a Chayol","Rebbe's Kapital ",40
65890,"???????","Chodesh Cheshvan",29,"???? ??? ??? I said the Rebbe's kapital every day","Davening like a Chayol","Rebbe's Kapital ",40
72632,"???????","Chodesh Cheshvan",64,"???? ?? ?? I said my quota of the Rebbe's kapital every day of the week","Davening like a Chayol","Rebbe's Kapital ",40
65888,"???????","Chodesh Cheshvan",28,"???? ?? ?? I said the Rebbe's kapital every day","Davening like a Chayol","Rebbe's Kapital ",40
72631,"???????","Chodesh Cheshvan",109,"???? ?? I said my quota of the Rebbe's kapital every day of the week","Davening like a Chayol","Rebbe's Kapital ",40
65439,"???????","???? ??",34,"???? ?? I said the Rebbe's kapital every day","Davening like a Chayol","Rebbe's Kapital ",40
96247,"???????","???? ??????",5,"???? ?????? I said the Rebbe's kapital every day of the week","Davening like a Chayol","Rebbe's Kapital ",40
63499,"???????","???? ??",53169,"I said the Rebbe's pesukim in Shmona Esrei everyday of the week","Davening like a Chayol","Shemone Esrei",30
104293,"???????","???? ???",6,"Part 1 ???? ??? I said the Rebbe's Pesukim in Shmona Esrei everyday of the week","Davening like a Chayol","Shemone Esrei",30
65893,"???????","Chodesh Cheshvan",28,"???? ???? I said the Rebbe's pesukim in Shmona Esrei everyday of the week","Davening like a Chayol","Shemone Esrei",30
96313,"???????","???? ?????",1,"???? ????? I said the Rebbe's pesukim in Shmona Esrei everyday of the week","Davening like a Chayol","Shemone Esrei",30
65894,"???????","Chodesh Cheshvan",29,"???? ??? ??? I said the Rebbe's pesukim in Shmona Esrei everyday of the week","Davening like a Chayol","Shemone Esrei",30
65892,"???????","Chodesh Cheshvan",28,"???? ?? ?? I said the Rebbe's pesukim in Shmona Esrei everyday of the week","Davening like a Chayol","Shemone Esrei",30
65443,"???????","???? ??",79,"???? ?? I said the Rebbe's pesukim in Shmona Esrei everyday of the week","Davening like a Chayol","Shemone Esrei",30
96255,"???????","???? ??????",50,"???? ?????? I said the Rebbe's pesukim in Shmona Esrei everyday of the week","Davening like a Chayol","Shemone Esrei",30
14856,"??? ?????? ??????","????",155,"Did you bring your report back by Monday?","Monthly","WWTC Monday",10
63439,"???????","???? ??",11360,"I sang one of the Rebbe's niggunim at our shabbos table (assader lesudosa or ata bechartanu)","During the Shabbos Meal","Asader Lesudoso",60
103825,"???????","???? ???",55286,"I sang one of the Rebbes niggunim at our Shabbos table (assader lesudosa or ata bechartanu)","During the Shabbos Meal","Asader Lesudoso",60
104423,"???????","???? ????",1,"? I sang one of the Rebbes niggunim at our Shabbos table (assader lesudosa or ata bechartanu)","During the Shabbos Meal","Asader Lesudoso",60
104967,"???????","Chodesh Teves",9,"Part 3 ???? ???? I shared (or heard) a Dvar Torah at our Shabbos table","During the Shabbos Meal","Dvar Torah",40
104245,"???????","???",72,"I shared (or heard) a Dvar Torah at our Shabbos table","During the Shabbos Meal","Dvar Torah",40
114583,"???????","???? ??",3580,"I shared (or heard) a Torah at our shabbos table","During the Shabbos Meal","Dvar Torah",40
103813,"???????","???? ???",55219,"I shared (or heard) something from the Rebbe's Torah at our Shabbos table","During the Shabbos Meal","Dvar Torah",40
95799,"???????","???? ??????",5505,"I shared (or heard) something from the Rebbe’s Torah at our shabbos table","During the Shabbos Meal","Dvar Torah",40
104437,"???????","???? ???",65,"I told over (or heard) something from the Rebbe's Torah at our Shabbos table","During the Shabbos Meal","Dvar Torah",40
63427,"???????","???? ??",5902,"I told over (or heard) something from the Rebbe’s Torah at our shabbos table","During the Shabbos Meal","Dvar Torah",40
104965,"???????","Chodesh Teves",9,"Part 1 ???? ??? I shared (or heard) a Dvar Torah at our Shabbos table","During the Shabbos Meal","Dvar Torah",40
104297,"???????","???? ???",5,"Part 1 ???? ??? I told over (or heard) something from the Rebbe's Torah at our Shabbos table","During the Shabbos Meal","Dvar Torah",40
104966,"???????","Chodesh Teves",9,"Part 2 ???? ???? I shared (or heard) a Dvar Torah at our Shabbos table","During the Shabbos Meal","Dvar Torah",40
104968,"???????","Chodesh Teves",9,"Part 4 ???? ???? I shared (or heard) a Dvar Torah at our Shabbos table","During the Shabbos Meal","Dvar Torah",40
104032,"???????","???? ??",1,"Part 4 ???? ???? I shared (or heard) something from the Rebbe's Torah at our Shabbos table","During the Shabbos Meal","Dvar Torah",40
75365,"???????","Chodesh Cheshvan",18,"???? ???? I told over (or heard) a D'var Torah at our shabbos table","During the Shabbos Meal","Dvar Torah",40
65873,"???????","Chodesh Cheshvan",92,"???? ???? I told over (or heard) something from the Rebbe’s Torah at our shabbos table","During the Shabbos Meal","Dvar Torah",40
75366,"???????","Chodesh Cheshvan",18,"???? ??? ??? I told over (or heard) a D'var Torah at our shabbos table","During the Shabbos Meal","Dvar Torah",40
65874,"???????","Chodesh Cheshvan",92,"???? ??? ??? I told over (or heard) something from the Rebbe’s Torah at our shabbos table","During the Shabbos Meal","Dvar Torah",40
75364,"???????","Chodesh Cheshvan",18,"???? ?? ?? I told over (or heard) a D'var Torah at our shabbos table","During the Shabbos Meal","Dvar Torah",40
65872,"???????","Chodesh Cheshvan",92,"???? ?? ?? I told over (or heard) something from the Rebbe’s Torah at our shabbos table","During the Shabbos Meal","Dvar Torah",40
104269,"???????","???? ???",1,"???? ??? I told over (or heard) something from the Rebbe's Torah at our Shabbos table","During the Shabbos Meal","Dvar Torah",40
75363,"???????","Chodesh Cheshvan",18,"???? ?? I told over (or heard) a D'var Torah at our shabbos table","During the Shabbos Meal","Dvar Torah",40
65423,"???????","???? ??",143,"???? ?? I told over (or heard) something from the Rebbe’s Torah at our shabbos table","During the Shabbos Meal","Dvar Torah",40
96231,"???????","???? ??????",95,"???? ?????? I shared (or heard) something from the Rebbe’s Torah at our shabbos table","During the Shabbos Meal","Dvar Torah",40
104281,"???????","???? ???",51,"Part 1 ???? ??? I sang one of the Rebbes niggunim at our Shabbos table (assader lesudosa or ata bechartanu)","During the Shabbos Meal","Niggun",70
104044,"???????","???? ??",1,"Part 4 ???? ???? I sang one of the Rebbes niggunim at our Shabbos table (assader lesudosa or ata bechartanu)","During the Shabbos Meal","Niggun",70
65885,"???????","Chodesh Cheshvan",137,"???? ???? I sang one of the Rebbe's niggunim at our shabbos table (assader lesudosa or ata bechartanu)","During the Shabbos Meal","Niggun",70
65886,"???????","Chodesh Cheshvan",93,"???? ??? ??? I sang one of the Rebbe's niggunim at our shabbos table (assader lesudosa or ata bechartanu)","During the Shabbos Meal","Niggun",70
65884,"???????","Chodesh Cheshvan",92,"???? ?? ?? I sang one of the Rebbe's niggunim at our shabbos table (assader lesudosa or ata bechartanu)","During the Shabbos Meal","Niggun",70
65435,"???????","???? ??",143,"???? ?? I sang one of the Rebbe's niggunim at our shabbos table (assader lesudosa or ata bechartanu)","During the Shabbos Meal","Niggun",70
96243,"???????","???? ??????",95,"???? ?????? I sang one of the Rebbe's niggunim at our shabbos table (assader lesudosa or ata bechartanu)","During the Shabbos Meal","Niggun",70
64114,"???????","???? ??",17055,"I sang one of this week's niggunim at my Shabbos table","During the Shabbos Meal","Niggun",70
75183,"???????","Chodesh Cheshvan",180,"I sang one of this week's songs at my Shabbos table","During the Shabbos Meal","Niggun",70
114464,"???????","???? ?? ??",393,"I sang one of this weeks niggunim at my shabbos table","During the Shabbos Meal","Niggun",70
66231,"???????","???? ??",1,"sang one of this month's niggunim at my shabbos table","During the Shabbos Meal","Niggun",70
114471,"???????","???? ??????",1,"???? ???? I sang one of this weeks niggunim at my shabbos table","During the Shabbos Meal","Niggun",70
114484,"???????","???? ???",1,"???? ??? I sang one of this weeks niggunim at my shabbos table","During the Shabbos Meal","Niggun",70
114456,"???????","???? ??",1,"???? ?? I sang one of this weeks niggunim at my shabbos table","During the Shabbos Meal","Niggun",70
114470,"???????","???? ??????",1,"???? ?????? I sang one of this weeks niggunim at my shabbos table","During the Shabbos Meal","Niggun",70
95803,"???????","???? ??????",2728,"I shared (or heard) a story about the Rebbe at our shabbos table","During the Shabbos Meal","Rebbe Story",50
103817,"???????","???? ???",55284,"I told (or heard) a story about the Rebbe at our Shabbos table","During the Shabbos Meal","Rebbe Story",50
63431,"???????","???? ??",8679,"I told over (or heard) a story about the Rebbe at our shabbos table","During the Shabbos Meal","Rebbe Story",50
104273,"???????","???? ???",51,"Part 1 ???? ??? I told (or heard) a story about the Rebbe at our Shabbos table","During the Shabbos Meal","Rebbe Story",50
104036,"???????","???? ??",1,"Part 4 ???? ???? I told (or heard) a story about the Rebbe at our Shabbos table","During the Shabbos Meal","Rebbe Story",50
104059,"???????","???? ????",1,"? I told (or heard) a story about the Rebbe at our Shabbos table","During the Shabbos Meal","Rebbe Story",50
65877,"???????","Chodesh Cheshvan",92,"???? ???? I told over (or heard) a story about the Rebbe at our shabbos table","During the Shabbos Meal","Rebbe Story",50
65878,"???????","Chodesh Cheshvan",92,"???? ??? ??? I told over (or heard) a story about the Rebbe at our shabbos table","During the Shabbos Meal","Rebbe Story",50
65876,"???????","Chodesh Cheshvan",92,"???? ?? ?? I told over (or heard) a story about the Rebbe at our shabbos table","During the Shabbos Meal","Rebbe Story",50
65427,"???????","???? ??",143,"???? ?? I told over (or heard) a story about the Rebbe at our shabbos table","During the Shabbos Meal","Rebbe Story",50
96235,"???????","???? ??????",95,"???? ?????? I shared (or heard) a story about the Rebbe at our shabbos table","During the Shabbos Meal","Rebbe Story",50
64118,"???????","???? ??",2073,"I explained the background of the niggun","Sometime during the week ","Background",60
105289,"???????","???? ???",6,"Part 1 ???? ??? I explained the background to the niggun","Sometime during the week ","background",60
113795,"???????","???? ???",6,"Part 2 ???? ???? I explained the background to the niggun","Sometime during the week ","Background",60
113796,"???????","???? ???",6,"Part 3 ???? ???? I explained the background to the niggun","Sometime during the week ","Background",60
113797,"???????","???? ???",9,"Part 4 ???? ???? I explained the background to the niggun","Sometime during the week ","Background",60
113781,"???????","???? ??????",2,"???? ???? I explained the background of the niggun","Sometime during the week ","Background",60
113782,"???????","???? ??????",2,"???? ????? I explained the background of the niggun","Sometime during the week ","Background",60
95627,"???????","???? ??????",2,"???? ?????? I explained the background of the niggun","Sometime during the week ","Background",60
73322,"???????","Chodesh Cheshvan",39,"???? ???? I explained the background of the niggun","Sometime during the week ","Background",60
113783,"???????","???? ??????",2,"???? ???? I explained the background of the niggun","Sometime during the week ","Background",60
73323,"???????","Chodesh Cheshvan",37,"???? ??? ??? I explained the background of the niggun","Sometime during the week ","Background",60
73321,"???????","Chodesh Cheshvan",38,"???? ?? ?? I explained the background of the niggun","Sometime during the week ","Background",60
64102,"???????","???? ??",38,"???? ?? I explained the background of the niggun","Sometime during the week ","Background",60
105185,"???????","???? ???",11546,"I explained the background to the niggun","Sometime during the week ","Background ",60
104265,"???????","???",104,"I siad Horachoman every time i bentched this week","Sometime during the week ","Horachamon",10
114603,"???????","???? ??",3562,"I siad Horachoman every time i bentched this week","Sometime during the week ","Horachamon",10
103833,"???????","???? ???",55285,"I said ""Horachmon..."" in benching every time i benched","Sometime during the week ","Horachamon",10
63447,"???????","???? ??",11406,"I said horachmon in benching every time i benched","Sometime during the week ","Horachamon",10
104289,"???????","???? ???",51,"Part 1 ???? ??? I said ""Horachmon..."" in benching every time i benched","Sometime during the week ","Horachamon",10
104052,"???????","???? ??",1,"Part 4 ???? ???? I said ""Horachmon..."" in benching every time i benched","Sometime during the week ","Horachamon",10
65897,"???????","Chodesh Cheshvan",92,"???? ???? I said horachmon in benching every time i benched","Sometime during the week ","Horachamon",10
65898,"???????","Chodesh Cheshvan",93,"???? ??? ??? I said horachmon in benching every time i benched","Sometime during the week ","Horachamon",10
65896,"???????","Chodesh Cheshvan",92,"???? ?? ?? I said horachmon in benching every time i benched","Sometime during the week ","Horachamon",10
65447,"???????","???? ??",143,"???? ?? I said horachmon in benching every time i benched","Sometime during the week ","Horachamon",10
96251,"???????","???? ??????",95,"???? ?????? I said horachmon in benching every time i benched","Sometime during the week ","Horachamon",10
59075,"???? ?????","???? ??",2633,"I learned for an additional 10 minutes during the week (the bonus 10 minutes can be broken up with just 2 minutes a day)","Sometime during the week ","Learn with parent Bonus",40
103385,"???? ?????","???? ???",14661,"I learned with my parent/grandparent for an additional 10 minutes during the week.( The bonus 10 minutes can be broken up with just a 2 minutes a day","Sometime during the week ","Learn with parent Bonus",40
103745,"???? ?????","Chodesh Teves",10,"Part 1 ???? ??? I learned with my parent/grandparent for an additional 10 minutes during the week.( The bonus 10 minutes can be broken up with just a 2 minutes a day","Sometime during the week ","Learn with parent Bonus",40
64594,"???? ?????","Chodesh Cheshvan",66,"Part 1 ???? ?? I learned for an additional 10 minutes during the week (the bonus 10 minutes can be broken up with just 2 minutes a day)","Sometime during the week ","Learn with parent Bonus",40
106958,"???? ?????","???? ??????",2,"Part 1 ???? ?????? I learned for an additional 10 minutes during the week (the bonus 10 minutes can be broken up with just 2 minutes a day)","Sometime during the week ","Learn with parent Bonus",40
103746,"???? ?????","Chodesh Teves",10,"Part 2 ???? ???? I learned with my parent/grandparent for an additional 10 minutes during the week.( The bonus 10 minutes can be broken up with just a 2 minutes a day","Sometime during the week ","Learn with parent Bonus",40
114176,"???? ?????","???? ??????",1,"Part 2 ???? ???? I learned for an additional 10 minutes during the week (the bonus 10 minutes can be broken up with just 2 minutes a day)","Sometime during the week ","Learn with parent Bonus",40
64595,"???? ?????","Chodesh Cheshvan",65,"Part 2 ???? ?? ?? I learned for an additional 10 minutes during the week (the bonus 10 minutes can be broken up with just 2 minutes a day)","Sometime during the week ","Learn with parent Bonus",40
103747,"???? ?????","Chodesh Teves",10,"Part 3 ???? ???? I learned with my parent/grandparent for an additional 10 minutes during the week.( The bonus 10 minutes can be broken up with just a 2 minutes a day","Sometime during the week ","Learn with parent Bonus",40
64596,"???? ?????","Chodesh Cheshvan",65,"Part 3 ???? ???? I learned for an additional 10 minutes during the week (the bonus 10 minutes can be broken up with just 2 minutes a day)","Sometime during the week ","Learn with parent Bonus",40
114177,"???? ?????","???? ??????",1,"Part 3 ???? ????? I learned for an additional 10 minutes during the week (the bonus 10 minutes can be broken up with just 2 minutes a day)","Sometime during the week ","Learn with parent Bonus",40
114178,"???? ?????","???? ??????",1,"Part 4 ???? ???? I learned for an additional 10 minutes during the week (the bonus 10 minutes can be broken up with just 2 minutes a day)","Sometime during the week ","Learn with parent Bonus",40
64597,"???? ?????","Chodesh Cheshvan",65,"Part 4 ???? ??? ??? I learned for an additional 10 minutes during the week (the bonus 10 minutes can be broken up with just 2 minutes a day)","Sometime during the week ","Learn with parent Bonus",40
103748,"???? ?????","Chodesh Teves",10,"Part 4 ???? ???? I learned with my parent/grandparent for an additional 10 minutes during the week.( The bonus 10 minutes can be broken up with just a 2 minutes a day","Sometime during the week ","Learn with parent Bonus",40
113641,"???? ?????","???? ??????",1,"???? ???? I learned for an additional 10 minutes during the week (the bonus 10 minutes can be broken up with just 2 minutes a day)","Sometime during the week ","Learn with parent Bonus",40
113653,"???? ?????","???? ???",1,"???? ???? I learned with my parent/grandparent for an additional 10 minutes during the week.( The bonus 10 minutes can be broken up with just a 2 minutes a day","Sometime during the week ","Learn with parent Bonus",40
113654,"???? ?????","???? ???",1,"???? ???? I learned with my parent/grandparent for an additional 10 minutes during the week.( The bonus 10 minutes can be broken up with just a 2 minutes a day","Sometime during the week ","Learn with parent Bonus",40
113639,"???? ?????","???? ??????",1,"???? ???? I learned for an additional 10 minutes during the week (the bonus 10 minutes can be broken up with just 2 minutes a day)","Sometime during the week ","Learn with parent Bonus",40
113640,"???? ?????","???? ??????",1,"???? ????? I learned for an additional 10 minutes during the week (the bonus 10 minutes can be broken up with just 2 minutes a day)","Sometime during the week ","Learn with parent Bonus",40
66466,"???? ?????","???? ??? ???",1,"???? ??? ??? I learned for an additional 10 minutes during the week (the bonus 10 minutes can be broken up with just 2 minutes a day)","Sometime during the week ","Learn with parent Bonus",40
66472,"???? ?????","???? ?? ??",1,"???? ?? ?? I learned for an additional 10 minutes during the week (the bonus 10 minutes can be broken up with just 2 minutes a day)","Sometime during the week ","Learn with parent Bonus",40
106966,"???? ?????","???? ???",2,"???? ??? I learned with my parent/grandparent for an additional 10 minutes during the week.( The bonus 10 minutes can be broken up with just a 2 minutes a day","Sometime during the week ","Learn with parent Bonus",40
66495,"???? ?????","???? ??",1,"???? ?? I learned for an additional 10 minutes during the week (the bonus 10 minutes can be broken up with just 2 minutes a day)","Sometime during the week ","Learn with parent Bonus",40
113655,"???? ?????","???? ???",1,"???? ???? I learned with my parent/grandparent for an additional 10 minutes during the week.( The bonus 10 minutes can be broken up with just a 2 minutes a day","Sometime during the week ","Learn with parent Bonus",40
113638,"???? ?????","???? ??????",1,"???? ?????? I learned for an additional 10 minutes during the week (the bonus 10 minutes can be broken up with just 2 minutes a day)","Sometime during the week ","Learn with parent Bonus",40
59071,"???? ?????","???? ??",16232,"I learned with my parent/grandparent for at least one 10 minute period this week","Sometime during the week ","Learnt with parent",30
110936,"???? ?????","???? ????? ?????",47,"I Learned with my Parent/grandparent for at least one 10 minute period this week? ?????","Sometime during the week ","Learnt with parent",30
66501,"???? ?????","???? ????",1,"I learned with my parent/grandparent for at least one 15 minute I learned with my parent/grandparent for at least one 15 minute period this week","Sometime during the week ","Learnt with parent",30
66571,"???? ?????","???? ??",1033,"I learned with my parent/grandparent for at least one 15 minute period this week","Sometime during the week ","Learnt with parent",30
103741,"???? ?????","Chodesh Teves",9,"Part 1 ???? ??? I Learned with my Parent/grandparent for at least one 15 minute period this week","Sometime during the week ","Learnt with parent",30
72465,"???? ?????","Chodesh Cheshvan",18,"Part 1 ???? ?? I learned with my parent/grandparent for at least one 10 minute period this week","Sometime during the week ","Learnt with parent",30
64590,"???? ?????","Chodesh Cheshvan",45,"Part 1 ???? ?? I learned with my parent/grandparent for at least one 15 minute period this week","Sometime during the week ","Learnt with parent",30
103742,"???? ?????","Chodesh Teves",9,"Part 2 ???? ???? I Learned with my Parent/grandparent for at least one 15 minute period this week","Sometime during the week ","Learnt with parent",30
72466,"???? ?????","Chodesh Cheshvan",18,"Part 2 ???? ?? ?? I learned with my parent/grandparent for at least one 10 minute period this week","Sometime during the week ","Learnt with parent",30
64591,"???? ?????","Chodesh Cheshvan",45,"Part 2 ???? ?? ?? I learned with my parent/grandparent for at least one 15 minute period this week","Sometime during the week ","Learnt with parent",30
103743,"???? ?????","Chodesh Teves",9,"Part 3 ???? ???? I Learned with my Parent/grandparent for at least one 15 minute period this week","Sometime during the week ","Learnt with parent",30
72467,"???? ?????","Chodesh Cheshvan",20,"Part 3 ???? ???? I learned with my parent/grandparent for at least one 10 minute period this week","Sometime during the week ","Learnt with parent",30
64592,"???? ?????","Chodesh Cheshvan",45,"Part 3 ???? ???? I learned with my parent/grandparent for at least one 15 minute period this week","Sometime during the week ","Learnt with parent",30
72468,"???? ?????","Chodesh Cheshvan",20,"Part 4 ???? ??? ??? I learned with my parent/grandparent for at least one 10 minute period this week","Sometime during the week ","Learnt with parent",30
64593,"???? ?????","Chodesh Cheshvan",45,"Part 4 ???? ??? ??? I learned with my parent/grandparent for at least one 15 minute period this week","Sometime during the week ","Learnt with parent",30
103744,"???? ?????","Chodesh Teves",9,"Part 4 ???? ???? I Learned with my Parent/grandparent for at least one 15 minute period this week","Sometime during the week ","Learnt with parent",30
103583,"???? ?????","???? ????",1,"? I Learned with my Parent/grandparent for at least one 15 minute period this week","Sometime during the week ","Learnt with parent",30
106963,"???? ?????","???? ???",3,"???? ???? I Learned with my Parent/grandpa0rent for at least one 10 minute period this week","Sometime during the week ","Learnt with parent",30
103526,"???? ?????","???? ????",1,"???? ???? I Learned with my Parent/grandparent for at least one 15 minute period this week","Sometime during the week ","Learnt with parent",30
114187,"???? ?????","???? ???",2,"???? ???? I Learned with my Parent/grandparent for at least one 10 minute period this week","Sometime during the week ","Learnt with parent",30
114172,"???? ?????","???? ??????",2,"???? ???? I learned with my parent/grandparent for at least one 10 minute period this week","Sometime during the week ","Learnt with parent",30
114174,"???? ?????","???? ??????",2,"???? ???? I learned with my parent/grandparent for at least one 10 minute period this week","Sometime during the week ","Learnt with parent",30
114173,"???? ?????","???? ??????",2,"???? ????? I learned with my parent/grandparent for at least one 10 minute period this week","Sometime during the week ","Learnt with parent",30
114158,"???? ?????","???? ??",2,"???? ?? ?? I learned with my parent/grandparent for at least one 10 minute period this week","Sometime during the week ","Learnt with parent",30
106962,"???? ?????","???? ???",3,"???? ??? I Learned with my Parent/grandparent for at least one 10 minute period this week","Sometime during the week ","Learnt with parent",30
114188,"???? ?????","???? ???",2,"???? ???? I Learned with my Parent/grandparent for at least one 10 minute period this week","Sometime during the week ","Learnt with parent",30
106954,"???? ?????","???? ??????",3,"???? ?????? I learned with my parent/grandparent for at least one 10 minute period this week","Sometime during the week ","Learnt with parent",30
63435,"???????","???? ??",35772,"I watched a video of the Rebbe","Sometime during the week ","Rebbe Video",20
104277,"???????","???? ???",51,"Part 1 ???? ??? I watched a video of the Rebbe","Sometime during the week ","Rebbe Video",20
104040,"???????","???? ??",1,"Part 4 ???? ???? I watched a video of the Rebbe","Sometime during the week ","Rebbe Video",20
65881,"???????","Chodesh Cheshvan",137,"???? ???? I watched a video of the Rebbe","Sometime during the week ","Rebbe Video",20
65882,"???????","Chodesh Cheshvan",92,"???? ??? ??? I watched a video of the Rebbe","Sometime during the week ","Rebbe Video",20
65880,"???????","Chodesh Cheshvan",92,"???? ?? ?? I watched a video of the Rebbe","Sometime during the week ","Rebbe Video",20
65431,"???????","???? ??",143,"???? ?? I watched a video of the Rebbe","Sometime during the week ","Rebbe Video",20
104476,"???????","???? ????",1,"???? ???? I watched a video of the Rebbe","Sometime during the week ","Rebbe Video",20
96239,"???????","???? ??????",95,"???? ?????? I watched a video of the Rebbe","Sometime during the week ","Rebbe Video",20
114591,"???????","???? ??",3562,"I said Modeh Ani every morning as I opened my eyes","Waking up like a Chayol ","Modeh Ani",10
104249,"???????","???",72,"I said Modeh Ani every morning as soon as i opened my eyes","Waking up like a Chayol ","Modeh Ani",10
104969,"???????","Chodesh Teves",9,"Part 1 ???? ??? I said Modeh Ani every morning as soon as i opened my eyes","Waking up like a Chayol ","Modeh Ani",10
104971,"???????","Chodesh Teves",9,"Part 3 ???? ???? I said Modeh Ani every morning as soon as i opened my eyes","Waking up like a Chayol ","Modeh Ani",10
104972,"???????","Chodesh Teves",9,"Part 4 ???? ???? I said Modeh Ani every morning as soon as i opened my eyes","Waking up like a Chayol ","Modeh Ani",10
75369,"???????","Chodesh Cheshvan",18,"???? ???? I said Modeh Ani every morning as soon as i opened my eyes","Waking up like a Chayol ","Modeh Ani",10
75370,"???????","Chodesh Cheshvan",18,"???? ??? ??? I said Modeh Ani every morning as soon as i opened my eyes","Waking up like a Chayol ","Modeh Ani",10
75368,"???????","Chodesh Cheshvan",18,"???? ?? ?? I said Modeh Ani every morning as soon as i opened my eyes","Waking up like a Chayol ","Modeh Ani",10
75367,"???????","Chodesh Cheshvan",18,"???? ?? I said Modeh Ani every morning as soon as i opened my eyes","Waking up like a Chayol ","Modeh Ani",10
104970,"???????","Chodesh Teves",9,"Part 2 ???? ???? I said Modeh Ani every morning as soon as i opened my eyes","Waking up like a Chayol ","Modeh Ani",10
114958,"???????","???? ????",183,"I washed Negel Vasser by my bed every morning (i prepared it the night before)","Waking up like a Chayol ","Negel Vasser 1",20
114976,"???????","???? ????",3013,"I washed Negel Vasser by my bed every morning (i prepaaaaaaaaaaaad it the night before)","Waking up like a Chayol ","Negel Vasser 1",20
104253,"???????","???",438,"I washed Negel Vasser by my bed every morning (I prepared it the night before)","Waking up like a Chayol ","Negel Vasser 1",20
104973,"???????","Chodesh Teves",9,"Part 1 ???? ??? I washed Negel Vasser by my bed every morning (I prepared it the night before)","Waking up like a Chayol ","Negel Vasser 1",20
104974,"???????","Chodesh Teves",9,"Part 2 ???? ???? I washed Negel Vasser by my bed every morning (I prepared it the night before)","Waking up like a Chayol ","Negel Vasser 1",20
104975,"???????","Chodesh Teves",9,"Part 3 ???? ???? I washed Negel Vasser by my bed every morning (I prepared it the night before)","Waking up like a Chayol ","Negel Vasser 1",20
104976,"???????","Chodesh Teves",9,"Part 4 ???? ???? I washed Negel Vasser by my bed every morning (I prepared it the night before)","Waking up like a Chayol ","Negel Vasser 1",20
75373,"???????","Chodesh Cheshvan",18,"???? ???? I washed Negel Vasser by my bed every morning (i prepared it the night before)","Waking up like a Chayol ","Negel Vasser 1",20
75374,"???????","Chodesh Cheshvan",18,"???? ??? ??? I washed Negel Vasser by my bed every morning (i prepared it the night before)","Waking up like a Chayol ","Negel Vasser 1",20
75372,"???????","Chodesh Cheshvan",18,"???? ?? ?? I washed Negel Vasser by my bed every morning (i prepared it the night before)","Waking up like a Chayol ","Negel Vasser 1",20
75371,"???????","Chodesh Cheshvan",18,"???? ?? I washed Negel Vasser by my bed every morning (i prepared it the night before)","Waking up like a Chayol ","Negel Vasser 1",20
20587,"Avodah","mission",2,"test 1",,,
19760,"Hakhel","?????",257,,,,
16597,"Hakhel","?''? ????",180,"Assorted Tasks",,,
104261,"???????","???",72,"I davened Shacharis on Sunday",,,
114587,"???????","???? ??",3562,"I davened Shachris on Sunday",,,
832510,"???????","???? ?????",550,"I learned one mishna with meforshim",,,
35242,"???????","???? ???????",3,"I pictured the Rebbe in my mind during Tekios",,,
35289,"???????","??? ??? ????",3,"I read a Michtav Kloli from the Rebbe",,,
114599,"???????","???? ??",3562,"I said my Kapitel of Tehillim every day this week",,,
104257,"???????","???",72,"I said my Kapitel of Tehillim everyday of the week",,,
831778,"???????","???? ?????",1101,"I said my quota of Pirkei Avos",,,
35241,"???????","???? ???????",3,"I sang the Rabbeim’s Niggunim at an end-of- Yom Tov Farbrengen",,,
35239,"???????","???? ???????",3,"I watched “Tishrei with the Rebbe”",,,
35287,"???????","??? ??? ????",3,"I went to the Ohel and said part of the Maina Loshen",,,
35286,"???????","??? ??? ????",3,"I wrote a Pan and sent it to the Rebbe",,,
104985,"???????","Chodesh Teves",9,"Part 1 ???? ??? I bentched every time i ate this week",,,
104981,"???????","Chodesh Teves",9,"Part 1 ???? ??? I davened Shacharis on Sunday",,,
104977,"???????","Chodesh Teves",9,"Part 1 ???? ??? I said my Kapitel of Tehillim everyday of the week",,,
104986,"???????","Chodesh Teves",9,"Part 2 ???? ???? I bentched every time i ate this week",,,
104982,"???????","Chodesh Teves",9,"Part 2 ???? ???? I davened Shacharis on Sunday",,,
104978,"???????","Chodesh Teves",9,"Part 2 ???? ???? I said my Kapitel of Tehillim everyday of the week",,,
104987,"???????","Chodesh Teves",9,"Part 3 ???? ???? I bentched every time i ate this week",,,
104983,"???????","Chodesh Teves",9,"Part 3 ???? ???? I davened Shacharis on Sunday",,,
104979,"???????","Chodesh Teves",9,"Part 3 ???? ???? I said my Kapitel of Tehillim everyday of the week",,,
104988,"???????","Chodesh Teves",9,"Part 4 ???? ???? I bentched every time i ate this week",,,
104984,"???????","Chodesh Teves",9,"Part 4 ???? ???? I davened Shacharis on Sunday",,,
104980,"???????","Chodesh Teves",9,"Part 4 ???? ???? I said my Kapitel of Tehillim everyday of the week",,,
35284,"???????","???? ???????",152,"?' ???? I pictured the Rebbe in my mind during Tekios",,,
35283,"???????","???? ???????",152,"?""?-?' ???? I sang the Rabbeim’s Niggunim at an end-of- Yom Tov Farbrengen",,,
72611,"???????","???? ???????",56,"?""? ???? - ?''? ???? I watched “Tishrei with the Rebbe”",,,
35281,"???????","???? ???????",96,"?""? ???? - ?''? ???? I watched “Tishrei with the Rebbe”",,,
35324,"???????","??? ??? ????",79,"?""?-?""? ???? I read a Michtav Kloli from the Rebbe",,,
35322,"???????","??? ??? ????",79,"?""?-?""? ???? I went to the Ohel and said part of the Maina Loshen",,,
35321,"???????","??? ??? ????",79,"?""?-?""? ???? I wrote a Pan and sent it to the Rebbe",,,
75385,"???????","Chodesh Cheshvan",18,"???? ???? I bentched every time i ate this week",,,
75381,"???????","Chodesh Cheshvan",18,"???? ???? I Davened Shachris on sunday",,,
75377,"???????","Chodesh Cheshvan",18,"???? ???? I said my Kapital of tehillim everyday of the week",,,
75386,"???????","Chodesh Cheshvan",18,"???? ??? ??? I bentched every time i ate this week",,,
75382,"???????","Chodesh Cheshvan",18,"???? ??? ??? I Davened Shachris on sunday",,,
75378,"???????","Chodesh Cheshvan",18,"???? ??? ??? I said my Kapital of tehillim everyday of the week",,,
75384,"???????","Chodesh Cheshvan",18,"???? ?? ?? I bentched every time i ate this week",,,
75380,"???????","Chodesh Cheshvan",18,"???? ?? ?? I Davened Shachris on sunday",,,
75376,"???????","Chodesh Cheshvan",18,"???? ?? ?? I said my Kapital of tehillim everyday of the week",,,
75383,"???????","Chodesh Cheshvan",18,"???? ?? I bentched every time i ate this week",,,
75379,"???????","Chodesh Cheshvan",18,"???? ?? I Davened Shachris on sunday",,,
75375,"???????","Chodesh Cheshvan",18,"???? ?? I said my Kapital of tehillim everyday of the week",,,
113149,"????? ??????","???? ????",196,"1. I read Hachayol about this months midda 2. I evaluated myself 3. I chose a permanent middos Tovas Hachloto 4. I kept my new and previous Hachloto this week. 1-3 only if you did not do it yet this month",,,
114319,"????? ??????","???? ????",40,"1.I evaluated my self 2.I chose a permanent Middos Tovos Hachloto 3. I kept my new and previous Hachloto this week. 1-2 only if you did not do yet this month",,,
75260,"????? ??????","Chodesh Cheshvan",18,"During this month i did one of the following on this month's theme",,,
63426,"????? ??????","???? ??",93,"During this month i did one of the following on this months theme",,,
95408,"????? ??????","???? ??????",139,"During this month i did one of the options on this months theme",,,
199881,"????? ??????","???? ????? ?????",4002,"During this week I did one of the folowing on the current theme, Made a commic,or created a power point presentation, or wrote a poem",,,
113150,"????? ??????","???? ????",236,"During this week i did one of the folowing on the current theme",,,
199878,"????? ??????","???? ?? ???",4002,"During this week I did one of the folowing on the current theme, wrote an essay,or drew a picture",,,
199870,"????? ??????","???? ?????",4048,"I chose a permanent Middos Tovas Hachloto (write which number you chose)",,,
199873,"????? ??????","???? ????",11962,"I chose a permanent Middos tovas Hachloto (unless you already did) write the hachloto you chose for this month (Even if you did it last week)",,,
199872,"????? ??????","???? ?????",4004,"I completed the Veholachto Bidrochv evaluation sheet",,,
59087,"????? ??????","???? ??",232,"I evaluated myself and with the help of my parent or teacher i chose a permanent middos tovos haclotah",,,
75255,"????? ??????","Chodesh Cheshvan",18,"I evaluated myself and with the help of my parent or teacher i chose a permanent middos tovos resolution",,,
64507,"????? ??????","???? ??",1,"I kep my Hachlotah this week",,,
59091,"????? ??????","???? ??",189,"I kept my Hachlotah this week",,,
95404,"????? ??????","???? ??????",413,"I kept my new and previous Hachlotah this week",,,
199871,"????? ??????","???? ?????",16010,"I kept my new and previous Hachlotos this week",,,
199875,"????? ??????","???? ????",44,"I read the Veholachto Bidrochov page in the Hac hayol Magazine",,,
199887,"????? ??????","???? ??",3958,"I read the Veholachto Bidrochov page in the Hachayol Magazine",,,
105816,"????? ??????","Chodesh Teves",11,"Part 1 ???? ??? I kept my new and previous Hachlotah this week",,,
66178,"????? ??????","Chodesh Cheshvan",47,"Part 1 ???? ?? I kept my Hachlotah this week",,,
75256,"????? ??????","Chodesh Cheshvan",18,"Part 1 ???? ?? I kept my resolution this week",,,
107453,"????? ??????","???? ??????",3,"Part 1 ???? ?????? I kept my new and previous Hachlotah this week",,,
105817,"????? ??????","Chodesh Teves",11,"Part 2 ???? ???? I kept my new and previous Hachlotah this week",,,
113955,"????? ??????","???? ??????",2,"Part 2 ???? ???? I kept my new and previous Hachlotah this week",,,
66179,"????? ??????","Chodesh Cheshvan",47,"Part 2 ???? ?? ?? I kept my Hachlotah this week",,,
75257,"????? ??????","Chodesh Cheshvan",18,"Part 2 ???? ?? ?? I kept my resolution this week",,,
105818,"????? ??????","Chodesh Teves",11,"Part 3 ???? ???? I kept my new and previous Hachlotah this week",,,
66180,"????? ??????","Chodesh Cheshvan",47,"Part 3 ???? ???? I kept my Hachlotah this week",,,
75258,"????? ??????","Chodesh Cheshvan",18,"Part 3 ???? ???? I kept my resolution this week",,,
113956,"????? ??????","???? ??????",2,"Part 3 ???? ????? I kept my new and previous Hachlotah this week",,,
113957,"????? ??????","???? ??????",2,"Part 4 ???? ???? I kept my new and previous Hachlotah this week",,,
66181,"????? ??????","Chodesh Cheshvan",47,"Part 4 ???? ??? ??? I kept my Hachlotah this week",,,
75259,"????? ??????","Chodesh Cheshvan",18,"Part 4 ???? ??? ??? I kept my resolution this week",,,
105819,"????? ??????","Chodesh Teves",11,"Part 4 ???? ???? I kept my new and previous Hachlotah this week",,,
385743,"???? ?????","Purim Day",45,"After the Megillah I said teh Brochos and Shoshanas Yakkov",,,
836784,"???? ?????","Nine Days #1",144,"Ahavas Yisroel: Each day befriend another Chayol",,,
59066,"???? ?????","Chof Cheshvan",72,"At my shabbos table i explained the pisgom ""ich gay in himmel""",,,
59067,"???? ?????","Chof Cheshvan",72,"At my shabbos table i sang the niggun hachona",,,
64662,"???? ?????","Zayin Cheshvan",72,"At the dinner table i sang the niggun Henay Ma Tov",,,
75801,"???? ?????","Yud Aleph Cheshvan",18,"At the dinner table i told over (or heard) something special about rachel imainu",,,
836768,"???? ?????","???? #4",38,"Before Rosh Hashana we daven at kivrei Tzadekim. Chassidim who are able to , visit the ohel, I went to Kivrei Tzadekim/ Ohel to dave",,,
806135,"???? ?????","??? ?'",98,"Beirach-I or someone at the seder filled up the Kois Shel Eliyahu Hanavi",,,
836031,"???? ?????","??? ?????",10,"Boys: I took a hair cut to prepare for Yom Tov",,,
836055,"???? ?????","?' ??????",10,"Boys: I went under a Tallis for Birchas Kohanim Girls: i heard Birchas Kohanim",,,
836041,"???? ?????","?' ??????",10,"Boys: I went under a Tallis for Birchas Kohanim Girls: i hearde Birchas Kohanim",,,
34714,"???? ?????","??? ??? ?????",8,"did Kapporos (anytime before Yom Kippur)",,,
386031,"???? ?????","? ???",36,"Discuss a way you can make sure that America (or the country you live in) is NO different",,,
138793,"???? ?????","?' ???",36,"Do the Bosi Legani game on page 20",,,
836785,"???? ?????","Nine Days #1",48,"During this week i did not eat meat, chicken or wine unless it's a sheudas mitzvah",,,
138794,"???? ?????","?""? ????",45,"Eat at least one of the Shivas Haminim",,,
806120,"???? ?????","??? ?'",78,"From Rochtza until after Korech, I did not talk about anything that is not connected with the mitzvos of matza, Moror or Korech (Because the Bracha on Matza is also for Korech. You can say ""Please pass the Marror"" or ""Tatti how do you do this?"")",,,
836045,"???? ?????","?' ??????",10,"Girls: I lite candels",,,
138787,"???? ?????","?' ???",36,"Give extra Tzedakah",,,
138799,"???? ?????","?""? ???",36,"Give Tzedaka in multiples of five (5 cents, 10 cents, ect.)",,,
822525,"???? ?????","??? ?'",20,"Hallel Nirtza- I drank the entire fourth cup while leaning on my left",,,
817613,"???? ?????","??? ?'",20,"Hallel Nirtza- I drank the entire fourth kois",,,
815798,"???? ?????","??? ?'",20,"Hallel Nirtza- I drank the entire fourth kois while leaning to my left",,,
806139,"???? ?????","??? ?'",38,"Hallel Nirtza- I said Hallel nicely, (inChabad we do not rush to complete Hallel before chatzos)",,,
34699,"???? ?????","?' ???? ????",18,"heard 100 tekios without speaking between them",,,
823899,"???? ?????","????? ?? ???",20,"I Bentch licht in their Yom Tov clothes",,,
824532,"???? ?????","????? ?? ???",10,"I Birchas Kohanim",,,
823916,"???? ?????","????? ?? ???",10,"I davened Mincha",,,
823822,"???? ?????","? ????""?",50,"I davened mincha nicely",,,
815807,"???? ?????","??? ???",90,"I davened my Mincha quota nicely",,,
835506,"???? ?????","??? ?????",40,"I davened my shacharis quota nicely",,,
815802,"???? ?????","??? ???",30,"I davened my shacharis quota nicely (with out Mizmor Lesoda)",,,
816069,"???? ?????","? ????""?",20,"I gave Tzedaka and Bentch Licht before the Zman in their shabbos clothes",,,
823883,"???? ?????","? ????""?",20,"I gave Tzedaka and Bentch Licht in their Yom Tov clothes",,,
169427,"???? ?????","???? ??? ?????",635,"I watched a video of the Rebbe",,,
834447,"???? ?????","??? ?????",20,"I (went to shul) davened my shacharis quota nicely",,,
835061,"???? ?????","?? ????",39,"I answered the questions of chof ches sivan",,,
834488,"???? ?????","?' ??????",40,"I answered the Shavuos questions and brought it back to school after Shavuos",,,
807173,"???? ?????","? ????""?",39,"I as careful not to eat Gebroks",,,
33733,"???? ?????","??? ??? ?????",54,"I asked for Honey Cake",,,
34033,"???? ?????","??? ??? ?????",72,"I asked for Lekach",,,
34032,"???? ?????","??? ??? ?????",126,"I asked my friends for forgiveness",,,
34068,"???? ?????","?' ???? ????",126,"I ate a new fruit for the brocha Shehechiyonu",,,
836050,"???? ?????","?' ??????",10,"I ate a Seudas yom tov with fish and meat",,,
834461,"???? ?????","?' ??????",40,"I ate a seudas yom tov with fish and meat",,,
836046,"???? ?????","?' ??????",10,"I ate a yom tov meal",,,
815950,"???? ?????","??? ?'",60,"I ate at least on Kezayis in the shiur (7-7 minutes)",,,
806124,"???? ?????","??? ?'",38,"I ate at least on Kezayis in the shiur (7-7 minutes) while leaning to my left",,,
836043,"???? ?????","?' ??????",10,"I ate dairy meal",,,
97909,"???? ?????","?????",432,"I ate food made with oil",,,
34062,"???? ?????","?' ???? ????",126,"I ate from the head of a ram, sheep, or fish",,,
807185,"???? ?????","????? ?? ???",39,"I ate Gebroks tonight",,,
385746,"???? ?????","Purim Day",45,"I ate Krapelach by the Purim seuda",,,
828312,"???? ?????","??? ???",47,"I ate Matzah",,,
834460,"???? ?????","?' ??????",40,"I ate Milchigs",,,
34035,"???? ?????","??? ??? ?????",126,"I ate the first Seuda with krepelach",,,
815958,"???? ?????","??? ?'",40,"I ate the Korech sandwich ( a Kezayis of Matza and a Kezayis of Chazeres) in 6-7 minutes",,,
806132,"???? ?????","??? ?'",38,"I ate the Korech sandwich ( a Kezayis of Matza and a Kezayis of Chazeres) while leaning to my left in 6-7 minutes",,,
822518,"???? ?????","??? ?'",20,"I ate the Korech sandwich while leaning to my left",,,
385740,"???? ?????","Purim Day",45,"I ate the Purim Seudah",,,
34037,"???? ?????","??? ??? ?????",126,"I ate the Seuda Hamafsekes",,,
834450,"???? ?????","??? ?????",140,"I ate the Yom tov meal",,,
834496,"???? ?????","???? ?????",40,"I attended a special gathering in honor of Shabbos Achdus",,,
34044,"???? ?????","??? ?????",126,"I behaved extra well because my parents were fasting",,,
802681,"???? ?????","#2 ????? ????",36,"I bought or was given a new siddur for Yom Tov",,,
34052,"???? ?????","??? ?????",90,"I bowed down for “Koyrim”",,,
63460,"???? ?????","Chof Cheshvan",72,"I checked to see which of the following mamorim we have in our house 1. Kuntres eitz chayim 2. Veyadato moskova 3. Eyin beis 4. Kuntres umayon 5. Samech vov",,,
386034,"???? ?????","?? ???",36,"I chose a birthday gift for the Rebbe",,,
823864,"???? ?????","????? #1",30,"I counted the 10th night of Sefira, said Horachamon",,,
807594,"???? ?????","????? #1",19,"I counted the 10th night of Sefira, said Horachamon and (my quota of) Lamnatzeiach, Ona B'koach and Ribono Shel Olam",,,
823865,"???? ?????","????? #1",30,"I counted the 11th night of Sefira, said Horachamon",,,
807595,"???? ?????","????? #1",19,"I counted the 11th night of Sefira, said Horachamon and (my quota of) Lamnatzeiach, Ona B'koach and Ribono Shel Olam",,,
823866,"???? ?????","????? #1",30,"I counted the 12th night of Sefira, said Horachamon",,,
807596,"???? ?????","????? #1",19,"I counted the 12th night of Sefira, said Horachamon and (my quota of) Lamnatzeiach, Ona B'koach and Ribono Shel Olam",,,
823867,"???? ?????","????? #2",30,"I counted the 13th night of Sefira, said Horachamon",,,
807597,"???? ?????","????? #2",19,"I counted the 13th night of Sefira, said Horachamon and (my quota of) Lamnatzeiach, Ona B'koach and Ribono Shel Olam",,,
823868,"???? ?????","????? #2",30,"I counted the 14th night of Sefira, said Horachamon",,,
807598,"???? ?????","????? #2",19,"I counted the 14th night of Sefira, said Horachamon and (my quota of) Lamnatzeiach, Ona B'koach and Ribono Shel Olam",,,
823869,"???? ?????","????? #2",30,"I counted the 15th night of Sefira, said Horachamon",,,
807599,"???? ?????","????? #2",19,"I counted the 15th night of Sefira, said Horachamon and (my quota of) Lamnatzeiach, Ona B'koach and Ribono Shel Olam",,,
823870,"???? ?????","????? #2",30,"I counted the 16th night of Sefira, said Horachamon",,,
807600,"???? ?????","????? #2",19,"I counted the 16th night of Sefira, said Horachamon and (my quota of) Lamnatzeiach, Ona B'koach and Ribono Shel Olam",,,
823871,"???? ?????","????? #2",30,"I counted the 17th night of Sefira, said Horachamon",,,
807601,"???? ?????","????? #2",19,"I counted the 17th night of Sefira, said Horachamon and (my quota of) Lamnatzeiach, Ona B'koach and Ribono Shel Olam",,,
823872,"???? ?????","????? #2",30,"I counted the 18th night of Sefira, said Horachamon",,,
807602,"???? ?????","????? #2",19,"I counted the 18th night of Sefira, said Horachamon and (my quota of) Lamnatzeiach, Ona B'koach and Ribono Shel Olam",,,
823873,"???? ?????","????? #2",30,"I counted the 19th night of Sefira, said Horachamon",,,
807603,"???? ?????","????? #2",19,"I counted the 19th night of Sefira, said Horachamon and (my quota of) Lamnatzeiach, Ona B'koach and Ribono Shel Olam",,,
822545,"???? ?????","?' ????",10,"I counted the 1st night of Sefira, said Horachamon",,,
806190,"???? ?????","?' ????",48,"I counted the 1st night of Sefira, said Horachamon and (my quota of) Lamnatzeiach, Ona B'koach and Ribono Shel Olam",,,
828346,"???? ?????","#3 ?????",19,"I counted the 20th night of Sefira,said Horachamon",,,
827818,"???? ?????","#3 ?????",28,"I counted the 20th night of Sefira,said Horachamon and (my quota of) Lamnatzeiach, Ona B'koach and Ribono Shel Olem",,,
828347,"???? ?????","#3 ?????",19,"I counted the 21st night of Sefira,said Horachamon",,,
827819,"???? ?????","#3 ?????",28,"I counted the 21st night of Sefira,said Horachamon and (my quota of) Lamnatzeiach, Ona B'koach and Ribono Shel Olem",,,
828348,"???? ?????","#3 ?????",19,"I counted the 22nd night of Sefira,said Horachamon",,,
827820,"???? ?????","#3 ?????",28,"I counted the 22nd night of Sefira,said Horachamon and (my quota of) Lamnatzeiach, Ona B'koach and Ribono Shel Olem",,,
828349,"???? ?????","#3 ?????",19,"I counted the 23rd night of Sefira,said Horachamon",,,
827821,"???? ?????","#3 ?????",28,"I counted the 23rd night of Sefira,said Horachamon and (my quota of) Lamnatzeiach, Ona B'koach and Ribono Shel Olem",,,
828350,"???? ?????","#3 ?????",19,"I counted the 24th night of Sefira,said Horachamon",,,
827822,"???? ?????","#3 ?????",28,"I counted the 24th night of Sefira,said Horachamon and (my quota of) Lamnatzeiach, Ona B'koach and Ribono Shel Olem",,,
828351,"???? ?????","#3 ?????",19,"I counted the 25th night of Sefira,said Horachamon",,,
827823,"???? ?????","#3 ?????",28,"I counted the 25th night of Sefira,said Horachamon and (my quota of) Lamnatzeiach, Ona B'koach and Ribono Shel Olem",,,
828352,"???? ?????","#3 ?????",19,"I counted the 26th night of Sefira,said Horachamon",,,
827824,"???? ?????","#3 ?????",28,"I counted the 26th night of Sefira,said Horachamon and (my quota of) Lamnatzeiach, Ona B'koach and Ribono Shel Olem",,,
828329,"???? ?????","#4 ?????",19,"I counted the 27th night of Sefira,said Horachamon",,,
827921,"???? ?????","#4 ?????",28,"I counted the 27th night of Sefira,said Horachamon and (my quota of) Lamnatzeiach, Ona B'koach and Ribono Shel Olem",,,
828330,"???? ?????","#4 ?????",19,"I counted the 28th night of Sefira,said Horachamon",,,
827922,"???? ?????","#4 ?????",28,"I counted the 28th night of Sefira,said Horachamon and (my quota of) Lamnatzeiach, Ona B'koach and Ribono Shel Olem",,,
828331,"???? ?????","#4 ?????",19,"I counted the 29th night of Sefira,said Horachamon",,,
827923,"???? ?????","#4 ?????",28,"I counted the 29th night of Sefira,said Horachamon and (my quota of) Lamnatzeiach, Ona B'koach and Ribono Shel Olem",,,
815876,"???? ?????","?' ????",40,"I counted the 2nd night of Sefira, said Horachamon and (my quota of) Lamnatzeiach, Ona B'koach and Ribono Shel Olam",,,
828332,"???? ?????","#4 ?????",19,"I counted the 30th night of Sefira,said Horachamon",,,
827924,"???? ?????","#4 ?????",28,"I counted the 30th night of Sefira,said Horachamon and (my quota of) Lamnatzeiach, Ona B'koach and Ribono Shel Olem",,,
828333,"???? ?????","#4 ?????",19,"I counted the 31st night of Sefira,said Horachamon",,,
827925,"???? ?????","#4 ?????",28,"I counted the 31st night of Sefira,said Horachamon and (my quota of) Lamnatzeiach, Ona B'koach and Ribono Shel Olem",,,
828334,"???? ?????","#4 ?????",19,"I counted the 32nd night of Sefira,said Horachamon",,,
827926,"???? ?????","#4 ?????",28,"I counted the 32nd night of Sefira,said Horachamon and (my quota of) Lamnatzeiach, Ona B'koach and Ribono Shel Olem",,,
828291,"???? ?????","#5 ?????",19,"I counted the 34th night of Sefira,said Horachamon",,,
828267,"???? ?????","#5 ?????",28,"I counted the 34th night of Sefira,said Horachamon and (my quota of) Lamnatzeiach, Ona B'koach and Ribono Shel Olem",,,
828292,"???? ?????","#5 ?????",19,"I counted the 35th night of Sefira,said Horachamon",,,
828268,"???? ?????","#5 ?????",28,"I counted the 35th night of Sefira,said Horachamon and (my quota of) Lamnatzeiach, Ona B'koach and Ribono Shel Olem",,,
828293,"???? ?????","#5 ?????",19,"I counted the 36th night of Sefira,said Horachamon",,,
828269,"???? ?????","#5 ?????",28,"I counted the 36th night of Sefira,said Horachamon and (my quota of) Lamnatzeiach, Ona B'koach and Ribono Shel Olem",,,
828294,"???? ?????","#5 ?????",19,"I counted the 37th night of Sefira,said Horachamon",,,
828270,"???? ?????","#5 ?????",28,"I counted the 37th night of Sefira,said Horachamon and (my quota of) Lamnatzeiach, Ona B'koach and Ribono Shel Olem",,,
828295,"???? ?????","#5 ?????",19,"I counted the 38th night of Sefira,said Horachamon",,,
828271,"???? ?????","#5 ?????",28,"I counted the 38th night of Sefira,said Horachamon and (my quota of) Lamnatzeiach, Ona B'koach and Ribono Shel Olem",,,
828296,"???? ?????","#5 ?????",19,"I counted the 39th night of Sefira,said Horachamon",,,
828272,"???? ?????","#5 ?????",28,"I counted the 39th night of Sefira,said Horachamon and (my quota of) Lamnatzeiach, Ona B'koach and Ribono Shel Olem",,,
806210,"???? ?????","? ????""?",49,"I counted the 3rd night of Sefira, said Horachamon and (my quota of ) Lamnatzeiach, Ona B'koach and Ribono Shel Olam...",,,
827817,"???? ?????","#5 ?????",1,"I counted the 40th night of Sefira,said Horachamon",,,
828297,"???? ?????","#5 ?????",18,"I counted the 40th night of Sefira,said Horachamon",,,
828273,"???? ?????","#5 ?????",28,"I counted the 40th night of Sefira,said Horachamon and (my quota of) Lamnatzeiach, Ona B'koach and Ribono Shel Olem",,,
831826,"???? ?????","#6 ?????",1,"I counted the 41st night of Sefira,said Horachamon and (my quota of ) Lamnatzeiach, Ona B'koach and Ribono Shel Olem",,,
834489,"???? ?????","#6 ?????",20,"I counted the 41st night of Sefira,said Horachamon",,,
836064,"???? ?????","#6 ?????",31,"I counted the 41st night of Sefira,said Horachamon and (my quota of ) Lamnatzeiach, Ona B'koach and Ribono Shel Olem",,,
831827,"???? ?????","#6 ?????",1,"I counted the 42nd night of Sefira,said Horachamon and (my quota of ) Lamnatzeiach, Ona B'koach and Ribono Shel Olem",,,
834490,"???? ?????","#6 ?????",20,"I counted the 42nd night of Sefira,said Horachamon",,,
836065,"???? ?????","#6 ?????",31,"I counted the 42nd night of Sefira,said Horachamon and (my quota of ) Lamnatzeiach, Ona B'koach and Ribono Shel Olem",,,
834491,"???? ?????","#6 ?????",20,"I counted the 43rd night of Sefira,said Horachamon",,,
836066,"???? ?????","#6 ?????",31,"I counted the 43rd night of Sefira,said Horachamon and (my quota of ) Lamnatzeiach, Ona B'koach and Ribono Shel Olem",,,
831828,"???? ?????","#6 ?????",1,"I counted the 43rd night of Sefira,said Horachamon and (my quota of ) Lamnatzeiach, Ona B'koach and Ribono Shel Olem",,,
831829,"???? ?????","#6 ?????",1,"I counted the 44th night of Sefira,said Horachamon and (my quota of ) Lamnatzeiach, Ona B'koach and Ribono Shel Olem",,,
834492,"???? ?????","#6 ?????",20,"I counted the 44th night of Sefira,said Horachamon",,,
836067,"???? ?????","#6 ?????",31,"I counted the 44th night of Sefira,said Horachamon and (my quota of ) Lamnatzeiach, Ona B'koach and Ribono Shel Olem",,,
834493,"???? ?????","#6 ?????",20,"I counted the 45th night of Sefira,said Horachamon",,,
836068,"???? ?????","#6 ?????",31,"I counted the 45th night of Sefira,said Horachamon and (my quota of ) Lamnatzeiach, Ona B'koach and Ribono Shel Olem",,,
831830,"???? ?????","#6 ?????",1,"I counted the 45th night of Sefira,said Horachamon and (my quota of ) Lamnatzeiach, Ona B'koach and Ribono Shel Olem",,,
834494,"???? ?????","#6 ?????",20,"I counted the 46th night of Sefira,said Horachamon",,,
836069,"???? ?????","#6 ?????",31,"I counted the 46th night of Sefira,said Horachamon and (my quota of ) Lamnatzeiach, Ona B'koach and Ribono Shel Olem",,,
831831,"???? ?????","#6 ?????",1,"I counted the 46th night of Sefira,said Horachamon and (my quota of ) Lamnatzeiach, Ona B'koach and Ribono Shel Olem",,,
834495,"???? ?????","#6 ?????",20,"I counted the 47th night of Sefira,said Horachamon",,,
836070,"???? ?????","#6 ?????",31,"I counted the 47th night of Sefira,said Horachamon and (my quota of ) Lamnatzeiach, Ona B'koach and Ribono Shel Olem",,,
831832,"???? ?????","#6 ?????",1,"I counted the 47th night of Sefira,said Horachamon and (my quota of ) Lamnatzeiach, Ona B'koach and Ribono Shel Olem",,,
835073,"???? ?????","#7 ?????",20,"I counted the 48th night of Sefira,said Horachamon",,,
836071,"???? ?????","#7 ?????",30,"I counted the 48th night of Sefira,said Horachamon and (my quota of ) Lamnatzeiach, Ona B'koach and Ribono Shel Olem",,,
835074,"???? ?????","#7 ?????",20,"I counted the 49th night of Sefira,said Horachamon",,,
836072,"???? ?????","#7 ?????",30,"I counted the 49th night of Sefira,said Horachamon and (my quota of ) Lamnatzeiach, Ona B'koach and Ribono Shel Olem",,,
822617,"???? ?????","? ????""?",10,"I counted the 4th night of Sefira, said Horacham",,,
806229,"???? ?????","? ????""?",39,"I counted the 4th night of Sefira, said Horachamon and (my quota of)Lamnatzeiach, Ona B'koach and Ribono Shel Olam..",,,
806243,"???? ?????","? ????""?",49,"I counted the 5th night of sefira, said Horachamon and (my Quota of) Lamnatzeiach, Ona B'koach and Ribono Shel Olam.",,,
824565,"???? ?????","? ????""?",10,"I counted the 6th night of sefira, said Horachamon",,,
807168,"???? ?????","? ????""?",39,"I counted the 6th night of sefira, said Horachamon and (my quota of) Lamnatzeiach . Ona B'koach and Ribono Shel Olam..",,,
807184,"???? ?????","????? ?? ???",49,"I counted the 7th night of Sefira, said Horachamon and (my quota of ) Lamnatzeiach, Ona B'koach and Ribono Shel Olam...",,,
807590,"???? ?????","????? ?? ???",49,"I counted the 8th night of Sefira, said Horachamon and (my quota of) Lamnatzeiach, Ona B'koach and Ribono Shel Olam",,,
823863,"???? ?????","????? #1",30,"I counted the 9th night of Sefira, said Horachamon",,,
807192,"???? ?????","????? #1",19,"I counted the 9th night of Sefira, said Horachamon and (my quota of) Lamnatzeiach, Ona B'koach and Ribono Shel Olam",,,
828335,"???? ?????","#4 ?????",19,"I counted the33rd night of Sefira,said Horachamon",,,
827927,"???? ?????","#4 ?????",28,"I counted the33rd night of Sefira,said Horachamon and (my quota of) Lamnatzeiach, Ona B'koach and Ribono Shel Olem",,,
824570,"???? ?????","? ????""?",10,"I davened Learned Torah for at least 10 minutes",,,
816071,"???? ?????","? ????""?",10,"I Davened Maariv quota nicely",,,
34022,"???? ?????","???? ??? ?????",48,"I davened Mincha",,,
34706,"???? ?????","???? ??? ?????",108,"I davened Mincha (with anainu if fasting)",,,
386040,"???? ?????","????? ????",36,"I davened Mincha (with Aneinu Anienu is said only if fasting)",,,
836777,"???? ?????","???? ??? ?????",48,"I davened Mincha and Aneinu",,,
834470,"???? ?????","?' ??????",150,"I davened mincha nicely",,,
806228,"???? ?????","? ????""?",39,"I Davened Mincha quota nicely",,,
806218,"???? ?????","? ????""?",9,"I Davened Mincha with a Minyan",,,
34039,"???? ?????","??? ??? ?????",126,"I davened Mincha with Al Cheit",,,
105878,"???? ?????","Asara Bteves",102,"I davened Mincha with Aneinu ( Aneinu is said only if fasting)",,,
385725,"???? ?????","Tannis Esther",9,"I davened Mincha with Aneinu (Aneinu is said only if fasting)",,,
834467,"???? ?????","?' ??????",100,"I davened Musaf nicely",,,
816063,"???? ?????","? ????""?",10,"I davened my maariv",,,
807589,"???? ?????","????? ?? ???",9,"I davened my maariv quota",,,
835468,"???? ?????","?' ??????",87,"I davened my Maariv quota nicely",,,
806220,"???? ?????","? ????""?",9,"I davened my maariv with a Minyan",,,
835041,"???? ?????","?' ??????",29,"I davened my marriv quota nicely",,,
806209,"???? ?????","? ????""?",49,"I Davened my Mincaha quota nicely",,,
835023,"???? ?????","??? ?????",10,"I davened my mincha and maariv quotas",,,
835511,"???? ?????","??? ?????",10,"I davened my Mincha and Maariv quotas nicely",,,
34054,"???? ?????","??? ?????",186,"I davened my Mincha quota nicely",,,
806184,"???? ?????","?' ????",392,"I Davened my Musaf quota nicely",,,
34051,"???? ?????","??? ?????",126,"I davened my Mussof quota nicely",,,
806206,"???? ?????","? ????""?",245,"I davened my quota of half Hallel nicely",,,
806182,"???? ?????","?' ????",98,"I davened my quota of Hallel",,,
806238,"???? ?????","? ????""?",49,"I Davened my quota of Hallel nicely",,,
35791,"???? ?????","?' ???? ????",199,"I davened my quota of Maariv nicely",,,
836771,"???? ?????","???? ??? ?????",29,"I davened my quota of shacaris",,,
836795,"???? ?????","???? ???",10,"I davened my quota of shacharis",,,
822610,"???? ?????","? ????""?",20,"I Davened my Shacharis and Musaf with a Minyan",,,
34027,"???? ?????","???? ??? ?????",126,"I davened my Shacharis and Mussof quota nicely",,,
802708,"???? ?????","? ????""?",147,"I davened my shacharis quota nicely",,,
815970,"???? ?????","??? ???",10,"I davened my shacharis quota nicely (with out Mizmor Lesoda)",,,
807170,"???? ?????","? ????""?",29,"I davened shacharis and musaf with a minyan",,,
806211,"???? ?????","? ????""?",38,"I Davened Shacharis and Musaf with a Minyan",,,
386051,"???? ?????","????? ???",36,"I davened Shacharis with a Minyan",,,
385733,"???? ?????","Purim Day",9,"I davened Shachris",,,
807604,"???? ?????","?? ????",40,"I demanded from Hashem that WE WANT MOSHIACH NOW!",,,
34025,"???? ?????","???? ??? ?????",126,"I did a special act of Kibbud Av V’eim",,,
386043,"???? ?????","????? ????",36,"I did Hachoyol on pages 8-9",,,
34030,"???? ?????","??? ??? ?????",118,"I did Kapporos (anytime before Yom Kippur)",,,
836791,"???? ?????","Nine Days #2",48,"I did not cut my nails until after Tisha b'av",,,
836792,"???? ?????","Nine Days #2",48,"I did not eat meat, chicken or wine unless, it was a sheudas mitzvah",,,
836803,"???? ?????","???? ???",48,"I did not learn torah till after chatzos",,,
836802,"???? ?????","???? ???",48,"I did not take a bath or shower",,,
836804,"???? ?????","???? ???",48,"I did not take a haircut until after chatzos of he 10th of av",,,
806110,"???? ?????","??? ?'",98,"I did not talk until after eating karpas",,,
836800,"???? ?????","???? ???",48,"I did not wear leather shoes of sneakers",,,
59061,"???? ?????","Zayin Cheshvan",108,"I did something to make someone more comfortable (even if it meant giving something up)",,,
105881,"???? ?????","Asara Bteves",36,"I did the ""spot the differences"" on the back page of Hachayol",,,
802673,"???? ?????","?? ????",37,"I did the Niggunim game on the back page of the HaChayol magazine",,,
806114,"???? ?????","??? ?'",78,"I didn't ""steal"" the Afikoman",,,
806123,"???? ?????","??? ?'",78,"I didn't dip the Matza into salt ( inorder not to take away from the taste of the Matza",,,
816091,"???? ?????","??? ?'",80,"I didn't make a Brocha",,,
807587,"???? ?????","????? ?? ???",39,"I drank 4 cups of wine or grape juice while having in mind the coming of Moshiach",,,
823839,"???? ?????","????? ?? ???",10,"I drank a R'evi'is of grape juice",,,
806215,"???? ?????","? ????""?",76,"I drank a Revi'is of grape juice",,,
822504,"???? ?????","??? ?'",20,"I drank the 2nd cup while leaning to my left",,,
815944,"???? ?????","??? ?'",40,"I drank the entire 2nd kois",,,
815776,"???? ?????","??? ?'",20,"I drank the entire 2nd kois while leaning to my left",,,
806118,"???? ?????","??? ?'",18,"I drank the entire 2nd kois ( in one gulp) while leaning to my left",,,
815966,"???? ?????","??? ?'",20,"I drank the entire fourth kois",,,
806140,"???? ?????","??? ?'",18,"I drank the entire fourth kois (in one gulp) while leaning to my left",,,
815933,"???? ?????","??? ?'",40,"I drank the entire kois",,,
806107,"???? ?????","??? ?'",38,"I drank the entire kois (in one gulp) while leaning to my left",,,
815963,"???? ?????","??? ?'",40,"I drank the entire third Kois",,,
806137,"???? ?????","??? ?'",18,"I drank the entire third Kois (in one gulp) while leaning to my left",,,
815795,"???? ?????","??? ?'",40,"I drank the entire third Kois while leaning to my left",,,
822492,"???? ?????","??? ?'",20,"I drank the first cup while leaning to my left",,,
385731,"???? ?????","Purim Night",90,"I dressed up",,,
836770,"???? ?????","???? #4",19,"I encouraged my father to read me the Rebbes letter for the new year",,,
836769,"???? ?????","???? #4",38,"I encouraged my father to sign the pan Kloli asking for a bracha for the Rebbe, my family and Klal Yisroel",,,
834499,"???? ?????","???? ?????",40,"I exchanged my snack with a friend",,,
385723,"???? ?????","Tannis Esther",45,"I fasted for part of the day",,,
34043,"???? ?????","??? ?????",330,"I fasted part of the day",,,
33743,"???? ?????","??? ?????",54,"I fasted part of Yom Kippur",,,
836870,"???? ?????","??' ????",38,"I filled in the correct years of what happened on Chai Elul",,,
834481,"???? ?????","?' ??????",50,"I followed along during kiras Hatorah",,,
834466,"???? ?????","?' ??????",333,"I followed along during Krias HaTorah",,,
837491,"???? ?????","???? ???",38,"I followed along during Krias Hatorah and the Haftorah of mincha",,,
839874,"???? ?????","???? ???",19,"I followed along during Krias Hatorah of shacharis",,,
807177,"???? ?????","????? ?? ???",49,"I followed along during the special Krias haTorah -Oz Yoshir",,,
385744,"???? ?????","Purim Day",81,"I followed along in a Megillah or Chumash",,,
385730,"???? ?????","Purim Night",9,"I followed along in the Megillah or Chumash",,,
34707,"???? ?????","???? ??? ?????",108,"I followed Krias Hatorah and Haftora inside",,,
386041,"???? ?????","????? ????",36,"I followed Krias HaTorah and Haftorah inside by Mincha",,,
105879,"???? ?????","Asara Bteves",63,"I followed Krias Hatorah and the Haftorah inside by mincha",,,
836778,"???? ?????","???? ??? ?????",48,"I followed Krias Hatorah and the Haftorah inside by mincha (boys only)",,,
34691,"???? ?????","?' ???? ????",216,"I followed Krias HaTorah inside",,,
802688,"???? ?????","?? ????",39,"I found a sefer from the Tzemach Tzedek in my house",,,
802649,"???? ?????","? ????",36,"I found a Sefer of the Rebbe Rashab in my house",,,
802684,"???? ?????","?? ????",39,"I gave extra Tzedaka",,,
835508,"???? ?????","??? ?????",40,"I gave extra Tzedaka for 2 days of Yom Tov and Bentch Licht in their Yom tov Clothes",,,
834449,"???? ?????","??? ?????",30,"I gave extra Tzedaka for 2 days of Yom Tov and reminded the girls in my family to Bentch Licht in their Yom tov Clothes",,,
34034,"???? ?????","??? ??? ?????",321,"I gave extra Tzedakah",,,
385720,"???? ?????","Tannis Esther",45,"I gave Machtazis Hashekel from my own money",,,
97942,"???? ?????","?????",54,"I gave maser from my Chanukah Gelt after Chanukah",,,
385739,"???? ?????","Purim Day",45,"I gave Matonos Loevyonim to at least two people",,,
385738,"???? ?????","Purim Day",45,"I gave my own Shalach Manos through a shliach (boys give boys, girls give girls)",,,
838083,"???? ?????","???? #2",152,"I gave tzedakah in Multiples of 355",,,
34036,"???? ?????","??? ??? ?????",18,"I got Malkus",,,
34720,"???? ?????","??? ??? ?????",27,"I got Malkus and said “Ve’hu Rachum”",,,
802680,"???? ?????","#2 ????? ????",36,"I have my own Haggadah with pictures",,,
817681,"???? ?????","?' ????",20,"I heard Birchas Kohanim",,,
34072,"???? ?????","?' ???? ????",18,"I heard 100 tekios",,,
35805,"???? ?????","?' ???? ????",90,"I heard 100 tekios without speaking between them",,,
33749,"???? ?????","??? ?????",170,"I heard Birchas Kohanim",,,
98794,"???? ?????","?????",72,"I heard Krias HaTorah",,,
34073,"???? ?????","?' ???? ????",126,"I heard the 30 extra tekios",,,
836824,"???? ?????","???? #1",192,"I heard the Shofar",,,
34048,"???? ?????","??? ?????",126,"I heard the Shofar and said Leshono Habo’o B’Yerusholayim",,,
835045,"???? ?????","?' ??????",10,"I hearde Birchas Kohanim",,,
802651,"???? ?????","#1????? ????",216,"I helped prepare for Pesach for 10 minutes",,,
802674,"???? ?????","#2 ????? ????",717,"I helped prepare for Pesach for 10 minutes",,,
802694,"???? ?????","??? ???",49,"I helped prepare for Pesach for a half hour",,,
806225,"???? ?????","? ????""?",49,"I helped prepare for Shabbos for at least 10 Minutes",,,
834448,"???? ?????","??? ?????",50,"I helped prepare for shauvos for at least 15 minutes",,,
34056,"???? ?????","?' ???? ????",216,"I helped prepare for Yom Tov",,,
807164,"???? ?????","? ????""?",49,"I helped prepare for Yom Tov for at least 10 minutes",,,
59260,"???? ?????","?? ??????",36,"I helped prepare for Yom Tov on Erev Yom Tov",,,
806187,"???? ?????","?' ????",196,"I helped prepare or clean up from the meal",,,
34075,"???? ?????","?' ???? ????",378,"I helped prepare, serve or cleanup after the meal",,,
807584,"???? ?????","????? ?? ???",49,"I helped prepare, setup, slean up from the meal",,,
834477,"???? ?????","?' ??????",50,"I helped set of clean up a meal",,,
834459,"???? ?????","?' ??????",50,"I helped set or clean up a meal",,,
802687,"???? ?????","?? ????",49,"I helped with B'dikas Chometz",,,
802693,"???? ?????","??? ???",49,"I helped with Biur Cometz listened to Kol Chamira and Yehi Rotzon and made sure the chometz was burned before the zman",,,
836748,"???? ?????","???? #3",96,"I learned the halochos of tishrei",,,
807193,"???? ?????","?? ????",40,"I learned (part of) the Sicha the Rebbe said on Chof Ches Nissan 5751",,,
138790,"???? ?????","?' ???",36,"I learned (some) of the Mishnayos that begin with the letters that spell the Frierdiker Rebbe's name",,,
386033,"???? ?????","?? ???",36,"I Learned a Sicha",,,
839844,"???? ?????","???? ??? ?????",19,"I learned a sicha for shiva asor b'tammuz",,,
836488,"???? ?????","?' ????",37,"I learned a sicha of the Rebbe and its lesson for my life (e.g. sicha of a boy in prison)",,,
97925,"???? ?????","?????",432,"I learned extra Torah for 5 minutes",,,
138782,"???? ?????","?' ???",36,"I learned part of Basi Legani by heart",,,
38642,"???? ?????","?'? ????",72,"I learned something about the Rebbe Maharash",,,
802669,"???? ?????","?? ????",37,"I learned the meaning of (part of) the Rebbe's new kapital",,,
836830,"???? ?????","???? #2",144,"I learned the meaning of the words of the Tefiilos of the Yomim Noroim",,,
836733,"???? ?????","? ??",38,"I learned the sicha about Reb Levik's name",,,
836869,"???? ?????","??' ????",38,"I learned the Sicha about the Baal Shem Tov and children",,,
839876,"???? ?????","???? ???",19,"I learned the sicha for tisha b'av",,,
822624,"???? ?????","? ????""?",10,"I learned Torah for an 10 minutes",,,
806217,"???? ?????","? ????""?",118,"I learned Torah for an additional 10 minutes",,,
824511,"???? ?????","? ????""?",10,"I learned torah for and additional 10 minutes",,,
806208,"???? ?????","? ????""?",274,"I learned Torah for at least 10 minutes",,,
386052,"???? ?????","????? ???",36,"I listed to Krias Hatorah",,,
835455,"???? ?????","?' ??????",10,"I listened to Aseres Hadibros. I heard every word while looking inside the Siddur of Chumash",,,
385742,"???? ?????","Purim Day",9,"I listened to Krias Hatorah",,,
34050,"???? ?????","??? ?????",36,"I listened to Krias HaTorah (Shacharis)",,,
35788,"???? ?????","??? ?????",18,"I listened to Krias Hatorah & Maftir Yonah (Mincha)",,,
34673,"???? ?????","??? ?????",90,"I listened to Krias HaTorah and followed along inside",,,
34055,"???? ?????","??? ?????",18,"I listened to Krias HaTorah and Maftir Yonah (Mincha)",,,
34677,"???? ?????","??? ?????",90,"I listened to Krias Hatorah and Maftir Yonah for Mincha",,,
34071,"???? ?????","?' ???? ????",33,"I listened to my quota of Krias Hatorah",,,
34014,"???? ?????","?' ???? ????",20,"I listened to my quota of Krias Hatorah",,,
34064,"???? ?????","?' ???? ????",1,"I listened to my quota of Krias Hatorahota of Krias Hatorah",,,
836489,"???? ?????","?' ????",37,"I listened to the audio of the Rebbe saying the sicha",,,
385734,"???? ?????","Purim Day",9,"I listened to the Megillah reading in Shul",,,
386042,"???? ?????","????? ????",36,"I listened to the Rebbe's Sicha after Mincha from Tannis Esther",,,
105880,"???? ?????","Asara Bteves",36,"I listened to the Rebbe's Sicho after Mincha",,,
34040,"???? ?????","??? ??? ?????",72,"I listened to the Rebbe’s Brocha to Klal Yisroel after Mincha",,,
34024,"???? ?????","???? ??? ?????",72,"I listened to the Rebbe’s Sicha",,,
807581,"???? ?????","????? ?? ???",39,"I listened to the special Haftorah about Moshiach",,,
835033,"???? ?????","?' ??????",20,"I lite candels",,,
138781,"???? ?????","?' ???",36,"I looked at a picture of the Rebbe while writing my pan",,,
806142,"???? ?????","??? ?'",38,"I made a Brocha Al Hagefen",,,
834443,"???? ?????","????? ??????",50,"I made a commitment not to touch anything without washing Negel Vasser",,,
834444,"???? ?????","????? ??????",50,"I made a commitment to say Modeah Ani as soon as i wake up",,,
802699,"???? ?????","??? ???",39,"I made a hachloto to strengthen my Limmud HaRambam",,,
807606,"???? ?????","?? ????",40,"I made a picture or a project describing how we can see the signs of Moshiach in the word ( see past Hachayol magazines for examples)",,,
385729,"???? ?????","Purim Night",90,"I made noise when Hamon's name was mentioned with a title",,,
802692,"???? ?????","??? ???",49,"I made sure everyone in my house stopped eating before the zman",,,
802686,"???? ?????","?? ????",49,"I made sure the chometz in my house was sold",,,
138789,"???? ?????","?' ???",36,"I made sure to have a Yahrtzeit Licht in our home on Yud Shevat",,,
59070,"???? ?????","Chof Hey Cheshvan",72,"I made sure to say shema from my siddur,learn today's chumash or review what you are learning in scool from your chumash,review (some of) the tanya that you know by heart from your tanya using the seforim in my room",,,
815954,"???? ?????","??? ?'",60,"I made the Bracho Al Achilas Morror and ate a kezayis of Morror in 6-7 minutes",,,
806128,"???? ?????","??? ?'",38,"I made the Bracho Al Achilas Morror and ate a kezayis of Morror without leaning in 6-7 minutes",,,
828314,"???? ?????","??? ???",47,"I made up for one of past Missions that I missed",,,
836805,"???? ?????","???? ???",10,"I my quota of Aicho",,,
836806,"???? ?????","???? ???",10,"I my quota of Kinus",,,
806126,"???? ?????","??? ?'",78,"I or someone at the seder dipped the Marror (*not the lettuce) into the Charoses and then shook off the charoses",,,
822516,"???? ?????","??? ?'",20,"I or someone at the seder made the Korech sandwich (using the third Matza).",,,
806130,"???? ?????","??? ?'",78,"I or someone at the seder madethe Korech sandwich (using the third Matza).",,,
806143,"???? ?????","??? ?'",78,"I or Someone at the seder poured the wine from the Kois shel Eliahu Hanavi Back into the bottle and sang Keli Ato",,,
806127,"???? ?????","??? ?'",78,"I or someone at the seder put the Morror into the lettus",,,
836596,"???? ?????","?? -?? ????",37,"I par ticipated in a Yud Beis Tammuz Rally/Farbrengen",,,
834479,"???? ?????","?' ??????",40,"I participated in a farbrengen and sang the niggunim of the Rabbeim",,,
836868,"???? ?????","??' ????",38,"I participated in a farbrengen/rally in honor of chai elul",,,
836753,"???? ?????","?? ????",38,"I participated in a Farbrengen/rally in honor of tes vav elul",,,
836491,"???? ?????","?' ????",37,"I participated in a GImmel Tammuz Tzivos Hashem Rally",,,
385745,"???? ?????","Purim Day",45,"I participated in a Purim gathering/rally/Farbrengen",,,
834446,"???? ?????","????? ??????",40,"I participated in this months Tzivos Hashem Rally",,,
97917,"???? ?????","?????",432,"I played dreidel",,,
386071,"???? ?????","?? ???",36,"I played the game in Hachayol on page 20 and did the quiz",,,
834445,"???? ?????","????? ??????",40,"I read "" get ready"" in the Hachayol page 5",,,
828313,"???? ?????","??? ???",37,"I read Hachayol page 6&7 about Pesach Sheini",,,
386050,"???? ?????","????? ????",36,"I read Hachayol pages 10, 14-15 (can be done anytime during the week)",,,
834474,"???? ?????","?' ??????",40,"I read Hachayol pages 12-13",,,
386032,"???? ?????","? ???",36,"I read Hachayol pages 6-7 and did the quiz",,,
834473,"???? ?????","?' ??????",40,"I read Hachayol pages 8-11",,,
834487,"???? ?????","?' ??????",40,"I read Hachoyol page 17",,,
807605,"???? ?????","?? ????",40,"I read or heard the Farbi phone in HaChayol page 15",,,
802658,"???? ?????","??? ?????",36,"I read or listened to HaChayol page 7 about Beis Nissan pages 16&17 about Tes Nissan and pages 8&9 about Yud Aleph Nissan",,,
386075,"???? ?????","?? ???",36,"I read the Hachayol page 17 and did he quiz",,,
836676,"???? ?????","???? #4",19,"I read the Rebbes letter for the new year",,,
34038,"???? ?????","??? ??? ?????",126,"I received “Birchas Habonim”",,,
97933,"???? ?????","?????",432,"I received Chanukah Gelt",,,
97941,"???? ?????","?????",54,"I received extra Chanukah Gelt on the 5th night",,,
138788,"???? ?????","?' ???",36,"I reminded everyone in my home who is over Bar Mitzvah to get a Aliyah on the Shabbos before Yud Shevat",,,
836826,"???? ?????","???? #1",192,"I reminded my parents to check out Tefillin and Mezuzos",,,
807181,"???? ?????","????? ?? ???",29,"I reminded the girls in my house to Bentch licht in their Yom Tov clothes",,,
802695,"???? ?????","??? ???",29,"I reminded the girls in my house to give extra tzedaka for 2 days of Yom Tov and Bentch Licht in their Yom tov Clothes",,,
806226,"???? ?????","? ????""?",29,"I reminded the girls in my house to give Tzedaka and Bentch Licht before the Zman in their shabbos clothes",,,
807165,"???? ?????","? ????""?",29,"I reminded the girls in my house to give Tzedaka and Bentch Licht in their Yom Tov clothes",,,
34026,"???? ?????","???? ??? ?????",72,"I reviewed some special things about Rebbetzin Chana",,,
34046,"???? ?????","??? ?????",126,"I said “Shema” “Boruch Sheim” and “Hashem Hu...” out loud",,,
34060,"???? ?????","?' ???? ????",126,"I said “Yehi Rotzoin” and ate an apple dipped in honey",,,
834455,"???? ?????","??? ?????",30,"I said ( my quota of) Tikun.",,,
802697,"???? ?????","??? ???",49,"I said (my quota) of the seder korbon pesach",,,
806117,"???? ?????","??? ?'",98,"I said (or heard ) a D'var Torah",,,
806213,"???? ?????","? ????""?",79,"i said a D'var Torah by the meal",,,
34712,"???? ?????","???? ??? ?????",108,"I said a D’var Torah at the table",,,
34693,"???? ?????","?' ???? ????",108,"I said a D’var Torah during the Shabbos-Yom Tov Seuda",,,
34069,"???? ?????","?' ???? ????",126,"I said a D’var Torah during the Yom Tov Seuda",,,
34028,"???? ?????","???? ??? ?????",18,"I said a D’var Torah or reviewed my parsha sheet from school",,,
834468,"???? ?????","?' ??????",100,"I said a Devar torah at the yom tov meal",,,
100502,"???? ?????","Yud Aleph Cheshvan",289,"I said a Dvar Torah from the Rebbe about Chanukah by a meal or party",,,
98720,"???? ?????","?????",288,"I said Al Hanisim in bentching every time I bentched",,,
385735,"???? ?????","Purim Day",45,"I said amen to the brocha of Shehechiyanu and had in mind the other mitzvos of Purim",,,
34020,"???? ?????","???? ??? ?????",17,"I said Aveinu Malkeinu",,,
34042,"???? ?????","??? ??? ?????",126,"I said extra Tehillim after Maariv",,,
834463,"???? ?????","?' ??????",50,"I said extra Tehillim in honor of Dovid Hamelech's Yartzeit",,,
102974,"???? ?????","Rosh Chodesh Kislev",190,"I said Hallel",,,
806112,"???? ?????","??? ?'",98,"I said Ho'adomo having in mind the Marror and Korech",,,
806131,"???? ?????","??? ?'",98,"I said kein Oso Hillel",,,
806141,"???? ?????","??? ?'",98,"I said leshono Habo'oh B'yerushalayim with kavana that Moshiach should come Now and by next year we will all be in Yerushalayim",,,
837486,"???? ?????","???? ???",19,"I said my quota of Aicho",,,
105875,"???? ?????","Asara Bteves",195,"I said my quota of Avienu Malkeinu",,,
806136,"???? ?????","??? ?'",98,"I said my quota of Bentching nicely",,,
836823,"???? ?????","???? #1",192,"I said my quota of each of the 3 Kapitalach",,,
837487,"???? ?????","???? ???",19,"I said my quota of Kinus",,,
836822,"???? ?????","???? #1",192,"I said my quota of L'dovid Hashem Ohri",,,
806116,"???? ?????","??? ?'",98,"I said my quota of maggid in a loud voice and B'simcha from my own haggadah",,,
836808,"???? ?????","???? ???",48,"I said my quota of Slichos",,,
802657,"???? ?????","??? ?????",46,"I said my quota of the Haggadah",,,
802668,"???? ?????","?? ????",37,"I said my quota of the Rebbe's new Kapital",,,
34704,"???? ?????","???? ??? ?????",109,"I said my Selichos quota",,,
105877,"???? ?????","Asara Bteves",147,"I said my Slichos quota",,,
814845,"???? ?????","#2 ????",10,"I said Nossi of Gud",,,
802659,"???? ?????","#2 ????",36,"I said Nossi of Gud and the Yehi Rotzon",,,
807592,"???? ?????","????? ?? ???",59,"I said or heard a D'var Torah at the meal",,,
806191,"???? ?????","?' ????",98,"I said or heard a D'var Torah at the Yom Tov meal",,,
806233,"???? ?????","? ????""?",98,"I said or heard a D'var Torah by the meal",,,
834462,"???? ?????","?' ??????",40,"I said or heard a story about the Besh't at the meal",,,
806185,"???? ?????","?' ????",49,"I said Tefilas Tal",,,
34684,"???? ?????","?' ???? ????",108,"I said Tehillim before Maariv",,,
834497,"???? ?????","???? ?????",40,"I said the 12 pesukim",,,
814848,"???? ?????","#2 ????",10,"I said the Nossi of Binyomin",,,
802662,"???? ?????","#2 ????",36,"I said the Nossi of Binyomin and teh Yehi Rotzon",,,
814849,"???? ?????","#2 ????",10,"I said the Nossi of Dun",,,
802663,"???? ?????","#2 ????",36,"I said the Nossi of Dun and the Yehi Rotzon",,,
814846,"???? ?????","#2 ????",10,"I said the Nossi of Ephraim",,,
802660,"???? ?????","#2 ????",36,"I said the Nossi of Ephraim and the Yehi Rotzon",,,
814847,"???? ?????","#2 ????",10,"I said the Nossi of Menashe",,,
802661,"???? ?????","#2 ????",36,"I said the Nossi of Menashe and teh Yehi Rotzon",,,
814851,"???? ?????","#2 ????",10,"I said the Nossi of Naftoli",,,
802665,"???? ?????","#2 ????",36,"I said the Nossi of Naftoli and the Yehi Rotzon",,,
814850,"???? ?????","#2 ????",10,"I said the Nossi of Osher",,,
802664,"???? ?????","#2 ????",36,"I said the Nossi of Osher and the Yehi Rotzon",,,
802645,"???? ?????","???? 1#",36,"I said the Nossi of Reuvain and the Yehi Rotzon",,,
802646,"???? ?????","???? 1#",36,"I said the Nossi of Shimon and the Yehi Rotzon",,,
802642,"???? ?????","???? 1#",36,"I said the Nossi of Yehuda and the Yehi Rotzon",,,
802643,"???? ?????","???? 1#",36,"I said the Nossi of Yisochor and the Yehi Rotzon",,,
802644,"???? ?????","???? 1#",36,"I said the Nossi of Zevulun and the Yehi Rotzon",,,
385732,"???? ?????","Purim Night",45,"I said V'al Hanisim in Maariv",,,
385741,"???? ?????","Purim Day",45,"I said V'al Hanisim in Shemoneh Esrei",,,
102978,"???? ?????","Rosh Chodesh Kislev",72,"I said Ya'ale Veyavo in benching",,,
102976,"???? ?????","Rosh Chodesh Kislev",90,"I said Ya'ale Veyavo in Shemone Esrei",,,
385718,"???? ?????","Rosh Chodesh Adar",18,"I said Ya'ale Veyovo in Benching",,,
823892,"???? ?????","? ????""?",10,"I sand a niggun at the meal",,,
836490,"???? ?????","?' ????",37,"I sang (some of) the Rebbe's 14 niggunim",,,
834469,"???? ?????","?' ??????",237,"I sang a niggun at the meal",,,
806192,"???? ?????","?' ????",78,"I sang a Niggun at the Yom Tov meal",,,
38643,"???? ?????","?'? ????",72,"I sang a niggun connected to the Rebbe Maharash",,,
34066,"???? ?????","?' ???? ????",18,"I sang a niggun during the shabbos/yomtov meal",,,
802683,"???? ?????","?? ????",39,"I sang a Niggun of the Tzemach Tzedek",,,
385747,"???? ?????","Purim Day",45,"I sang a purim song at the Seudah",,,
822609,"???? ?????","? ????""?",30,"I sang a song at the meal",,,
822553,"???? ?????","?' ????",20,"I sang a song at the Yom Tov meal",,,
822623,"???? ?????","? ????""?",10,"I sang a song by the meal",,,
824588,"???? ?????","????? ?? ???",10,"I sang a sont at the meal",,,
97901,"???? ?????","?????",432,"I sang Haneros Halalu",,,
34047,"???? ?????","??? ?????",72,"I sang Napoleon’s March before the Shofar blowing",,,
836732,"???? ?????","? ??",38,"I sang Reb Levik's Niggun",,,
806234,"???? ?????","? ????""?",39,"I sang Reb Levik's Niggun by the meal",,,
59069,"???? ?????","Chof Hey Cheshvan",72,"I sang the niggun Didan Natzach",,,
59059,"???? ?????","Zayin Cheshvan",144,"I sang the niggun Henay Ma Tov",,,
836867,"???? ?????","??' ????",38,"I sang the Niggun related to the Baal Shem Tov and the Alter Rebbe",,,
807588,"???? ?????","????? ?? ???",39,"I sang the Niggunim of the Rebbeim",,,
802672,"???? ?????","?? ????",37,"I sang the Rebbe's new Niggun for his birthday",,,
836595,"???? ?????","?? -?? ????",37,"I sang the Yud Beis Tammuz Niggun",,,
834498,"???? ?????","???? ?????",40,"I sang we want moshiach now",,,
802667,"???? ?????","?? ????",37,"I shared or listened to a story about the Rebbe",,,
802682,"???? ?????","?? ????",39,"I shared or listened to what happened on Yud Gimmel Nissan (HaChayol pages 6&7",,,
836487,"???? ?????","?' ????",37,"I signed the pan Kloli on behalf of all the Chayolim in Tzivos Hashem",,,
34049,"???? ?????","??? ?????",36,"I spoke about or helped build the Sukkah on Motzei Y”K",,,
33755,"???? ?????","??? ?????",90,"I spoke about, or helped build the Sukkah on Motzei Y”K",,,
834451,"???? ?????","??? ?????",50,"I stayed up for a half hour to learn",,,
807169,"???? ?????","? ????""?",19,"I stayed up for at least an extra 1/2 hour to learn Torah",,,
823825,"???? ?????","? ????""?",30,"I stayed up to learn Torah",,,
835026,"???? ?????","?' ??????",10,"I stood up, faced I listened to Aseres Hadibros. I heard every word while looking inside the Siddur of Chumash",,,
834457,"???? ?????","?' ??????",30,"I stood up, faced the baal koreh and listened to Aseres Hadibros. I heard every word while looking inside the Siddur of Chumash",,,
834485,"???? ?????","?' ??????",40,"I strengthened my commitment to learn (part of) chitas each day",,,
34061,"???? ?????","?' ???? ????",126,"I tasted a pomegranate",,,
100501,"???? ?????","?????",144,"I told (part of) the Chanukah story at a Chanukah meal or party",,,
63514,"???? ?????","Zayin Cheshvan",36,"I told a story about the fredeker Rebbe and Ahavas Yisroel",,,
38644,"???? ?????","?'? ????",36,"I told or heard a story about the Rebbe Maharash during supper",,,
836752,"???? ?????","?? ????",38,"I told or heard what happened on tes vov elul 5657",,,
837480,"???? ?????","???? ???",38,"I told or heard what happened on th day",,,
836772,"???? ?????","???? ??? ?????",48,"I told or heard what happened Shiva'asor B'Tammuz",,,
836594,"???? ?????","?? -?? ????",37,"I told or listened to the story of Frierdiker Rebbe in prison",,,
105873,"???? ?????","Asara Bteves",54,"I told or listened to what happened on Asarah B'Teves 3336",,,
63504,"???? ?????","Zayin Cheshvan",36,"I told over (or heard) a sicha about Zayin Cheshvan",,,
59060,"???? ?????","Zayin Cheshvan",36,"I told over (or heard) a sicha about Zayin Cheshvan or i told a story about the fredeker Rebbe and Ahavas yisroel",,,
59063,"???? ?????","Yud Aleph Cheshvan",90,"I told over (or heard) something special about rachel imainu",,,
59068,"???? ?????","Chof Hey Cheshvan",72,"I told over (or heard) what happened on chof hey cheshvan 5747",,,
836731,"???? ?????","? ??",38,"I told over what happened on chof av taf shin daled",,,
834452,"???? ?????","??? ?????",20,"I took a hair cut to prepare for Yom Tov",,,
834453,"???? ?????","??? ?????",50,"I took a nap so i would be able to stay up late and say tikun",,,
807172,"???? ?????","? ????""?",49,"I took a nap so that i could stay up late",,,
39961,"???? ?????","?'? ????",18,"I took part in a farbrengen and told a or heard a story about the rebbe maharash",,,
39276,"???? ?????","?'? ????",18,"I took part in a farbrengen and told or heard a story about the rebbe maharash",,,
836492,"???? ?????","?' ????",37,"I took part in the writing competition and wrote a story about the Rebbe and its lesson",,,
836801,"???? ?????","???? ???",48,"I tried my best not to sit on a ""high"" chair until after chatzos",,,
59565,"???? ?????","????? ???? ????? ????",9,"I was called up to the Torah",,,
806193,"???? ?????","?' ????",195,"I was careful not to eat Gebroks",,,
807189,"???? ?????","????? ?? ???",39,"I was careful not to eat Gebroks during the day",,,
802666,"???? ?????","?? ????",37,"I was part of a Yud Aleph Nissan rally or farbrengen",,,
385728,"???? ?????","Purim Night",90,"I was quiet during the Megillah reading and listened nicely",,,
836796,"???? ?????","???? ???",48,"i washed negel vasser only up until my knuckles",,,
802670,"???? ?????","?? ????",37,"I watched (part of ) a video of the Rebbe's Yud Aleph Nissan farbrengen",,,
836691,"???? ?????","???? ??? ?????",38,"I watched or listened to the Rebbes Sicha of Divrei Kevushin",,,
386067,"???? ?????","????? ???",36,"I watched part of a Purim Farbrengen Video of the Rebbe",,,
839875,"???? ?????","???? ???",19,"I watched to the Rebbes sicha of divrei Kevushin",,,
802671,"???? ?????","?? ????",37,"I went on Mivtzoim in connection with the Rebbe's birthday",,,
807190,"???? ?????","????? ?? ???",19,"I went on Tahalucha",,,
834471,"???? ?????","?' ??????",20,"I went on Tahlucha",,,
34701,"???? ?????","?' ???? ????",108,"I went to a body of water and said my tashlich quota",,,
34076,"???? ?????","?' ???? ????",72,"I went to a Farbrengen and extended Yom Tov into the week",,,
824602,"???? ?????","????? ?? ???",10,"I went to a seudas Moshiach",,,
807586,"???? ?????","????? ?? ???",39,"I went to a Seudas Moshiach and i ate matza",,,
36965,"???? ?????","?' ???? ????",54,"I went to a Shiur and extended Yom Tov into the week",,,
822626,"???? ?????","? ????""?",10,"I went to shul and davened my shacharis quota nicely",,,
807585,"???? ?????","????? ?? ???",9,"I went to shul and davened Mincha",,,
806242,"???? ?????","? ????""?",36,"I went to shul and Davened Mincha nicely",,,
806189,"???? ?????","?' ????",18,"I went to Shul and Davened my Maariv quota nicely",,,
834472,"???? ?????","?' ??????",20,"I went to shul and davened my marriv quota nicely",,,
834454,"???? ?????","??? ?????",30,"I went to shul and davened my Mincha and Maariv quotas nicely",,,
802696,"???? ?????","??? ???",27,"I went to shul and davened my Mincha quota nicely",,,
34067,"???? ?????","?' ???? ????",72,"I went to Shul and davened my quota of Maariv nicely",,,
839835,"???? ?????","???? ??? ?????",19,"I went to shul and davened my quota of shacaris",,,
839859,"???? ?????","???? ???",19,"I went to shul and davened my quota of shacharis",,,
34045,"???? ?????","??? ?????",90,"I went to Shul and davened my quota of Shacharis nicely",,,
34070,"???? ?????","?' ???? ????",613,"I went to Shul and davened my Shacharis quota nicely",,,
802691,"???? ?????","??? ???",9,"I went to shul and davened my shacharis quota nicely (with out Mizmor Lesoda)",,,
839869,"???? ?????","???? ???",19,"I went to shul and said my quota of Aicho",,,
839870,"???? ?????","???? ???",19,"I went to shul and said my quota of Kinus",,,
34041,"???? ?????","??? ??? ?????",126,"I went to Shul for Kol Nidrei and davened my quota nicely",,,
385727,"???? ?????","Purim Night",81,"I went to Shul for Megillah reading",,,
34074,"???? ?????","?' ???? ????",18,"I went to tashlich",,,
34031,"???? ?????","??? ??? ?????",36,"I went to the Mikva",,,
59183,"???? ?????","??? ??? ?????",9,"I went to the Mikvah",,,
822593,"???? ?????","?' ????",10,"I went under a Tallis by Birchas Kohanim",,,
822544,"???? ?????","?' ????",10,"I went under a Tallis by Birchas Kohanim Birchas Kohanim",,,
834458,"???? ?????","?' ??????",136,"I went under a Tallis for Birchas Kohanim",,,
34053,"???? ?????","??? ?????",28,"I went under a Tallis for Duchening",,,
34059,"???? ?????","?' ???? ????",126,"I wished a friend “Leshona tova tikoseiv visaichosaim”",,,
836763,"???? ?????","???? #4",38,"I wrote a Pan and sent it to the Rebbe, requesting brachos for myself and my family for what we need for the new year",,,
836486,"???? ?????","?' ????",37,"I wrote a pan to the Rebbe",,,
138780,"???? ?????","?' ???",36,"I wrote a Pan to the Rebbe, I made sure it reached the Ohel by Yud Shevat (if you are able to , go to the Ohel yourself)",,,
836754,"???? ?????","?? ????",38,"I wrote an essay about me and Tomchei Temimim, describing what special things my school does as a branch of Tomchei Temimim",,,
802650,"???? ?????","? ????",36,"I wrote or drew something that we do special in out yeshiva because it's a branch of ""Tomchei Temimim""",,,
170111,"???? ?????","???? ????",127,"Iwatched a video of the Rebbe",,,
802706,"???? ?????","??? ?'",98,"Kadesh-I said (or heard) Kiddush",,,
806111,"???? ?????","??? ?'",98,"karpas- i dipped my karpas into salt water",,,
806129,"???? ?????","??? ?'",98,"Korech- I or someone at the seder put some dry Charoses (*The charoses that is on the Kaarah and which has no wine on it.) onto the chazeres (and not the Matza) and then shook it off",,,
96745,"???? ?????","Tes Kislev",37,"Learn a saying from the Mitteler Rebbe",,,
96760,"???? ?????","Yud Tes/Chof kislev",37,"Learn from the Alter Rebbe's Torah, Example: Tanya",,,
138785,"???? ?????","?' ???",36,"Learn something from the Rebbe's Torah (example: part of Basi Lagani)",,,
105884,"???? ?????","Chof Teves",36,"Learn todays Sefer Hamitzvos with your family",,,
105889,"???? ?????","Chof Daled Teves",36,"Learn: Find a sefer from the Alter Rebbe in your house, and learn something from it",,,
96737,"???? ?????","Rosh chodesh Kislev",37,"Learn: Find a Sefer written by the Rebbe in your house (Ex: Hayom Yom, Likutei Sichos, Sichos In English), and learn something from it with your parents",,,
96756,"???? ?????","Yud Tes Kislev",37,"Learn: Find the Posuk ?? ???? in the Tanya (It’s on the first page of today’s Chitas)",,,
105871,"???? ?????","Hey Teves",36,"Learn: Open up a sefer which you have not learnt from before and learn something from it",,,
386074,"???? ?????","?? ???",36,"Listen to the sicha of Tu B'shevat ???""?",,,
806115,"???? ?????","??? ?'",98,"Maggid- I asked the Ma Nishtana",,,
138791,"???? ?????","?' ???",36,"Make Hachloto to strengthen your Ahavas Yisroel",,,
822511,"???? ?????","??? ?'",20,"Marror- I or someone at the seder dipped the marror into some charoses",,,
806125,"???? ?????","??? ?'",78,"Marror- I or someone at the seder put some charoses in the wine that spilled from the Becher",,,
96757,"???? ?????","Yud Tes Kislev",37,"Maseh Bepoel: Check if you have Sefer Maggid Devorov Leyakov in your house, if not encourage your parents to buy it",,,
96761,"???? ?????","Yud Tes/Chof kislev",37,"Maseh Bepoel: Give Tzedakah to Kolel Chabad",,,
96749,"???? ?????","Yud kislev",37,"Maseh Bepoel: Make a Hachlata to learn more Chassidus. Examples: Hayom Yom, Tanya Baal Peh, A Sicho",,,
96753,"???? ?????","Yud Daled Kislev",37,"Maseh Bepoel: Review your Hiskashrus mission and discuss what you do to be connected to the Rebbe, and how you can strengthen it",,,
806122,"???? ?????","??? ?'",98,"matza- I or someone at the seder held the top and middle matza and we made the Brocha Al Achilas Matza",,,
806121,"???? ?????","??? ?'",98,"Motzi- I or someone at the seder held the two whole matzos and the middle one and we made the brocha Hamoitzi",,,
806108,"???? ?????","??? ?'",78,"My Kois was at least the size of a Revi'is",,,
836794,"???? ?????","???? ???",48,"on erev tisha b'av after mincha i ate the seudas hamafsekes, with bread and eggs dipped in ashes as a sign of mourning",,,
431600,"???? ?????","???? ???",45,"Part 1 ???? ??? I shared (or heard) something from the Rebbe's Torah at our Shabbos table",,,
835060,"???? ?????","?? ????",39,"Play the game of the Rebbe's Journey to USA in Hachayol page 24",,,
105886,"???? ?????","Chof Teves",36,"Play the Rambam game in your Hachayol on pages 10 & 11",,,
138796,"???? ?????","?""? ????",36,"Play the zoom out game in you Hachayol on page 14",,,
138792,"???? ?????","?' ???",36,"Read Hachyol pages 6,8,&15",,,
105872,"???? ?????","Hey Teves",36,"Read or Listen to Hachayol pages 6&7",,,
806119,"???? ?????","??? ?'",98,"Rochtzah- I washed my hands at the sink and made the Brocha Al Netilas yodayim",,,
386073,"???? ?????","?? ???",36,"Say Ad Mosai and demand that Moshiach comes right now",,,
138795,"???? ?????","?""? ????",45,"Say the bracha shehecheyanu on a new friut",,,
138786,"???? ?????","?' ???",36,"Share or listen to a story about the Ahavas Yisroel of the Rabbeim",,,
816092,"???? ?????","??? ?'",30,"Shema- I said just the first Parsha before i went to sleep",,,
806133,"???? ?????","??? ?'",98,"Shulchos Oirech- I ate the Yom Tov Seuda and made sure that the Matza didn't touch any liquids",,,
386070,"???? ?????","?? ???",36,"Sign up to the Birthday Club",,,
105888,"???? ?????","Chof Daled Teves",36,"Sing a niggun of the Alter Rebbe (??? ?????)",,,
96752,"???? ?????","Yud Daled Kislev",37,"Sing Meheira Yishama",,,
96739,"???? ?????","Beis kislev",73,"Sing Niggun Didan Natzach",,,
96747,"???? ?????","Yud kislev",74,"Sing Niggun Poda Beshalom",,,
96736,"???? ?????","Rosh chodesh Kislev",37,"Sing Niggun Rosh Chodesh Kislev",,,
96755,"???? ?????","Yud Tes Kislev",37,"Sing Niggun Shlosh Tenuos",,,
138784,"???? ?????","?' ???",36,"Sing the Beinuni Niggun",,,
386030,"???? ?????","? ???",36,"Sing the Benuni Niggun",,,
96744,"???? ?????","Tes Kislev",37,"Sing The Mittler Rebbe’s Kapeliea",,,
105883,"???? ?????","Chof Teves",36,"Sing the niggun Umolo Ha'oretz",,,
802648,"???? ?????","? ????",36,"Sing the Rostover Niggun",,,
105885,"???? ?????","Chof Teves",36,"Strengthen your comitment of learning Sefer Hamitzvos each day",,,
836782,"???? ?????","Nine Days #1",144,"Tefilah: say an extra Kapitel of Tehillim",,,
138798,"???? ?????","?""? ???",36,"Tell or Listen Hachayol 16&17",,,
386069,"???? ?????","?? ???",36,"Tell or listen to the list of Hachlotos that you do on a birthday (Hachayol page 20)",,,
105882,"???? ?????","Chof Teves",36,"Tell or Listen to the takona of Limmud HaRambam (Right)",,,
96743,"???? ?????","Tes Kislev",37,"Tell or Listen to what happened on ?‘ ???? ???""?",,,
835059,"???? ?????","?? ????",39,"Tell or listen to what happened on ?? ???? ??""?",,,
96738,"???? ?????","Beis kislev",37,"Tell or Listen to what happened on ?‘ ???? ???’’?",,,
105869,"???? ?????","Hey Teves",36,"Tell or Listen to what happened on ?' ??? ???""?",,,
386029,"???? ?????","? ???",36,"Tell or Listen to what happened on ? ??? ?'??",,,
96742,"???? ?????","Tes Kislev",37,"Tell or Listen to what happened on ?‘ ???? ???’’?",,,
138783,"???? ?????","?' ???",36,"Tell or Listen to what happened on ?' ???",,,
96746,"???? ?????","Yud kislev",37,"Tell or Listen to what happened on ?‘ ???? ???""?",,,
96754,"???? ?????","Yud Tes Kislev",37,"Tell or Listen to what happened on ?’‘? ???? ???’’?",,,
96750,"???? ?????","Yud Daled Kislev",37,"Tell or Listen to what happened on ?""? ???? ???""?. Tell or Listen to what the Rebbe said on ?’‘? ???? ???’’?",,,
96758,"???? ?????","Yud Tes/Chof kislev",37,"Tell or Listen to what happened on ?""? ???? ???""?",,,
138797,"???? ?????","?""? ???",36,"Tell or Listen to what happened on ?""? ??? ???""?",,,
105887,"???? ?????","Chof Daled Teves",36,"Tell or Listen to what happened on ?? ??? ???""?",,,
386068,"???? ?????","?? ???",36,"Tell or Listen to what happened on ?? ??? ???""?",,,
386072,"???? ?????","?? ???",36,"Tell or listen to what happened on ?? ??? ???""?/?",,,
96735,"???? ?????","Rosh chodesh Kislev",37,"Tell or Listen to what happened on ??? ???? ???? ???’’?",,,
802647,"???? ?????","? ????",36,"Tell or Listen to: 1.what happened on Beis Nissan 2.what was one of the greatest accomplishments of the Rebbe Rashab 3. How would you define a ""Tomim",,,
835058,"???? ?????","?? ????",39,"Tell or listened to what happened on ?? ???? ??""?",,,
836781,"???? ?????","Nine Days #1",125,"Torah: lean something NEW.",,,
839845,"???? ?????","Nine Days #1",19,"Torah: learn something NEW.",,,
836783,"???? ?????","Nine Days #1",144,"Tzedoka: give extra Tzedoka",,,
815960,"???? ?????","??? ?'",40,"Tzofun-I ate a kezayis for the Afiloman in 6-7 minutes and didn't eat of drink anything after Tzofun besides the last two cups.",,,
806134,"???? ?????","??? ?'",38,"Tzofun-I ate a kezayis for the Afiloman while leaning to my left in 6-7 minutes and didn't eat of drink anything after Tzofun besides the last two cups.",,,
822520,"???? ?????","??? ?'",20,"Tzofun-I ate the Afiloman while leaning on my left and didn't eat of drink anything after Tzofun besides the last two cups.",,,
822494,"???? ?????","??? ?'",20,"Urchatz- i washed my hands",,,
815935,"???? ?????","??? ?'",40,"Urchatz- i washed Urchatz at the sink(*not at the table)",,,
806109,"???? ?????","??? ?'",38,"Urchatz- i washed Urchatz at the sink(*not at the table) and did not make a brocha",,,
836786,"???? ?????","Nine Days #1",144,"Vehaishiv Lev Ovios Al Bonim: I completed the above Torah and Tefilah tasks with one of my parents",,,
603857,"???? ?????","???? ??????",30112,"watched a video of the Rebbe",,,
34676,"???? ?????","??? ?????",8,"went under a Tallis for Duchening",,,
806138,"???? ?????","??? ?'",78,"When the door was open for Eliyahu Hanavi I asked Hashem to send Moshiach",,,
96775,"???? ?????","Yud Tes/Chof kislev",37,"Wish everyone in your house a Good Yom Tov and ???? ???? - ?????? ??????? ????? ??????? - ????? ??????",,,
138800,"???? ?????","?""? ???",36,"Write down any friends or relatives who are named after the Rebbetzin.",,,
806113,"???? ?????","??? ?'",98,"Yachatz-I, or someone at the seder broke the middle Matza in two leaving, one piece bigger then the other one. The smaller piece was broken into five pieces and put away for Afikoman.",,,
39281,"???? ?????","?? ??????",18,"?' ?????? I ate and drank everything in a sukkah and said “Leisheiv BaSukkah”",,,
59262,"???? ?????","?? ??????",18,"?' ?????? I ate or drank something in a sukkah",,,
59381,"???? ?????","?? ??????",18,"?' ?????? I ate or drank something in a sukkah and made the blessing of “Leisheiv BaSukkah”",,,
38647,"???? ?????","?? ??????",72,"?' ?????? I ate or drank something in a sukkah and said “Leisheiv BaSukkah”",,,
38659,"???? ?????","?? ??????",90,"?' ?????? I davened my Maariv quota nicely",,,
38657,"???? ?????","?? ??????",90,"?' ?????? I heard Birchas Kohanim",,,
38653,"???? ?????","?? ??????",126,"?' ?????? I helped my mother before or during the meal",,,
38655,"???? ?????","?? ??????",36,"?' ?????? I listened to (part of) Krias HaTorah",,,
41625,"???? ?????","?? ??????",18,"?' ?????? I listened to Krias HaTorah",,,
59274,"???? ?????","?? ??????",18,"?' ?????? I listened to part of the reading of the torah",,,
59393,"???? ?????","?? ??????",18,"?' ?????? I listened to the reading of the torah",,,
39291,"???? ?????","?? ??????",18,"?' ?????? I participated in Simchas Beis Hashoeva",,,
38200,"???? ?????","?? ??????",18,"?' ?????? I participated in Simchas Beis Hashoeva in a Tzniusdike way",,,
59268,"???? ?????","?? ??????",18,"?' ?????? I said a D’var Torah (answered questions or explained my sukkot project) during the holiday meal",,,
38651,"???? ?????","?? ??????",36,"?' ?????? I said a D’var Torah (or answered my questions, explained my sukkos project) during the seuda",,,
59387,"???? ?????","?? ??????",18,"?' ?????? I said a D’var Torah during the holiday meal",,,
38194,"???? ?????","?? ??????",54,"?' ?????? I said a D’var Torah during the seuda",,,
59264,"???? ?????","?? ??????",18,"?' ?????? I went to Shul (& said some of my morning prayers)",,,
39278,"???? ?????","?? ??????",18,"?' ?????? I went to shul and davened my maariv quota nicely",,,
59383,"???? ?????","?? ??????",18,"?' ?????? I went to Shul and davened my Shacharis (morning prayers) quota nicely",,,
38649,"???? ?????","?? ??????",54,"?' ?????? I went to Shul and davened my Shacharis quota nicely",,,
38190,"???? ?????","?? ??????",36,"?' ?????? I went to Shul and davened my Shacharis quota nicely and listened to Krias HaTorah",,,
39285,"???? ?????","?? ??????",36,"?' ?????? I went under a tallis and heard Birchas Kohanim",,,
39359,"???? ?????","?? ??????",17,"?' ?????? I ate and drank everything in a sukkah and said “Leisheiv BaSukkah”",,,
59263,"???? ?????","?? ??????",18,"?' ?????? I ate or drank something in a sukkah",,,
59382,"???? ?????","?? ??????",18,"?' ?????? I ate or drank something in a sukkah and made the blessing of “Leisheiv BaSukkah”",,,
38648,"???? ?????","?? ??????",72,"?' ?????? I ate or drank something in a sukkah and said “Leisheiv BaSukkah”",,,
38660,"???? ?????","?? ??????",90,"?' ?????? I davened my Maariv quota nicely",,,
38658,"???? ?????","?? ??????",90,"?' ?????? I heard Birchas Kohanim",,,
38654,"???? ?????","?? ??????",126,"?' ?????? I helped my mother before or during the meal",,,
38656,"???? ?????","?? ??????",36,"?' ?????? I listened to (part of) Krias HaTorah",,,
41626,"???? ?????","?? ??????",18,"?' ?????? I listened to Krias HaTorah",,,
59275,"???? ?????","?? ??????",18,"?' ?????? I listened to part of the reading of the torah",,,
59394,"???? ?????","?? ??????",18,"?' ?????? I listened to the reading of the torah",,,
41627,"???? ?????","?? ??????",90,"?' ?????? I participated in Simchas Beis Hashoeva",,,
38661,"???? ?????","?? ??????",54,"?' ?????? I participated in Simchas Beis Hashoeva in a Tzniusdike way",,,
59276,"???? ?????","?? ??????",36,"?' ?????? I participated in Simchas Beis Hashoeva or a sukkot party",,,
59395,"???? ?????","?? ??????",36,"?' ?????? I participated in Simchas Beis Hashoeva or sukkot party",,,
59269,"???? ?????","?? ??????",18,"?' ?????? I said a D’var Torah (answered questions or explained my sukkot project) during the holiday meal",,,
38652,"???? ?????","?? ??????",36,"?' ?????? I said a D’var Torah (or answered my questions, explained my sukkos project) during the seuda",,,
59388,"???? ?????","?? ??????",18,"?' ?????? I said a D’var Torah during the holiday meal",,,
38195,"???? ?????","?? ??????",54,"?' ?????? I said a D’var Torah during the seuda",,,
38646,"???? ?????","?? ??????",90,"?' ?????? I shook Lulov and Esrog before eating",,,
59380,"???? ?????","?? ??????",18,"?' ?????? I shook Lulov and Esrog before eating on the second day of Yom Tov",,,
59261,"???? ?????","?? ??????",18,"?' ?????? I shook Lulov and Esrog on the second day of Yom Tov",,,
59265,"???? ?????","?? ??????",18,"?' ?????? I went to Shul (& said some of my morning prayers)",,,
39279,"???? ?????","?? ??????",18,"?' ?????? I went to shul and davened my maariv quota nicely",,,
59384,"???? ?????","?? ??????",18,"?' ?????? I went to Shul and davened my Shacharis (morning prayers) quota nicely",,,
38650,"???? ?????","?? ??????",54,"?' ?????? I went to Shul and davened my Shacharis quota nicely",,,
38191,"???? ?????","?? ??????",36,"?' ?????? I went to Shul and davened my Shacharis quota nicely and listened to Krias HaTorah",,,
39286,"???? ?????","?? ??????",36,"?' ?????? I went under a tallis and heard Birchas Kohanim",,,
39282,"???? ?????","?? ??????",1,"?' ?????? Ie and drank everything in a sukkah and said “Leisheiv BaSukkah”",,,
59294,"???? ?????","??? ????? ?????",36,"?''? ???? I ate a holiday meal",,,
41073,"???? ?????","??? ????? ?????",90,"?''? ???? I ate a seuda and had a re’viis of grape juice",,,
39316,"???? ?????","??? ????? ?????",18,"?''? ???? I ate or drank everything in a sukkah and said “Leisheiv BaSukkah”",,,
59288,"???? ?????","??? ????? ?????",18,"?''? ???? I ate or drank something in a sukkah",,,
59407,"???? ?????","??? ????? ?????",18,"?''? ???? I ate or drank something in a sukkah and made the blessing of ""Leisheiv BaSukkah""",,,
41092,"???? ?????","??? ????? ?????",72,"?''? ???? I ate or drank something in a sukkah and said ""Leisheiv BaSukkah""",,,
41078,"???? ?????","??? ????? ?????",19,"?''? ???? I davened hallel & mussof",,,
40085,"???? ?????","??? ????? ?????",10,"?''? ???? I davened hallel, mussof, Mincha and maariv",,,
40003,"???? ?????","??? ????? ?????",10,"?''? ???? I davened hallel, mussof,Mincha and maariv",,,
41268,"???? ?????","??? ????? ?????",54,"?''? ???? I davened mussof & mincha",,,
59402,"???? ?????","??? ????? ?????",18,"?''? ???? I davened my Shacharis (morning prayers) and hallel quota",,,
41250,"???? ?????","??? ????? ?????",36,"?''? ???? I davened my Shacharis and hallel quota",,,
41060,"???? ?????","??? ????? ?????",17,"?''? ???? I davened my Shacharis quota",,,
39985,"???? ?????","??? ????? ?????",16,"?''? ???? I davened my Shacharis quota that i daven in school",,,
39298,"???? ?????","??? ????? ?????",18,"?''? ???? I davened my Shacharis,hallel,mussof,mincha,and maariv quotas (with a minyan)",,,
59283,"???? ?????","??? ????? ?????",18,"?''? ???? I davened Shacharis (morning prayers)",,,
41088,"???? ?????","??? ????? ?????",72,"?''? ???? I dressed in Yom tov clothing, as befitting Chol Hamoed",,,
41065,"???? ?????","??? ????? ?????",54,"?''? ???? I learned for at least 10 minutes each day",,,
39303,"???? ?????","??? ????? ?????",18,"?''? ???? I learned for at least 15 minutes each day",,,
41517,"???? ?????","??? ????? ?????",54,"?''? ???? I participated in Simchas Beis Hashoeva",,,
41083,"???? ?????","??? ????? ?????",36,"?''? ???? I participated in Simchas Beis Hashoeva in a Tzniusdike way",,,
59304,"???? ?????","??? ????? ?????",18,"?''? ???? I participated in Simchas Beis Hashoeva or a sukkot party",,,
59423,"???? ?????","??? ????? ?????",18,"?''? ???? I participated in Simchas Beis Hashoeva or sukkot party",,,
59278,"???? ?????","??? ????? ?????",18,"?''? ???? I shook Lulov and esrog",,,
41055,"???? ?????","??? ????? ?????",108,"?''? ???? I shook Lulov and esrog before eating",,,
59295,"???? ?????","??? ????? ?????",36,"?''? ???? I ate a holiday meal",,,
41074,"???? ?????","??? ????? ?????",90,"?''? ???? I ate a seuda and had a re’viis of grape juice",,,
39317,"???? ?????","??? ????? ?????",18,"?''? ???? I ate or drank everything in a sukkah and said “Leisheiv BaSukkah”",,,
59289,"???? ?????","??? ????? ?????",18,"?''? ???? I ate or drank something in a sukkah",,,
59408,"???? ?????","??? ????? ?????",18,"?''? ???? I ate or drank something in a sukkah and made the blessing of ""Leisheiv BaSukkah""",,,
41089,"???? ?????","??? ????? ?????",72,"?''? ???? I ate or drank something in a sukkah and said ""Leisheiv BaSukkah""",,,
41079,"???? ?????","??? ????? ?????",18,"?''? ???? I davened hallel & mussof",,,
40086,"???? ?????","??? ????? ?????",10,"?''? ???? I davened hallel, mussof, Mincha and maariv",,,
40004,"???? ?????","??? ????? ?????",10,"?''? ???? I davened hallel, mussof,Mincha and maariv",,,
41269,"???? ?????","??? ????? ?????",54,"?''? ???? I davened mussof & mincha",,,
59403,"???? ?????","??? ????? ?????",18,"?''? ???? I davened my Shacharis (morning prayers) and hallel quota",,,
41251,"???? ?????","??? ????? ?????",36,"?''? ???? I davened my Shacharis and hallel quota",,,
41061,"???? ?????","??? ????? ?????",18,"?''? ???? I davened my Shacharis quota",,,
39986,"???? ?????","??? ????? ?????",16,"?''? ???? I davened my Shacharis quota that i daven in school",,,
39299,"???? ?????","??? ????? ?????",18,"?''? ???? I davened my Shacharis,hallel,mussof,mincha,and maariv quotas (with a minyan)",,,
59284,"???? ?????","??? ????? ?????",18,"?''? ???? I davened Shacharis (morning prayers)",,,
59143,"???? ?????","??? ????? ?????",72,"?''? ???? I dressed in Yom tov clothing, as befitting Chol Hamoed",,,
41066,"???? ?????","??? ????? ?????",54,"?''? ???? I learned for at least 10 minutes each day",,,
39304,"???? ?????","??? ????? ?????",18,"?''? ???? I learned for at least 15 minutes each day",,,
41518,"???? ?????","??? ????? ?????",47,"?''? ???? I participated in Simchas Beis Hashoeva",,,
41084,"???? ?????","??? ????? ?????",36,"?''? ???? I participated in Simchas Beis Hashoeva in a Tzniusdike way",,,
59305,"???? ?????","??? ????? ?????",18,"?''? ???? I participated in Simchas Beis Hashoeva or a sukkot party",,,
59424,"???? ?????","??? ????? ?????",18,"?''? ???? I participated in Simchas Beis Hashoeva or sukkot party",,,
59279,"???? ?????","??? ????? ?????",18,"?''? ???? I shook Lulov and esrog",,,
41056,"???? ?????","??? ????? ?????",108,"?''? ???? I shook Lulov and esrog before eating",,,
39322,"???? ?????","??? ????? ?????",7,"?''? ???? II participated in Simchas Beis Hashoeva",,,
59296,"???? ?????","??? ????? ?????",36,"?''? ???? I ate a holiday meal",,,
41075,"???? ?????","??? ????? ?????",90,"?''? ???? I ate a seuda and had a re’viis of grape juice",,,
39318,"???? ?????","??? ????? ?????",18,"?''? ???? I ate or drank everything in a sukkah and said “Leisheiv BaSukkah”",,,
59290,"???? ?????","??? ????? ?????",18,"?''? ???? I ate or drank something in a sukkah",,,
59409,"???? ?????","??? ????? ?????",18,"?''? ???? I ate or drank something in a sukkah and made the blessing of ""Leisheiv BaSukkah""",,,
41090,"???? ?????","??? ????? ?????",72,"?''? ???? I ate or drank something in a sukkah and said ""Leisheiv BaSukkah""",,,
41080,"???? ?????","??? ????? ?????",19,"?''? ???? I davened hallel & mussof",,,
40087,"???? ?????","??? ????? ?????",10,"?''? ???? I davened hallel, mussof, Mincha and maariv",,,
40005,"???? ?????","??? ????? ?????",10,"?''? ???? I davened hallel, mussof,Mincha and maariv",,,
41270,"???? ?????","??? ????? ?????",54,"?''? ???? I davened mussof & mincha",,,
59404,"???? ?????","??? ????? ?????",18,"?''? ???? I davened my Shacharis (morning prayers) and hallel quota",,,
41252,"???? ?????","??? ????? ?????",36,"?''? ???? I davened my Shacharis and hallel quota",,,
41062,"???? ?????","??? ????? ?????",17,"?''? ???? I davened my Shacharis quota",,,
39987,"???? ?????","??? ????? ?????",16,"?''? ???? I davened my Shacharis quota that i daven in school",,,
39300,"???? ?????","??? ????? ?????",18,"?''? ???? I davened my Shacharis,hallel,mussof,mincha,and maariv quotas (with a minyan)",,,
59285,"???? ?????","??? ????? ?????",18,"?''? ???? I davened Shacharis (morning prayers)",,,
59144,"???? ?????","??? ????? ?????",72,"?''? ???? I dressed in Yom tov clothing, as befitting Chol Hamoed",,,
41067,"???? ?????","??? ????? ?????",54,"?''? ???? I learned for at least 10 minutes each day",,,
39305,"???? ?????","??? ????? ?????",18,"?''? ???? I learned for at least 15 minutes each day",,,
41519,"???? ?????","??? ????? ?????",47,"?''? ???? I participated in Simchas Beis Hashoeva",,,
41085,"???? ?????","??? ????? ?????",36,"?''? ???? I participated in Simchas Beis Hashoeva in a Tzniusdike way",,,
59306,"???? ?????","??? ????? ?????",18,"?''? ???? I participated in Simchas Beis Hashoeva or a sukkot party",,,
59425,"???? ?????","??? ????? ?????",18,"?''? ???? I participated in Simchas Beis Hashoeva or sukkot party",,,
59280,"???? ?????","??? ????? ?????",18,"?''? ???? I shook Lulov and esrog",,,
41057,"???? ?????","??? ????? ?????",108,"?''? ???? I shook Lulov and esrog before eating",,,
41657,"???? ?????","??? ????? ?????",7,"?''? ???? II participated in Simchas Beis Hashoeva",,,
41775,"???? ?????","??? ????? ?????",1,"?' ???? davened my Shacharis and hallel quota",,,
59297,"???? ?????","??? ????? ?????",36,"?' ???? I ate a holiday meal",,,
41076,"???? ?????","??? ????? ?????",90,"?' ???? I ate a seuda and had a re’viis of grape juice",,,
39319,"???? ?????","??? ????? ?????",18,"?' ???? I ate or drank everything in a sukkah and said “Leisheiv BaSukkah”",,,
59291,"???? ?????","??? ????? ?????",18,"?' ???? I ate or drank something in a sukkah",,,
59410,"???? ?????","??? ????? ?????",18,"?' ???? I ate or drank something in a sukkah and made the blessing of ""Leisheiv BaSukkah""",,,
41091,"???? ?????","??? ????? ?????",72,"?' ???? I ate or drank something in a sukkah and said ""Leisheiv BaSukkah""",,,
41081,"???? ?????","??? ????? ?????",20,"?' ???? I davened hallel & mussof",,,
40088,"???? ?????","??? ????? ?????",10,"?' ???? I davened hallel, mussof, Mincha and maariv",,,
40006,"???? ?????","??? ????? ?????",10,"?' ???? I davened hallel, mussof,Mincha and maariv",,,
41271,"???? ?????","??? ????? ?????",54,"?' ???? I davened mussof & mincha",,,
59405,"???? ?????","??? ????? ?????",18,"?' ???? I davened my Shacharis (morning prayers) and hallel quota",,,
41253,"???? ?????","??? ????? ?????",35,"?' ???? I davened my Shacharis and hallel quota",,,
41063,"???? ?????","??? ????? ?????",16,"?' ???? I davened my Shacharis quota",,,
39988,"???? ?????","??? ????? ?????",16,"?' ???? I davened my Shacharis quota that i daven in school",,,
39301,"???? ?????","??? ????? ?????",18,"?' ???? I davened my Shacharis,hallel,mussof,mincha,and maariv quotas (with a minyan)",,,
59286,"???? ?????","??? ????? ?????",18,"?' ???? I davened Shacharis (morning prayers)",,,
59145,"???? ?????","??? ????? ?????",72,"?' ???? I dressed in Yom tov clothing, as befitting Chol Hamoed",,,
41068,"???? ?????","??? ????? ?????",54,"?' ???? I learned for at least 10 minutes each day",,,
39306,"???? ?????","??? ????? ?????",18,"?' ???? I learned for at least 15 minutes each day",,,
41520,"???? ?????","??? ????? ?????",54,"?' ???? I participated in Simchas Beis Hashoeva",,,
41086,"???? ?????","??? ????? ?????",36,"?' ???? I participated in Simchas Beis Hashoeva in a Tzniusdike way",,,
59307,"???? ?????","??? ????? ?????",18,"?' ???? I participated in Simchas Beis Hashoeva or a sukkot party",,,
59426,"???? ?????","??? ????? ?????",18,"?' ???? I participated in Simchas Beis Hashoeva or sukkot party",,,
59281,"???? ?????","??? ????? ?????",18,"?' ???? I shook Lulov and esrog",,,
41058,"???? ?????","??? ????? ?????",108,"?' ???? I shook Lulov and esrog before eating",,,
42467,"???? ?????","??? ????? ?????",1,"?''? ???? “Klapped hosha’anos”",,,
41776,"???? ?????","??? ????? ?????",1,"?''? ???? davened my Shacharis and hallel quota",,,
41072,"???? ?????","??? ????? ?????",107,"?''? ???? I “Klapped hosha’anos”",,,
59298,"???? ?????","??? ????? ?????",36,"?''? ???? I ate a holiday meal",,,
41077,"???? ?????","??? ????? ?????",90,"?''? ???? I ate a seuda and had a re’viis of grape juice",,,
41071,"???? ?????","??? ????? ?????",72,"?''? ???? I ate a seudah and had krepelach",,,
41522,"???? ?????","??? ????? ?????",54,"?''? ???? I ate a seudah and had kreplach",,,
39308,"???? ?????","??? ????? ?????",18,"?''? ???? I ate or drank everything in a sukkah and said “Leisheiv BaSukkah”",,,
59292,"???? ?????","??? ????? ?????",18,"?''? ???? I ate or drank something in a sukkah",,,
59411,"???? ?????","??? ????? ?????",18,"?''? ???? I ate or drank something in a sukkah and made the blessing of ""Leisheiv BaSukkah""",,,
41070,"???? ?????","??? ????? ?????",72,"?''? ???? I ate or drank something in a sukkah and said ""leisheiv Basukkah""",,,
41064,"???? ?????","??? ????? ?????",21,"?''? ???? I davened hallel & mussof",,,
40089,"???? ?????","??? ????? ?????",10,"?''? ???? I davened hallel, mussof, Mincha and maariv",,,
40007,"???? ?????","??? ????? ?????",10,"?''? ???? I davened hallel, mussof,Mincha and maariv",,,
41272,"???? ?????","??? ????? ?????",54,"?''? ???? I davened mussof & mincha",,,
59406,"???? ?????","??? ????? ?????",18,"?''? ???? I davened my Shacharis (morning prayers) and hallel quota",,,
41254,"???? ?????","??? ????? ?????",35,"?''? ???? I davened my Shacharis and hallel quota",,,
38591,"???? ?????","??? ????? ?????",15,"?''? ???? I davened my Shacharis quota",,,
39989,"???? ?????","??? ????? ?????",16,"?''? ???? I davened my Shacharis quota that i daven in school",,,
39302,"???? ?????","??? ????? ?????",18,"?''? ???? I davened my Shacharis,hallel,mussof,mincha,and maariv quotas (with a minyan)",,,
59287,"???? ?????","??? ????? ?????",18,"?''? ???? I davened Shacharis (morning prayers)",,,
59146,"???? ?????","??? ????? ?????",72,"?''? ???? I dressed in Yom tov clothing, as befitting Chol Hamoed",,,
41069,"???? ?????","??? ????? ?????",54,"?''? ???? I learned for at least 10 minutes each day",,,
39307,"???? ?????","??? ????? ?????",18,"?''? ???? I learned for at least 15 minutes each day",,,
41521,"???? ?????","??? ????? ?????",54,"?''? ???? I participated in Simchas Beis Hashoeva",,,
41087,"???? ?????","??? ????? ?????",36,"?''? ???? I participated in Simchas Beis Hashoeva in a Tzniusdike way",,,
59308,"???? ?????","??? ????? ?????",18,"?''? ???? I participated in Simchas Beis Hashoeva or a sukkot party",,,
59427,"???? ?????","??? ????? ?????",18,"?''? ???? I participated in Simchas Beis Hashoeva or sukkot party",,,
59282,"???? ?????","??? ????? ?????",18,"?''? ???? I shook Lulov and esrog",,,
41059,"???? ?????","??? ????? ?????",108,"?''? ???? I shook Lulov and esrog before eating",,,
39331,"???? ?????","????? ???? ????? ????",18,"??? helped prepare for Yom Tov",,,
38701,"???? ?????","????? ???? ????? ????",72,"??? I helped prepare for Yom Tov",,,
59310,"???? ?????","????? ???? ????? ????",36,"??? I helped prepare for Yom Tov on Erev Yom Tov",,,
431605,"???? ?????","???? ???",45,"???? ??? I said the Rebbe's Pesukim in Shmona Esrei everyday of the week",,,
40036,"???? ?????","????? ???? ????? ????",18,"???? ???? I said a D’var Torah during the meal",,,
40029,"???? ?????","????? ???? ????? ????",18,"???? ???? I (went to shul) and davened my Mincha and Maariv quota nicely",,,
59320,"???? ?????","????? ???? ????? ????",36,"???? ???? I danced with the torah's",,,
38716,"???? ?????","????? ???? ????? ????",18,"???? ???? I davened Mussof & mincha",,,
38712,"???? ?????","????? ???? ????? ????",72,"???? ???? I davened my Maariv quota nicely",,,
39339,"???? ?????","????? ???? ????? ????",18,"???? ???? I Followed Krias HaTorah inside",,,
41532,"???? ?????","????? ???? ????? ????",9,"???? ???? I got an Aliyah",,,
39340,"???? ?????","????? ???? ????? ????",36,"???? ???? I had an Aliyah with all the children on simchas torah",,,
38717,"???? ?????","????? ???? ????? ????",90,"???? ???? I heard Birchas Kohanim",,,
40031,"???? ?????","????? ???? ????? ????",18,"???? ???? I heard Krias Hatorah",,,
38705,"???? ?????","????? ???? ????? ????",126,"???? ???? I helped prepare, serve or cleanup after the meal",,,
38714,"???? ?????","????? ???? ????? ????",18,"???? ???? I listened to (part of) Krias HaTorah",,,
38170,"???? ?????","????? ???? ????? ????",36,"???? ???? I listened to Krias HaTorah",,,
59322,"???? ?????","????? ???? ????? ????",18,"???? ???? I listened to part of the reading of the torah",,,
59443,"???? ?????","????? ???? ????? ????",18,"???? ???? I listened to the reading of the torah",,,
39346,"???? ?????","????? ???? ????? ????",18,"???? ???? I said “Ata Horeisa” and seder hakafos and danced",,,
40027,"???? ?????","????? ???? ????? ????",18,"???? ???? I said “Ata Horeisa” danced at hakafos",,,
38707,"???? ?????","????? ???? ????? ????",126,"???? ???? I said “Chazak Chazak VeNischazeik” after we finished reading the whole Torah",,,
59326,"???? ?????","????? ???? ????? ????",18,"???? ???? I said a D’var Torah (answered questions or explained my sukkot project) during the holiday meal",,,
59445,"???? ?????","????? ???? ????? ????",18,"???? ???? I said a D’var Torah during the holiday meal",,,
38720,"???? ?????","????? ???? ????? ????",72,"???? ???? I said a D’var Torah during the meal",,,
38396,"???? ?????","????? ???? ????? ????",3,"???? ???? I started saying “Mashiv Horuach Umorid HaGeshem”",,,
39350,"???? ?????","????? ???? ????? ????",36,"???? ???? I went on tahlucha to be mesameiach other yidden",,,
38180,"???? ?????","????? ???? ????? ????",18,"???? ???? I went to a farbrengen at the end of Yom Tov and extanded Yom Tov into the week day",,,
38177,"???? ?????","????? ???? ????? ????",36,"???? ???? I went to Hakafos and said “Ata Horeisa”",,,
38709,"???? ?????","????? ???? ????? ????",18,"???? ???? I went to Hakafos and said (some of the) “Ata Horeisa”",,,
59312,"???? ?????","????? ???? ????? ????",18,"???? ???? I went to shul (and said some of my morning prayers)",,,
39334,"???? ?????","????? ???? ????? ????",18,"???? ???? I went to shul and davened my mincha & maariv quota nicely",,,
59431,"???? ?????","????? ???? ????? ????",18,"???? ???? I went to shul and davened my Shacharis (morning prayers) and mussof quota nicely",,,
41456,"???? ?????","????? ???? ????? ????",18,"???? ???? I went to shul and davened my Shacharis and mussof quota nicely",,,
40021,"???? ?????","????? ???? ????? ????",18,"???? ???? I went to shul and davened my Shacharis and mussof quota nicely",,,
38167,"???? ?????","????? ???? ????? ????",36,"???? ???? I went to shul and davened my Shacharis and Mussof quotas nicely",,,
38704,"???? ?????","????? ???? ????? ????",18,"???? ???? I went to shul and davened my Shacharis quota",,,
39344,"???? ?????","????? ???? ????? ????",36,"???? ???? I went under a tallis and heard Birchas Kohanim",,,
39343,"???? ?????","????? ???? ????? ????",18,"????? ???? I said “Ata Horeisa” and seder hakafos and danced",,,
40028,"???? ?????","????? ???? ????? ????",18,"????? ???? I (went to shul) and davened my Mincha and Maariv quota nicely",,,
38702,"???? ?????","????? ???? ????? ????",72,"????? ???? I ate and drank something in the Sukkah on Shmini Atzeres",,,
41472,"???? ?????","????? ???? ????? ????",54,"????? ???? I ate or drank something in the sukkah Shmini atzeres",,,
59319,"???? ?????","????? ???? ????? ????",36,"????? ???? I danced with the torah's",,,
38715,"???? ?????","????? ???? ????? ????",18,"????? ???? I davened Mussof & mincha",,,
38711,"???? ?????","????? ???? ????? ????",72,"????? ???? I davened my Maariv quota nicely",,,
39338,"???? ?????","????? ???? ????? ????",18,"????? ???? I Followed Krias HaTorah inside",,,
38718,"???? ?????","????? ???? ????? ????",90,"????? ???? I heard Birchas Kohanim",,,
40030,"???? ?????","????? ???? ????? ????",18,"????? ???? I heard Krias Hatorah",,,
38706,"???? ?????","????? ???? ????? ????",126,"????? ???? I helped prepare, serve or cleanup after the meal",,,
38713,"???? ?????","????? ???? ????? ????",18,"????? ???? I listened to (part of) Krias HaTorah",,,
38169,"???? ?????","????? ???? ????? ????",36,"????? ???? I listened to Krias HaTorah",,,
59321,"???? ?????","????? ???? ????? ????",18,"????? ???? I listened to part of the reading of the torah",,,
59442,"???? ?????","????? ???? ????? ????",18,"????? ???? I listened to the reading of the torah",,,
40025,"???? ?????","????? ???? ????? ????",18,"????? ???? I said “Ata Horeisa” danced at hakafos",,,
59325,"???? ?????","????? ???? ????? ????",18,"????? ???? I said a D’var Torah (answered questions or explained my sukkot project) during the holiday meal",,,
59444,"???? ?????","????? ???? ????? ????",18,"????? ???? I said a D’var Torah during the holiday meal",,,
38719,"???? ?????","????? ???? ????? ????",90,"????? ???? I said a D’var Torah during the meal",,,
38710,"???? ?????","????? ???? ????? ????",105,"????? ???? I started saying “Mashiv Horuach Umorid HaGeshem”",,,
38176,"???? ?????","????? ???? ????? ????",36,"????? ???? I went to Hakafos and said “Ata Horeisa”",,,
38708,"???? ?????","????? ???? ????? ????",18,"????? ???? I went to Hakafos and said (some of the) “Ata Horeisa”",,,
59311,"???? ?????","????? ???? ????? ????",18,"????? ???? I went to shul (and said some of my morning prayers)",,,
39333,"???? ?????","????? ???? ????? ????",18,"????? ???? I went to shul and davened my mincha & maariv quota nicely",,,
59430,"???? ?????","????? ???? ????? ????",18,"????? ???? I went to shul and davened my Shacharis (morning prayers) and mussof quota nicely",,,
41455,"???? ?????","????? ???? ????? ????",18,"????? ???? I went to shul and davened my Shacharis and mussof quota nicely",,,
40020,"???? ?????","????? ???? ????? ????",18,"????? ???? I went to shul and davened my Shacharis and mussof quota nicely",,,
38166,"???? ?????","????? ???? ????? ????",36,"????? ???? I went to shul and davened my Shacharis and Mussof quotas nicely",,,
38703,"???? ?????","????? ???? ????? ????",18,"????? ???? I went to shul and davened my Shacharis quota",,,
39341,"???? ?????","????? ???? ????? ????",36,"????? ???? I went under a tallis and heard Birchas Kohanim",,,
828914,"??????","?""? ????? Banner",47,"Bring your poster to your Lag B'omer Parade/program",,,
829064,"??????","?""? ????? Banner",10,"Encourage your family and friends to join a Lag B'omer parade",,,
20468,"??????","???? ????",72,"How many people did you help hear the shofar?",,,
37937,"??????","???? ????",54,"How many people did you shake Lulov and Esrog with?",,,
102968,"??????","Chanukah Mivtzoim",18,"I assisted another Jew a second time",,,
102958,"??????","Chanukah Mivtzoim",18,"I assisted another Jew with the menorah lighting",,,
106604,"??????","Hey Teves mivtzoim",36,"I bought a new sefer in honor of Hey Teves (Do this during the week of Hey Teves)",,,
139563,"??????","Cheder Tzivos Hashem",36,"I did the I SHPY Hachyol page 11",,,
102970,"??????","Chanukah Mivtzoim",18,"I gave in pictures of me assisting another Jew",,,
102787,"??????","Chanukah Mivtzoim",72,"I gave in pictures of me on Mivtzoim",,,
780460,"??????","???? ???",36,"I gave money for Mo'os Chitim",,,
810697,"??????","???? ???",36,"I gave Shmura Matza to someone who would not have had",,,
832192,"??????","Letter in the Torah",46,"I got someone ( who didn't have one) to buy a letter in the Torah",,,
139554,"??????","Cheder Tzivos Hashem",36,"I have my own Siddur, Chumash, Tanya and pushka in my room",,,
386080,"??????","Purim Mivtzoim",36,"I helped prepare Shalach Manos to give out on Mivtzoim",,,
139556,"??????","Cheder Tzivos Hashem",36,"I hung up my Cheder Tzivos Hashem sign on teh door to my room",,,
832187,"??????","?????",46,"I Invited someone to come hear the Aseres Hadibros who would not have come",,,
832189,"??????","?????",46,"I made invitations inviting people to come hear the Aseres Hadibros and gave them out",,,
832188,"??????","?????",46,"I made sure everyone in my family will hear the Aseres Hadibros",,,
832191,"??????","Letter in the Torah",46,"I made sure I have a letter in the Sefer Torah",,,
106606,"??????","Hey Teves mivtzoim",36,"I put the sefer in my room",,,
832190,"??????","?????",46,"I read ""My party"" in the Hachayol pages 6",,,
386079,"??????","Purim Mivtzoim",36,"I read Hachoyol pages 12-13",,,
810698,"??????","???? ???",36,"I read or listened to HaChayol pages 13&14 about Mivzta Matzah",,,
832193,"??????","Letter in the Torah",46,"I read page 4 in the Hachayol magazine",,,
139562,"??????","Cheder Tzivos Hashem",36,"I read the Farbi phone on page 10",,,
828916,"??????","?""? ????? Banner",37,"I told my family and friends how much it means to the Rebbe to attend a Lag B'omer parade and encouraged them to join",,,
37938,"??????","???? ????",54,"I went on Mivtza Lulov a second time. How many people did you shake Lulov and Esrog with?",,,
102778,"??????","Chanukah Mivtzoim",36,"I went on Mivtzoim",,,
386076,"??????","Purim Mivtzoim",36,"I went on Mivtzoim (see Below for options you can choose from)",,,
102785,"??????","Chanukah Mivtzoim",36,"I went on Mivtzoim a second time",,,
139561,"??????","Cheder Tzivos Hashem",36,"I will invite a friend over and use what I put in my room",,,
139560,"??????","Cheder Tzivos Hashem",36,"I will ??? ??? give Tzedaka in my pushka every week day",,,
139558,"??????","Cheder Tzivos Hashem",36,"I will ??? ??? learn from my Chumash every day",,,
139559,"??????","Cheder Tzivos Hashem",36,"I will ??? ??? review Tanya Baal Peh from my Tanya every day",,,
139557,"??????","Cheder Tzivos Hashem",36,"I will ??? ??? say Krias Shema from my siddur every night",,,
102786,"??????","Chanukah Mivtzoim",72,"I wrote a report about my Mivtzoim",,,
102969,"??????","Chanukah Mivtzoim",18,"I wrote a report about what I did",,,
106605,"??????","Hey Teves mivtzoim",36,"I wrote ??""? in the sefer",,,
828915,"??????","?""? ????? Banner",47,"Take a picture of your banner and give it in to your school",,,
829061,"??????","?""? ????? Banner",10,"Using a piece of oak tag, make your own poster",,,
828913,"??????","?""? ????? Banner",37,"Using a piece of oak tag, make your own poster showing what the world will look when Moshiach comes",,,
22158,"??????","???? ??'?",72,"?' ?????? All girls (over 3) in my family lit candles and gave tzedakah using their OWN candlesticks and pushkas.",,,
22159,"??????","???? ??'?",72,"?' ?????? I encouraged a friend to light candles and give tzedakah using using her OWN Candlestick and pushka.",,,
22160,"??????","???? ??'?",27,"?' ?????? I lit 3 minutes before the Zman",,,
22161,"??????","???? ??'?",27,"?' ?????? I was dressed in Yom Tov clothes",,,
22139,"??????","???? ??'?",72,"?' ??""? All girls (over 3) in my family lit candles and gave tzedakah using their OWN candlesticks and pushkas.",,,
22140,"??????","???? ??'?",72,"?' ??""? I encouraged a friend to light candles and give tzedakah using using her OWN Candlestick and pushka.",,,
22141,"??????","???? ??'?",27,"?' ??""? I lit 3 minutes before the Zman",,,
22142,"??????","???? ??'?",27,"?' ??""? I was dressed in Yom Tov clothes",,,
22162,"??????","???? ??'?",72,"?' ?????? All girls (over 3) in my family lit candles and gave tzedakah using their OWN candlesticks and pushkas.",,,
22163,"??????","???? ??'?",72,"?' ?????? I encouraged a friend to light candles and give tzedakah using using her OWN Candlestick and pushka.",,,
22164,"??????","???? ??'?",27,"?' ?????? I lit 3 minutes before the Zman",,,
22165,"??????","???? ??'?",27,"?' ?????? I was dressed in Yom Tov clothes",,,
22143,"??????","???? ??'?",72,"?' ??""? All girls (over 3) in my family lit candles and gave tzedakah using their OWN candlesticks and pushkas.",,,
22144,"??????","???? ??'?",72,"?' ??""? I encouraged a friend to light candles and give tzedakah using using her OWN Candlestick and pushka.",,,
22145,"??????","???? ??'?",27,"?' ??""? I lit 3 minutes before the Zman",,,
22146,"??????","???? ??'?",27,"?' ??""? I was dressed in Yom Tov clothes",,,
22151,"??????","???? ??'?",72,"??? ????? All girls (over 3) in my family lit candles and gave tzedakah using their OWN candlesticks and pushkas.",,,
22152,"??????","???? ??'?",72,"??? ????? I encouraged a friend to light candles and give tzedakah using using her OWN Candlestick and pushka.",,,
22153,"??????","???? ??'?",27,"??? ????? I lit 3 minutes before the Zman",,,
22154,"??????","???? ??'?",27,"??? ????? I was dressed in Yom Tov clothes",,,
139555,"??????","Cheder Tzivos Hashem",36,"??""? and my Jewish name are written in all the above seforim and on my Pushka",,,
389670,"??????","???? ??????",45,"???? ???? I said horachmon in benching every time i benched",,,
389669,"??????","???? ??????",45,"???? ???? I said my quota of the Rebbe's kapital every day of the week",,,
389668,"??????","???? ??????",45,"???? ???? I sang one of the Rebbe's niggunim at our shabbos table (assader lesudosa or ata bechartanu)",,,
389665,"??????","???? ??????",45,"???? ???? I shared (or heard) something from the Rebbe’s Torah at our shabbos table",,,
389667,"??????","???? ??????",45,"???? ???? I watched a video of the Rebbe",,,
389653,"??????","???? ??????",45,"???? ???? I shared (or heard) something from the Rebbe’s Torah at our shabbos table",,,
389658,"??????","???? ??????",45,"???? ???? I said horachmon in benching every time i benched",,,
389657,"??????","???? ??????",45,"???? ???? I said my quota of the Rebbe's kapital every day of the week",,,
389656,"??????","???? ??????",46,"???? ???? I sang one of the Rebbe's niggunim at our shabbos table (assader lesudosa or ata bechartanu)",,,
389654,"??????","???? ??????",45,"???? ???? I shared (or heard) a story about the Rebbe at our shabbos table",,,
389655,"??????","???? ??????",45,"???? ???? I watched a video of the Rebbe",,,
389666,"??????","???? ??????",45,"???? ???? I told over (or heard) a story about the Rebbe at our shabbos table",,,
389659,"??????","???? ??????",46,"???? ????? I shared (or heard) something from the Rebbe’s Torah at our shabbos table",,,
389660,"??????","???? ??????",46,"???? ????? I told over (or heard) a story about the Rebbe at our shabbos table",,,
389664,"??????","???? ??????",46,"???? ????? I said horachmon in benching every time i benched",,,
389663,"??????","???? ??????",45,"???? ????? I said my quota of the Rebbe's kapital every day of the week",,,
389662,"??????","???? ??????",46,"???? ????? I sang one of the Rebbe's niggunim at our shabbos table (assader lesudosa or ata bechartanu)",,,
389661,"??????","???? ??????",46,"???? ????? I watched a video of the Rebbe",,,
389651,"??????","???? ??????",90,"???? ?????? I said my quota of the Rebbe's kapital every day of the week",,,
22147,"??????","???? ??'?",72,"??? ???? All girls (over 3) in my family lit candles and gave tzedakah using their OWN candlesticks and pushkas.",,,
22148,"??????","???? ??'?",72,"??? ???? I encouraged a friend to light candles and give tzedakah using using her OWN Candlestick and pushka.",,,
22149,"??????","???? ??'?",27,"??? ???? I lit 3 minutes before the Zman",,,
22150,"??????","???? ??'?",27,"??? ???? I was dressed in Yom Tov clothes",,,
22170,"??????","???? ??'?",72,"???""? All girls (over 3) in my family lit candles and gave tzedakah using their OWN candlesticks and pushkas.",,,
22171,"??????","???? ??'?",72,"???""? I encouraged a friend to light candles and give tzedakah using using her OWN Candlestick and pushka.",,,
22172,"??????","???? ??'?",27,"???""? I lit 3 minutes before the Zman",,,
22173,"??????","???? ??'?",27,"???""? I was dressed in Yom Tov clothes",,,
22168,"??????","???? ??'?",27,"????? ???? I lit 3 minutes before the Zman",,,
22169,"??????","???? ??'?",27,"????? ???? I was dressed in Yom Tov clothes",,,
22166,"??????","???? ??'?",72,"????? ???? All girls (over 3) in my family lit candles and gave tzedakah using their OWN candlesticks and pushkas.",,,
22167,"??????","???? ??'?",72,"????? ???? I encouraged a friend to light candles and give tzedakah using using her OWN Candlestick and pushka.",,,
33551,"???????","??? ????",51,"????? ?' ????",,,
33552,"???????","??? ????",33,"????? ?' ???? Bonus",,,
33553,"???????","??? ????",51,"????? ?' ????",,,
33554,"???????","??? ????",33,"????? ?' ???? Bonus",,,
37434,"???????","???? ???????",71,"????? ?' ????",,,
73307,"???????","???? ???????",53,"????? ?' ???? Bonus",,,
37435,"???????","???? ???????",72,"????? ?""? ????",,,
73309,"???????","???? ???????",54,"????? ?""? ???? Bonus",,,
37436,"???????","???? ???????",72,"????? ?""? ????",,,
73311,"???????","???? ???????",54,"????? ?""? ???? Bonus",,,
37438,"???????","???? ???????",72,"????? ?""? ????",,,
73315,"???????","???? ???????",54,"????? ?""? ???? Bonus",,,
37437,"???????","???? ???????",72,"????? ?""? ????",,,
73313,"???????","???? ???????",54,"????? ?""? ???? Bonus",,,
33354,"???????","??? ????",84,"???? ???????",,,
20398,"??? ?????? ??????","?????? ??? ??????",1011,"?????? ??? ??????",,,
45083,"??? ?????? ??????","??? ????? ??????",983,"??? ????? ??????",,,
54811,"??? ?????? ??????","??? ???? ??????",1011,"??? ???? ??????",,,
137975,"???? ??? ??","Parshas Shmos",1,"Wednsday",,,
